start_time,end_time,activity,bvp_mean,bvp_median,bvp_std,bvp_meancross,fft_{column}_second_max,fft_{column}_dc_component,fft_{column}_dominant_freq
2024-01-01 00:00:00.000000,2024-01-01 00:00:04.000000,0,0.3761867704280149,6.2,134.86961661034422,0.03125,11970.040542417866,96.68000000000036,0.622568093385214
2024-01-01 00:00:03.000000,2024-01-01 00:00:07.000000,0,-3.1970038910505827,-1.06,9.17218689695326,0.046875,750.0229897502778,821.6299999999999,0.0
2024-01-01 00:00:06.000000,2024-01-01 00:00:10.000000,0,4.14821011673152,15.8,95.78132716507196,0.01953125,8215.441105899374,1066.0899999999992,0.4980544747081712
2024-01-01 00:00:09.000000,2024-01-01 00:00:13.000000,0,5.302256809338522,2.38,30.091056725992793,0.02734375,2974.031132611055,1362.6799999999998,0.2490272373540856
2024-01-01 00:00:12.000000,2024-01-01 00:00:16.000000,0,-1.3016342412451365,2.34,10.23857395038845,0.0390625,1158.7760022362277,334.52,0.4980544747081712
2024-01-01 00:00:15.000000,2024-01-01 00:00:19.000000,0,0.2714007782101167,2.01,5.602383733635678,0.04296875,600.717357812381,69.74999999999999,0.4980544747081712
2024-01-01 00:00:18.000000,2024-01-01 00:00:22.000000,0,0.30661478599221786,1.45,6.1189413768794,0.046875,619.140244640551,78.79999999999995,0.4980544747081712
2024-01-01 00:00:21.000000,2024-01-01 00:00:25.000000,0,0.24498054474708172,1.63,6.062152188767307,0.04296875,849.7883876702019,62.960000000000015,0.4980544747081712
2024-01-01 00:00:24.000000,2024-01-01 00:00:28.000000,0,0.0959922178988327,1.77,5.218923040538555,0.05078125,664.2912836811622,24.669999999999973,-0.4980544747081712
2024-01-01 00:00:27.000000,2024-01-01 00:00:31.000000,0,-1.8312062256809336,0.52,8.87759942699664,0.0390625,787.2064249505349,470.6199999999999,-0.2490272373540856
2024-01-01 00:00:30.000000,2024-01-01 00:00:34.000000,0,-0.0015175097276266271,-0.0,20.92587433845463,0.03515625,2169.654123997996,0.3899999999999215,-0.4980544747081712
2024-01-01 00:00:33.000000,2024-01-01 00:00:37.000000,0,0.37859922178988326,0.32,5.090533760584997,0.078125,465.062144886096,97.30000000000001,-0.622568093385214
2024-01-01 00:00:36.000000,2024-01-01 00:00:40.000000,0,-0.6649416342412451,-0.37,3.424170533755056,0.046875,400.6189304758583,170.89,-0.622568093385214
2024-01-01 00:00:39.000000,2024-01-01 00:00:43.000000,0,-0.3799221789883268,-0.11,4.246029026504673,0.04296875,469.1759920713667,97.64,0.622568093385214
2024-01-01 00:00:42.000000,2024-01-01 00:00:46.000000,0,0.3699999999999999,1.1,6.170619904029094,0.0390625,772.9079485157479,95.09,0.4980544747081712
2024-01-01 00:00:45.000000,2024-01-01 00:00:49.000000,0,0.08474708171206226,1.45,6.800574369285934,0.05078125,833.3116556971753,21.780000000000015,0.622568093385214
2024-01-01 00:00:48.000000,2024-01-01 00:00:52.000000,0,0.7877821011673153,2.93,6.514562484049455,0.046875,784.9976160464313,202.45999999999995,-0.622568093385214
2024-01-01 00:00:51.000000,2024-01-01 00:00:55.000000,0,0.03116731517509735,1.62,6.795244790075817,0.03125,718.0375807592685,8.010000000000023,0.4980544747081712
2024-01-01 00:00:54.000000,2024-01-01 00:00:58.000000,0,0.5320622568093386,1.37,5.82270180220136,0.05859375,476.72393496691564,136.74,0.622568093385214
2024-01-01 00:00:57.000000,2024-01-01 00:01:01.000000,0,0.5675875486381323,1.21,4.98393963783615,0.05859375,533.1189540117005,145.87,0.4980544747081712
2024-01-01 00:01:00.000000,2024-01-01 00:01:04.000000,0,-1.2958365758754864,0.07,7.329232737474177,0.0546875,762.9757202265864,333.03,0.4980544747081712
2024-01-01 00:01:03.000000,2024-01-01 00:01:07.000000,0,-0.2303891050583658,-0.68,7.561354758606811,0.04296875,862.8719707148405,59.20999999999995,0.4980544747081712
2024-01-01 00:01:06.000000,2024-01-01 00:01:10.000000,0,-0.9646303501945525,-1.11,4.087605689518195,0.05078125,340.0834468908064,247.91,0.4980544747081712
2024-01-01 00:01:09.000000,2024-01-01 00:01:13.000000,0,-0.08856031128404676,0.57,5.976942926557429,0.03515625,893.9917023287059,22.76000000000003,0.4980544747081712
2024-01-01 00:01:12.000000,2024-01-01 00:01:16.000000,0,0.5378210116731518,1.7,5.464152989230174,0.046875,694.1185203028533,138.21999999999997,-0.4980544747081712
2024-01-01 00:01:15.000000,2024-01-01 00:01:19.000000,0,0.17630350194552533,0.88,6.241391004668089,0.046875,798.2195612919842,45.30999999999999,0.4980544747081712
2024-01-01 00:01:18.000000,2024-01-01 00:01:22.000000,0,0.19392996108949423,0.52,7.202310103237736,0.0390625,1019.3528511972316,49.84,-0.4980544747081712
2024-01-01 00:01:21.000000,2024-01-01 00:01:25.000000,0,0.7717898832684826,2.81,8.200643785859343,0.03125,1358.16888162537,198.35,0.4980544747081712
2024-01-01 00:01:24.000000,2024-01-01 00:01:28.000000,0,-0.07466926070038907,1.79,8.515273042471419,0.0390625,1281.8475864256518,19.19000000000003,-0.4980544747081712
2024-01-01 00:01:27.000000,2024-01-01 00:01:31.000000,0,-0.27062256809338514,1.96,7.849561318452447,0.0390625,1141.9898220414912,69.55000000000001,-0.4980544747081712
2024-01-01 00:01:30.000000,2024-01-01 00:01:34.000000,0,0.9019066147859923,3.14,8.872151824176882,0.03515625,1159.2111308736214,231.78999999999994,0.4980544747081712
2024-01-01 00:01:33.000000,2024-01-01 00:01:37.000000,0,-0.3211284046692607,0.9,8.294117967713873,0.03125,1223.6057156802096,82.52999999999993,-0.4980544747081712
2024-01-01 00:01:36.000000,2024-01-01 00:01:40.000000,0,-0.9591050583657588,-0.31,5.976531019251543,0.046875,793.2185779904652,246.48999999999995,0.4980544747081712
2024-01-01 00:01:39.000000,2024-01-01 00:01:43.000000,0,-0.4412840466926071,-0.12,7.3362247284729865,0.0390625,1067.4103381857701,113.41000000000004,-0.4980544747081712
2024-01-01 00:01:42.000000,2024-01-01 00:01:46.000000,0,0.6586381322957199,2.46,6.459324601686041,0.046875,912.6080330311655,169.27,0.4980544747081712
2024-01-01 00:01:45.000000,2024-01-01 00:01:49.000000,0,-0.11848249027237358,1.52,6.5846529391300335,0.02734375,996.3084089628412,30.44999999999996,0.4980544747081712
2024-01-01 00:01:48.000000,2024-01-01 00:01:52.000000,0,0.063657587548638,1.84,5.992725656038805,0.03125,950.7909278290496,16.359999999999978,0.4980544747081712
2024-01-01 00:01:51.000000,2024-01-01 00:01:55.000000,0,0.4196108949416342,2.32,6.1408110853132305,0.0390625,983.6960248004183,107.84,0.4980544747081712
2024-01-01 00:01:54.000000,2024-01-01 00:01:58.000000,0,0.6991439688715952,2.17,5.773410905443873,0.02734375,762.6627560282992,179.67999999999998,0.4980544747081712
2024-01-01 00:01:57.000000,2024-01-01 00:02:01.000000,0,-0.43560311284046727,2.13,22.102371967901774,0.0390625,2702.2364044777173,111.95000000000007,0.4980544747081712
2024-01-01 00:02:00.000000,2024-01-01 00:02:04.000000,0,-2.5311673151750975,1.66,19.6515013391357,0.03125,2272.0457034210363,650.5099999999998,0.4980544747081712
2024-01-01 00:02:03.000000,2024-01-01 00:02:07.000000,0,0.7050194552529183,2.96,7.482800441079946,0.03125,1122.483245230998,181.19,-0.4980544747081712
2024-01-01 00:02:06.000000,2024-01-01 00:02:10.000000,0,0.31260700389105067,2.16,6.961825021508871,0.03125,1091.9503040930815,80.34000000000002,-0.4980544747081712
2024-01-01 00:02:09.000000,2024-01-01 00:02:13.000000,0,-1.1687548638132297,-1.45,7.268962647780614,0.04296875,800.0946048525863,300.3699999999999,0.4980544747081712
2024-01-01 00:02:12.000000,2024-01-01 00:02:16.000000,0,-0.21163424124513636,0.49,5.996124631799521,0.04296875,573.1496896016603,54.38999999999998,0.622568093385214
2024-01-01 00:02:15.000000,2024-01-01 00:02:19.000000,0,0.6370428015564202,1.52,4.245385340527656,0.03125,392.58843360214655,163.71999999999997,0.622568093385214
2024-01-01 00:02:18.000000,2024-01-01 00:02:22.000000,0,-2.4601945525291833,-0.57,35.02005159382088,0.046875,2045.2198401768005,632.2699999999996,-0.4980544747081712
2024-01-01 00:02:21.000000,2024-01-01 00:02:25.000000,0,-1.0988715953307386,-7.17,73.84072880438247,0.05078125,7033.306343539989,282.40999999999974,0.9961089494163424
2024-01-01 00:02:24.000000,2024-01-01 00:02:28.000000,0,-2.509805447470817,-0.44,14.027440614608796,0.04296875,1706.037959633705,645.0199999999999,0.622568093385214
2024-01-01 00:02:27.000000,2024-01-01 00:02:31.000000,0,-6.757937743190661,-3.92,47.93925400991717,0.04296875,3751.326658123139,1736.7899999999997,0.7470817120622568
2024-01-01 00:02:30.000000,2024-01-01 00:02:34.000000,0,8.00852140077821,11.95,18.073510316176943,0.03515625,2171.8766241276976,2058.19,0.4980544747081712
2024-01-01 00:02:33.000000,2024-01-01 00:02:37.000000,0,3.0342023346303497,4.87,11.87124490981889,0.03515625,1220.8821291864688,779.79,0.4980544747081712
2024-01-01 00:02:36.000000,2024-01-01 00:02:40.000000,0,-0.9723346303501945,0.75,7.877781205117982,0.03125,1147.7604617644809,249.88999999999996,0.4980544747081712
2024-01-01 00:02:39.000000,2024-01-01 00:02:43.000000,0,-1.2654085603112841,1.12,6.693189863964916,0.0390625,885.5389824624491,325.21,0.4980544747081712
2024-01-01 00:02:42.000000,2024-01-01 00:02:46.000000,0,-0.6349416342412452,0.29,4.947284302446786,0.05859375,589.8808608272383,163.18,0.622568093385214
2024-01-01 00:02:45.000000,2024-01-01 00:02:49.000000,0,-0.22330739299610894,0.22,4.261106759434301,0.04296875,493.36434259777286,57.390000000000015,0.622568093385214
2024-01-01 00:02:48.000000,2024-01-01 00:02:52.000000,0,-0.9229571984435795,-2.21,44.722193934145466,0.04296875,4042.355601809534,237.19999999999976,0.622568093385214
2024-01-01 00:02:51.000000,2024-01-01 00:02:55.000000,0,-1.37,0.77,7.153615126284053,0.03515625,697.8033729123486,352.09,0.622568093385214
2024-01-01 00:02:54.000000,2024-01-01 00:02:58.000000,0,0.4552529182879377,0.7,3.269663835310706,0.05859375,369.10380335772265,116.99999999999997,-0.622568093385214
2024-01-01 00:02:57.000000,2024-01-01 00:03:01.000000,0,-3.413657587548638,0.37,39.66805413177014,0.0390625,3305.077072651819,877.31,0.622568093385214
2024-01-01 00:03:00.000000,2024-01-01 00:03:04.000000,0,2.970700389105058,6.28,15.934966915600707,0.0546875,1225.4338797248954,763.47,0.4980544747081712
2024-01-01 00:03:03.000000,2024-01-01 00:03:07.000000,0,2.7892996108949415,3.69,6.674970059018163,0.04296875,679.6093747538472,716.85,0.0
2024-01-01 00:03:06.000000,2024-01-01 00:03:10.000000,0,-0.691828793774319,0.39,5.695164423818151,0.046875,780.9271643818754,177.79999999999995,0.622568093385214
2024-01-01 00:03:09.000000,2024-01-01 00:03:13.000000,0,-0.00793774319066142,1.47,6.463552261710196,0.0546875,896.0438136574084,2.0400000000000107,0.622568093385214
2024-01-01 00:03:12.000000,2024-01-01 00:03:16.000000,0,-0.4645914396887159,0.07,6.353388976962035,0.0625,557.6720475068797,119.40000000000002,0.4980544747081712
2024-01-01 00:03:15.000000,2024-01-01 00:03:19.000000,0,-2.573579766536966,-5.27,28.55542885026793,0.05078125,3414.142996398171,661.4100000000001,0.7470817120622568
2024-01-01 00:03:18.000000,2024-01-01 00:03:22.000000,0,-0.6266926070038912,-9.47,73.68842613096744,0.0390625,7497.9090088092435,161.0600000000005,-0.3735408560311284
2024-01-01 00:03:21.000000,2024-01-01 00:03:25.000000,1,-1.2870038910505834,-1.4,22.566823788697892,0.05078125,1988.2590352290931,330.75999999999976,0.3735408560311284
2024-01-01 00:03:24.000000,2024-01-01 00:03:28.000000,1,1.6615953307392997,0.95,17.935797964318535,0.046875,1617.4479555580278,427.02999999999986,-0.4980544747081712
2024-01-01 00:03:27.000000,2024-01-01 00:03:31.000000,1,-0.6766536964980543,-0.09,9.32930943530986,0.05078125,870.3419418276857,173.90000000000006,0.7470817120622568
2024-01-01 00:03:30.000000,2024-01-01 00:03:34.000000,1,0.6824124513618679,1.6,7.025132033979454,0.0390625,808.5639451200291,175.38000000000002,-0.622568093385214
2024-01-01 00:03:33.000000,2024-01-01 00:03:37.000000,1,-0.08859922178988328,0.44,5.393096678176244,0.03515625,470.6918876698081,22.76999999999997,0.622568093385214
2024-01-01 00:03:36.000000,2024-01-01 00:03:40.000000,1,-0.43848249027237357,-0.07,4.803747848429784,0.04296875,430.23385337671874,112.68999999999998,0.3735408560311284
2024-01-01 00:03:39.000000,2024-01-01 00:03:43.000000,1,0.24933852140077825,0.17,5.60888350477275,0.04296875,577.9282445585932,64.07999999999994,-0.3735408560311284
2024-01-01 00:03:42.000000,2024-01-01 00:03:46.000000,1,0.3404669260700389,-0.16,5.931030799416608,0.046875,548.0679773715532,87.5,-0.2490272373540856
2024-01-01 00:03:45.000000,2024-01-01 00:03:49.000000,1,0.4633073929961088,1.1,7.650118996397813,0.03515625,852.6530570249344,119.07000000000001,0.4980544747081712
2024-01-01 00:03:48.000000,2024-01-01 00:03:52.000000,1,-0.9780933852140078,-2.31,7.667763579019972,0.04296875,574.7310687034544,251.3699999999999,0.622568093385214
2024-01-01 00:03:51.000000,2024-01-01 00:03:55.000000,1,-0.32124513618677053,-2.31,8.818895994883922,0.046875,792.8994549072402,82.56,-0.622568093385214
2024-01-01 00:03:54.000000,2024-01-01 00:03:58.000000,1,0.24260700389105022,-6.74,29.69000198360311,0.0234375,2347.2786933723837,62.35000000000004,0.3735408560311284
2024-01-01 00:03:57.000000,2024-01-01 00:04:01.000000,1,-6.285525291828794,-3.63,32.64695387745841,0.02734375,2535.3137363657606,1615.3799999999997,0.7470817120622568
2024-01-01 00:04:00.000000,2024-01-01 00:04:04.000000,1,-1.5742023346303502,2.83,21.664961547021054,0.03515625,1781.681110956783,404.57,-0.4980544747081712
2024-01-01 00:04:03.000000,2024-01-01 00:04:07.000000,1,2.1577431906614786,4.72,30.199059270520603,0.04296875,1778.006580010176,554.5399999999998,-0.4980544747081712
2024-01-01 00:04:06.000000,2024-01-01 00:04:10.000000,1,-1.6385992217898824,9.07,58.5821132609938,0.04296875,6241.535896070867,421.1200000000006,-0.2490272373540856
2024-01-01 00:04:09.000000,2024-01-01 00:04:13.000000,1,8.017198443579767,6.29,35.349733787390434,0.03125,4500.224859873239,2060.42,0.4980544747081712
2024-01-01 00:04:12.000000,2024-01-01 00:04:16.000000,1,0.4477431906614785,1.47,9.363032797559045,0.05078125,1136.2018689298363,115.06999999999994,-0.4980544747081712
2024-01-01 00:04:15.000000,2024-01-01 00:04:19.000000,1,-0.9938132295719844,0.09,3.843161470713994,0.05859375,369.88942729000416,255.41,-0.622568093385214
2024-01-01 00:04:18.000000,2024-01-01 00:04:22.000000,1,-1.4919844357976646,-6.85,53.346707339228125,0.046875,4665.093999623076,383.4399999999999,0.4980544747081712
2024-01-01 00:04:21.000000,2024-01-01 00:04:25.000000,1,0.7968482490272374,-0.41,13.800017429093632,0.02734375,1454.823336994657,204.7899999999999,-0.3735408560311284
2024-01-01 00:04:24.000000,2024-01-01 00:04:28.000000,1,0.5538910505836575,0.45,8.0065077312511,0.046875,753.5736809826161,142.35000000000005,-0.4980544747081712
2024-01-01 00:04:27.000000,2024-01-01 00:04:31.000000,1,-2.6790661478599223,-3.53,11.437430972448034,0.046875,711.4565083425229,688.52,-0.1245136186770428
2024-01-01 00:04:30.000000,2024-01-01 00:04:34.000000,1,-0.5996887159533073,-3.39,40.923619945380864,0.02734375,4015.2925412157533,154.12000000000018,0.3735408560311284
2024-01-01 00:04:33.000000,2024-01-01 00:04:37.000000,1,1.3470817120622567,2.48,6.425989622011798,0.0390625,589.4676818889935,346.19999999999993,-0.4980544747081712
2024-01-01 00:04:36.000000,2024-01-01 00:04:40.000000,1,1.061867704280156,2.05,5.322593244068578,0.03515625,619.9033557010986,272.90000000000003,0.4980544747081712
2024-01-01 00:04:39.000000,2024-01-01 00:04:43.000000,1,-0.013852140077820868,-1.24,10.786170776736618,0.0390625,1162.1847832616222,3.559999999999942,-0.3735408560311284
2024-01-01 00:04:42.000000,2024-01-01 00:04:46.000000,1,-0.3861478599221789,-0.79,6.158020458103973,0.0625,651.6691394280584,99.24000000000001,-0.2490272373540856
2024-01-01 00:04:45.000000,2024-01-01 00:04:49.000000,1,-0.27400778210116733,-0.21,2.540844756781531,0.0703125,247.72183587022596,70.41999999999999,-0.622568093385214
2024-01-01 00:04:48.000000,2024-01-01 00:04:52.000000,1,0.23276264591439688,1.2,4.024910974617852,0.0390625,613.8181400366569,59.82000000000002,0.4980544747081712
2024-01-01 00:04:51.000000,2024-01-01 00:04:55.000000,1,0.4939688715953308,1.1,3.1512036091828852,0.0390625,460.3269375116006,126.94999999999999,-0.4980544747081712
2024-01-01 00:04:54.000000,2024-01-01 00:04:58.000000,1,-1.233307392996109,-1.04,3.696326665122644,0.046875,342.0797286544026,316.96,-0.622568093385214
2024-01-01 00:04:57.000000,2024-01-01 00:05:01.000000,1,0.5752529182879376,-1.86,8.44260239438579,0.0234375,1035.7604625623128,147.84000000000006,-0.2490272373540856
2024-01-01 00:05:00.000000,2024-01-01 00:05:04.000000,1,0.2978988326848247,-1.02,7.822708047271749,0.03125,640.7409966679163,76.55999999999996,0.3735408560311284
2024-01-01 00:05:03.000000,2024-01-01 00:05:07.000000,1,-1.4100778210116731,-1.6,5.147263683882946,0.0390625,672.1289571000225,362.39000000000004,-0.3735408560311284
2024-01-01 00:05:06.000000,2024-01-01 00:05:10.000000,1,0.4429961089494163,0.04,6.092989309250516,0.03515625,637.3105645092947,113.84999999999997,0.622568093385214
2024-01-01 00:05:09.000000,2024-01-01 00:05:13.000000,1,0.6892607003891051,0.41,5.831920633841484,0.04296875,581.1473807655085,177.14000000000004,0.4980544747081712
2024-01-01 00:05:12.000000,2024-01-01 00:05:16.000000,1,0.22645914396887165,-0.29,4.454979077979865,0.01953125,611.9762397518757,58.19999999999998,0.1245136186770428
2024-01-01 00:05:15.000000,2024-01-01 00:05:19.000000,1,-1.9291828793774324,1.96,16.93663693931238,0.02734375,1706.4312700231787,495.79999999999984,-0.2490272373540856
2024-01-01 00:05:18.000000,2024-01-01 00:05:22.000000,1,-5.1897276264591445,-6.1,33.7413273973461,0.04296875,2652.2635072122152,1333.7599999999998,1.1206225680933852
2024-01-01 00:05:21.000000,2024-01-01 00:05:25.000000,1,1.8210505836575872,3.21,26.631915916365056,0.04296875,2344.396257880251,468.01,0.4980544747081712
2024-01-01 00:05:24.000000,2024-01-01 00:05:28.000000,1,-2.0531906614785993,1.67,40.14120097307955,0.0390625,4244.427643041422,527.6700000000001,0.3735408560311284
2024-01-01 00:05:27.000000,2024-01-01 00:05:31.000000,1,-1.5926459143968872,-0.71,39.47061717677517,0.03515625,3988.366026979204,409.3100000000001,0.4980544747081712
2024-01-01 00:05:30.000000,2024-01-01 00:05:34.000000,1,1.0927237354085602,1.95,10.640200761253801,0.046875,967.2913812986048,280.83,0.622568093385214
2024-01-01 00:05:33.000000,2024-01-01 00:05:37.000000,1,0.4584046692607005,1.39,12.433060709931933,0.0390625,1499.3730607978266,117.81000000000003,-0.622568093385214
2024-01-01 00:05:36.000000,2024-01-01 00:05:40.000000,1,0.8245525291828792,3.93,11.289103978910108,0.0390625,1733.1481299869727,211.90999999999997,0.622568093385214
2024-01-01 00:05:39.000000,2024-01-01 00:05:43.000000,1,1.151089494163424,4.26,10.244439058380195,0.03125,1620.5162552917438,295.8299999999999,-0.4980544747081712
2024-01-01 00:05:42.000000,2024-01-01 00:05:46.000000,1,-0.6269649805447471,1.45,7.20789997174455,0.03125,1129.2630540252114,161.13,0.4980544747081712
2024-01-01 00:05:45.000000,2024-01-01 00:05:49.000000,1,-0.2239688715953307,2.27,8.020981556145557,0.03125,985.4134753146882,57.560000000000045,0.622568093385214
2024-01-01 00:05:48.000000,2024-01-01 00:05:52.000000,1,0.7207003891050583,3.78,8.659538336137727,0.03125,1387.5042155470928,185.22000000000003,-0.4980544747081712
2024-01-01 00:05:51.000000,2024-01-01 00:05:55.000000,1,-0.16521400778210113,2.38,7.74711045256088,0.03125,1259.1879103321517,42.45999999999998,0.4980544747081712
2024-01-01 00:05:54.000000,2024-01-01 00:05:58.000000,1,-0.6105447470817121,2.07,8.457950938441973,0.03125,1305.0442690968898,156.90999999999997,0.4980544747081712
2024-01-01 00:05:57.000000,2024-01-01 00:06:01.000000,1,-0.08474708171206204,1.61,21.49982441866534,0.0390625,2175.888478346464,21.77999999999992,0.3735408560311284
2024-01-01 00:06:00.000000,2024-01-01 00:06:04.000000,1,-2.4694163424124516,-4.55,27.47886447831111,0.04296875,3651.069581441392,634.6399999999999,0.3735408560311284
2024-01-01 00:06:03.000000,2024-01-01 00:06:07.000000,1,0.682178988326848,3.0,39.46367197043014,0.0390625,3630.355548821066,175.32000000000022,0.3735408560311284
2024-01-01 00:06:06.000000,2024-01-01 00:06:10.000000,1,-0.47887159533073925,0.26,6.755021619588207,0.03515625,814.6240401190822,123.06999999999996,0.622568093385214
2024-01-01 00:06:09.000000,2024-01-01 00:06:13.000000,1,-0.278443579766537,0.18,4.955971688840985,0.0546875,627.3664126160545,71.56000000000004,0.4980544747081712
2024-01-01 00:06:12.000000,2024-01-01 00:06:16.000000,1,-0.9980155642023346,0.04,5.712931291137396,0.03515625,614.3048739708701,256.48999999999995,0.622568093385214
2024-01-01 00:06:15.000000,2024-01-01 00:06:19.000000,1,1.1784824902723736,3.62,8.0593677801856,0.03125,1295.2271100478758,302.8699999999999,-0.4980544747081712
2024-01-01 00:06:18.000000,2024-01-01 00:06:22.000000,1,0.8064591439688715,3.54,8.43688823657682,0.03125,1324.4035054716105,207.26000000000002,0.4980544747081712
2024-01-01 00:06:21.000000,2024-01-01 00:06:25.000000,1,-1.3505447470817122,1.99,9.943358517540304,0.03125,1608.4849758198168,347.0899999999999,-0.4980544747081712
2024-01-01 00:06:24.000000,2024-01-01 00:06:28.000000,1,0.5446303501945525,4.72,12.613580477425174,0.03515625,1707.8101038919563,139.96999999999994,0.4980544747081712
2024-01-01 00:06:27.000000,2024-01-01 00:06:31.000000,1,1.3134241245136185,5.46,14.323575816362059,0.03125,2278.0393829596296,337.54999999999995,0.4980544747081712
2024-01-01 00:06:30.000000,2024-01-01 00:06:34.000000,1,-0.05591439688715961,1.87,12.149048704096893,0.03125,1936.1270619044642,14.370000000000093,0.4980544747081712
2024-01-01 00:06:33.000000,2024-01-01 00:06:37.000000,1,-1.0650194552529182,1.03,7.914185450649755,0.03125,1274.983620383963,273.71,0.4980544747081712
2024-01-01 00:06:36.000000,2024-01-01 00:06:40.000000,1,-0.12517509727626458,2.24,7.089392003065385,0.03125,1133.6634843171792,32.170000000000016,-0.4980544747081712
2024-01-01 00:06:39.000000,2024-01-01 00:06:43.000000,1,0.04560311284046694,2.93,6.762208268752914,0.03125,1020.0870733304672,11.719999999999947,0.4980544747081712
2024-01-01 00:06:42.000000,2024-01-01 00:06:46.000000,1,0.24443579766536963,2.58,6.907750838955365,0.03515625,955.147661824079,62.820000000000014,-0.4980544747081712
2024-01-01 00:06:45.000000,2024-01-01 00:06:49.000000,1,0.06692607003891046,2.0,8.05760434494455,0.03125,1227.0635398165723,17.199999999999992,0.4980544747081712
2024-01-01 00:06:48.000000,2024-01-01 00:06:52.000000,1,0.06062256809338516,2.57,9.1667102580285,0.03125,1488.9340793200338,15.580000000000016,0.4980544747081712
2024-01-01 00:06:51.000000,2024-01-01 00:06:55.000000,1,0.09287937743190658,2.8,9.012731027998653,0.03125,1475.5227304101763,23.870000000000005,-0.4980544747081712
2024-01-01 00:06:54.000000,2024-01-01 00:06:58.000000,1,-0.560544747081712,2.25,8.782939055469498,0.03125,1442.1395579205691,144.06,-0.4980544747081712
2024-01-01 00:06:57.000000,2024-01-01 00:07:01.000000,1,-0.4185992217898832,2.9,8.93081775889843,0.03125,1463.8959026288733,107.57999999999998,0.4980544747081712
2024-01-01 00:07:00.000000,2024-01-01 00:07:04.000000,1,-0.5706225680933851,2.9,10.27172334090755,0.03125,1644.6988192677995,146.65,-0.4980544747081712
2024-01-01 00:07:03.000000,2024-01-01 00:07:07.000000,1,0.6259922178988326,4.25,11.963624975182654,0.03125,1953.7525986849469,160.88,0.4980544747081712
2024-01-01 00:07:06.000000,2024-01-01 00:07:10.000000,1,0.825953307392996,3.3,10.291529661768516,0.03125,1643.603982834164,212.27000000000004,-0.4980544747081712
2024-01-01 00:07:09.000000,2024-01-01 00:07:13.000000,1,-0.9670038910505836,1.46,8.79748512382323,0.03125,1370.96678540354,248.51999999999992,0.4980544747081712
2024-01-01 00:07:12.000000,2024-01-01 00:07:16.000000,1,-0.7223346303501944,2.08,9.250116890989007,0.03515625,1300.5334552201684,185.64,0.4980544747081712
2024-01-01 00:07:15.000000,2024-01-01 00:07:19.000000,1,0.3166926070038911,3.37,11.173921873453684,0.03125,1753.1575056656104,81.38999999999994,0.4980544747081712
2024-01-01 00:07:18.000000,2024-01-01 00:07:22.000000,1,0.8921011673151751,5.64,11.874502368745826,0.03125,1894.4657591221896,229.26999999999995,-0.4980544747081712
2024-01-01 00:07:21.000000,2024-01-01 00:07:25.000000,1,0.6385992217898833,5.16,12.188223583603381,0.03125,1912.8939267130604,164.12,0.4980544747081712
2024-01-01 00:07:24.000000,2024-01-01 00:07:28.000000,1,0.576964980544747,5.08,11.587517973402463,0.03125,1694.0184026929333,148.27999999999997,0.4980544747081712
2024-01-01 00:07:27.000000,2024-01-01 00:07:31.000000,1,-0.19112840466926073,2.56,10.411315616306808,0.03125,1477.801826277755,49.11999999999994,0.4980544747081712
2024-01-01 00:07:30.000000,2024-01-01 00:07:34.000000,1,-1.2378988326848248,0.63,8.506913563705124,0.03125,1303.2568494932264,318.14000000000004,-0.4980544747081712
2024-01-01 00:07:33.000000,2024-01-01 00:07:37.000000,1,0.17560311284046687,3.56,9.149153293200975,0.03125,1326.810427333676,45.129999999999946,0.4980544747081712
2024-01-01 00:07:36.000000,2024-01-01 00:07:40.000000,1,0.7358754863813229,4.12,9.729528152905761,0.03125,1339.4073216820063,189.12,-0.4980544747081712
2024-01-01 00:07:39.000000,2024-01-01 00:07:43.000000,1,0.6728404669260701,4.32,9.874090074070427,0.03125,1574.3560804803756,172.92000000000002,0.4980544747081712
2024-01-01 00:07:42.000000,2024-01-01 00:07:46.000000,1,-0.561284046692607,1.97,7.78147807804909,0.03125,1209.7684435410574,144.24999999999994,-0.4980544747081712
2024-01-01 00:07:45.000000,2024-01-01 00:07:49.000000,1,-0.92147859922179,1.2,7.3872283257290965,0.03125,1144.17785086541,236.81999999999996,0.4980544747081712
2024-01-01 00:07:48.000000,2024-01-01 00:07:52.000000,1,0.48206225680933856,2.87,9.754028295843158,0.03515625,1513.1295824450408,123.89000000000004,0.4980544747081712
2024-01-01 00:07:51.000000,2024-01-01 00:07:55.000000,1,0.2883657587548639,3.39,10.149408140383017,0.03125,1576.8622350538176,74.11000000000001,-0.4980544747081712
2024-01-01 00:07:54.000000,2024-01-01 00:07:58.000000,1,-0.5254474708171206,1.55,9.010250320282115,0.03515625,1380.3932039789836,135.04,0.4980544747081712
2024-01-01 00:07:57.000000,2024-01-01 00:08:01.000000,1,-0.19544747081712063,2.41,8.900803021519687,0.0390625,1388.1180939201208,50.22999999999997,0.4980544747081712
2024-01-01 00:08:00.000000,2024-01-01 00:08:04.000000,1,-0.18856031128404666,1.36,8.824917927937058,0.0390625,1387.625295210161,48.45999999999993,0.4980544747081712
2024-01-01 00:08:03.000000,2024-01-01 00:08:07.000000,1,-0.06692607003891043,2.69,8.845586176784401,0.03125,1380.4948196354849,17.199999999999996,0.4980544747081712
2024-01-01 00:08:06.000000,2024-01-01 00:08:10.000000,1,0.08459143968871592,3.16,8.47738185143755,0.03125,1350.3039761861803,21.74000000000002,0.4980544747081712
2024-01-01 00:08:09.000000,2024-01-01 00:08:13.000000,1,-0.4885992217898833,1.86,8.008966677974483,0.0390625,1267.4773839628133,125.56999999999995,0.4980544747081712
2024-01-01 00:08:12.000000,2024-01-01 00:08:16.000000,1,-0.8983657587548639,1.78,8.868664224747878,0.03125,1405.4775931771806,230.87999999999988,0.4980544747081712
2024-01-01 00:08:15.000000,2024-01-01 00:08:19.000000,1,0.7935408560311284,3.83,9.567377040181304,0.03125,1494.6940495025551,203.94,-0.4980544747081712
2024-01-01 00:08:18.000000,2024-01-01 00:08:22.000000,1,0.38280155642023356,3.21,8.495651135397013,0.03125,1233.2755285814378,98.38000000000001,0.4980544747081712
2024-01-01 00:08:21.000000,2024-01-01 00:08:25.000000,1,-0.9099999999999999,1.1,6.4016868504519975,0.03125,989.4771589312645,233.86999999999998,-0.4980544747081712
2024-01-01 00:08:24.000000,2024-01-01 00:08:28.000000,1,-0.976147859922179,0.99,7.475521691238481,0.03125,1068.7152375200696,250.86999999999995,0.4980544747081712
2024-01-01 00:08:27.000000,2024-01-01 00:08:31.000000,1,0.8399221789883268,4.09,8.735250470087864,0.03125,1420.8210559337842,215.86,-0.4980544747081712
2024-01-01 00:08:30.000000,2024-01-01 00:08:34.000000,1,-0.4802334630350195,2.06,7.767836829374193,0.03125,1235.6745015731326,123.41999999999999,-0.4980544747081712
2024-01-01 00:08:33.000000,2024-01-01 00:08:37.000000,1,-0.3022178988326848,2.38,7.095787657729382,0.03515625,881.0934162831225,77.66999999999999,-0.4980544747081712
2024-01-01 00:08:36.000000,2024-01-01 00:08:40.000000,1,0.508249027237354,3.4,7.104143902962073,0.03125,1050.2777993881775,130.61999999999995,-0.4980544747081712
2024-01-01 00:08:39.000000,2024-01-01 00:08:43.000000,1,0.018949416342412498,2.25,7.216172325588375,0.03125,1029.3507755896774,4.870000000000006,0.4980544747081712
2024-01-01 00:08:42.000000,2024-01-01 00:08:46.000000,1,-0.7205836575875486,1.82,8.942059504031388,0.03515625,974.8481027215666,185.18999999999994,-0.4980544747081712
2024-01-01 00:08:45.000000,2024-01-01 00:08:49.000000,1,0.2863813229571983,5.22,11.543411766605216,0.03515625,1445.8397360493643,73.60000000000002,0.622568093385214
2024-01-01 00:08:48.000000,2024-01-01 00:08:52.000000,1,1.4671595330739302,6.04,12.282690791194984,0.03125,1804.0840456830379,377.06000000000006,0.4980544747081712
2024-01-01 00:08:51.000000,2024-01-01 00:08:55.000000,1,-0.09599221789883272,4.04,10.835696463971031,0.03125,1699.4294722272355,24.66999999999998,-0.4980544747081712
2024-01-01 00:08:54.000000,2024-01-01 00:08:58.000000,1,-0.7630350194552529,2.58,9.329265535945211,0.03515625,1292.1353832249972,196.10000000000002,-0.4980544747081712
2024-01-01 00:08:57.000000,2024-01-01 00:09:01.000000,1,0.2931128404669262,3.27,9.980755057728528,0.02734375,1513.674454108045,75.33000000000006,0.4980544747081712
2024-01-01 00:09:00.000000,2024-01-01 00:09:04.000000,1,-0.08011673151750968,2.49,8.3696498994549,0.02734375,1212.7694244947413,20.58999999999993,-0.4980544747081712
2024-01-01 00:09:03.000000,2024-01-01 00:09:07.000000,1,-0.9905447470817119,0.22,6.830938042892895,0.0390625,1062.893069160471,254.57,-0.4980544747081712
2024-01-01 00:09:06.000000,2024-01-01 00:09:10.000000,1,0.33031128404669263,2.57,8.454229011800763,0.03515625,1192.8860154638496,84.89,-0.4980544747081712
2024-01-01 00:09:09.000000,2024-01-01 00:09:13.000000,1,1.1564591439688718,3.84,9.433822602621818,0.03125,1499.631972380608,297.21000000000004,-0.4980544747081712
2024-01-01 00:09:12.000000,2024-01-01 00:09:16.000000,1,-0.4105058365758755,1.62,7.23957872626266,0.04296875,1053.8098897475575,105.50000000000003,0.4980544747081712
2024-01-01 00:09:15.000000,2024-01-01 00:09:19.000000,1,-1.6579766536964982,0.87,8.820938280028821,0.03515625,1222.4913650363214,426.09999999999997,0.4980544747081712
2024-01-01 00:09:18.000000,2024-01-01 00:09:22.000000,1,-0.5185992217898835,1.91,11.079760597826814,0.03515625,1239.03801437207,133.27999999999997,0.4980544747081712
2024-01-01 00:09:21.000000,2024-01-01 00:09:25.000000,1,1.1852529182879377,5.3,12.426407083392553,0.03125,1976.911627891564,304.60999999999996,0.4980544747081712
2024-01-01 00:09:24.000000,2024-01-01 00:09:28.000000,1,0.7285992217898832,4.07,10.698509880126096,0.03125,1682.942083906655,187.24999999999991,0.4980544747081712
2024-01-01 00:09:27.000000,2024-01-01 00:09:31.000000,1,0.2210505836575875,3.13,8.896101853555718,0.03125,1359.345900100225,56.80999999999992,0.4980544747081712
2024-01-01 00:09:30.000000,2024-01-01 00:09:34.000000,1,-0.30848249027237357,2.45,8.007531783658044,0.03125,1236.0318500457904,79.28000000000002,0.4980544747081712
2024-01-01 00:09:33.000000,2024-01-01 00:09:37.000000,1,0.004785992217898889,2.44,7.075729371974879,0.03125,1095.299299729102,1.2299999999999875,0.4980544747081712
2024-01-01 00:09:36.000000,2024-01-01 00:09:40.000000,1,-0.9876653696498054,0.1,5.664637289532326,0.0390625,859.5535477900477,253.83,-0.4980544747081712
2024-01-01 00:09:39.000000,2024-01-01 00:09:43.000000,1,-0.889727626459144,2.21,8.4170081904824,0.03125,1241.0674800754248,228.66000000000003,0.4980544747081712
2024-01-01 00:09:42.000000,2024-01-01 00:09:46.000000,1,1.202023346303502,5.26,11.801904465596973,0.03125,1885.3340898047563,308.91999999999996,0.4980544747081712
2024-01-01 00:09:45.000000,2024-01-01 00:09:49.000000,1,0.7360311284046692,4.17,12.364242412559175,0.03125,1974.2488723056997,189.15999999999997,0.4980544747081712
2024-01-01 00:09:48.000000,2024-01-01 00:09:52.000000,1,0.19661478599221796,4.05,10.966695383577804,0.03125,1687.9577721049582,50.52999999999996,0.4980544747081712
2024-01-01 00:09:51.000000,2024-01-01 00:09:55.000000,1,0.183774319066148,3.82,9.72737917533516,0.03125,1478.7355405684168,47.23000000000002,0.4980544747081712
2024-01-01 00:09:54.000000,2024-01-01 00:09:58.000000,1,-1.0629961089494164,1.37,7.48155909788468,0.02734375,1104.4332937208999,273.19000000000005,0.4980544747081712
2024-01-01 00:09:57.000000,2024-01-01 00:10:01.000000,1,-3.7054085603112843,1.86,17.362222817948247,0.03515625,1773.8807416588452,952.29,0.4980544747081712
2024-01-01 00:10:00.000000,2024-01-01 00:10:04.000000,1,2.130155642023346,5.08,27.03710464009471,0.0390625,2704.684537491457,547.4499999999998,0.4980544747081712
2024-01-01 00:10:03.000000,2024-01-01 00:10:07.000000,1,0.26856031128404684,3.55,10.919455001444664,0.03125,1324.1626210427055,69.02,0.4980544747081712
2024-01-01 00:10:06.000000,2024-01-01 00:10:10.000000,1,0.8379377431906615,0.96,4.8005398487939805,0.0546875,647.9319139532925,215.35000000000002,0.4980544747081712
2024-01-01 00:10:09.000000,2024-01-01 00:10:13.000000,1,-0.47159533073929966,0.25,3.1007286479315006,0.02734375,444.2722535437901,121.20000000000002,-0.4980544747081712
2024-01-01 00:10:12.000000,2024-01-01 00:10:16.000000,1,-1.0270817120622568,1.84,8.71156624105007,0.0234375,923.403142465365,263.9599999999999,0.4980544747081712
2024-01-01 00:10:15.000000,2024-01-01 00:10:19.000000,1,0.20108949416342414,2.48,9.038555327159083,0.03515625,1301.8880729098257,51.679999999999964,0.4980544747081712
2024-01-01 00:10:18.000000,2024-01-01 00:10:22.000000,1,1.4888326848249032,5.42,10.184478204027066,0.03125,1619.3826063634438,382.62999999999994,0.4980544747081712
2024-01-01 00:10:21.000000,2024-01-01 00:10:25.000000,1,-0.15132295719844363,2.59,7.537751900381008,0.03125,1175.2749581292985,38.89000000000003,0.4980544747081712
2024-01-01 00:10:24.000000,2024-01-01 00:10:28.000000,1,-0.3413618677042801,1.58,5.445079352378302,0.03125,838.7866359673352,87.73000000000002,0.4980544747081712
2024-01-01 00:10:27.000000,2024-01-01 00:10:31.000000,1,-0.44836575875486384,1.03,4.483277571997184,0.03125,711.6362194465887,115.23000000000002,0.4980544747081712
2024-01-01 00:10:30.000000,2024-01-01 00:10:34.000000,1,-0.19926070038910504,1.54,4.223937995008459,0.03125,646.275069408849,51.21000000000002,0.4980544747081712
2024-01-01 00:10:33.000000,2024-01-01 00:10:37.000000,1,0.14723735408560307,1.84,4.783342817512584,0.03125,726.7965278479118,37.84,-0.4980544747081712
2024-01-01 00:10:36.000000,2024-01-01 00:10:40.000000,1,0.028988326848249025,1.26,4.6791871026140255,0.03515625,733.1439202376058,7.450000000000001,-0.4980544747081712
2024-01-01 00:10:39.000000,2024-01-01 00:10:43.000000,1,-0.25280155642023344,0.89,4.632140932724583,0.03515625,695.3027138298601,64.96999999999997,-0.4980544747081712
2024-01-01 00:10:42.000000,2024-01-01 00:10:46.000000,1,-0.42396887159533075,0.91,5.0260423171743405,0.03125,745.066838602919,108.95999999999998,0.4980544747081712
2024-01-01 00:10:45.000000,2024-01-01 00:10:49.000000,1,0.048171206225680864,1.58,5.665478604171401,0.03515625,860.3354897383824,12.379999999999999,0.4980544747081712
2024-01-01 00:10:48.000000,2024-01-01 00:10:52.000000,1,0.5258365758754865,1.91,4.769987570876178,0.03125,759.9928601120008,135.14,0.4980544747081712
2024-01-01 00:10:51.000000,2024-01-01 00:10:55.000000,1,0.875019455252918,2.76,32.891950384513166,0.03515625,2951.507288368483,224.87999999999985,0.3735408560311284
2024-01-01 00:10:54.000000,2024-01-01 00:10:58.000000,1,-0.6643190661478604,2.18,25.922868592006246,0.0390625,3096.603614345069,170.73,-0.3735408560311284
2024-01-01 00:10:57.000000,2024-01-01 00:11:01.000000,1,2.2587159533073926,2.66,8.420410535072417,0.046875,820.0760827360041,580.49,0.1245136186770428
2024-01-01 00:11:00.000000,2024-01-01 00:11:04.000000,1,-1.5998832684824902,-0.52,4.254614910094158,0.03125,579.0682139653021,411.16999999999996,0.4980544747081712
2024-01-01 00:11:03.000000,2024-01-01 00:11:07.000000,1,-0.8837354085603113,0.69,6.2358142806066565,0.03515625,809.0673862771216,227.12,0.4980544747081712
2024-01-01 00:11:06.000000,2024-01-01 00:11:10.000000,1,1.165058365758755,4.01,9.787983230432935,0.03125,1319.681809988875,299.41999999999996,0.4980544747081712
2024-01-01 00:11:09.000000,2024-01-01 00:11:13.000000,1,1.130544747081712,4.83,11.86334973308936,0.03125,1852.7001589438119,290.54999999999995,0.4980544747081712
2024-01-01 00:11:12.000000,2024-01-01 00:11:16.000000,1,0.395291828793774,4.87,39.0301182583676,0.0390625,4110.35200162066,101.58999999999995,-0.4980544747081712
2024-01-01 00:11:15.000000,2024-01-01 00:11:19.000000,1,-1.570739299610895,-0.84,17.628840778272288,0.05859375,1243.0408270082994,403.67999999999984,1.1206225680933852
2024-01-01 00:11:18.000000,2024-01-01 00:11:22.000000,1,-0.5133463035019455,0.82,9.220545571359192,0.03515625,1294.9546000349624,131.92999999999998,0.622568093385214
2024-01-01 00:11:21.000000,2024-01-01 00:11:25.000000,1,-0.7293385214007782,1.3,7.533010942353125,0.03515625,1004.3599226726616,187.44,-0.622568093385214
2024-01-01 00:11:24.000000,2024-01-01 00:11:28.000000,1,-0.3135408560311284,2.08,7.1537687504726035,0.03515625,917.1558729409082,80.58,-0.622568093385214
2024-01-01 00:11:27.000000,2024-01-01 00:11:31.000000,1,0.5638910505836576,3.57,9.013835439580296,0.03515625,1346.7707592420163,144.92000000000002,-0.622568093385214
2024-01-01 00:11:30.000000,2024-01-01 00:11:34.000000,1,2.50692607003891,5.65,11.202800966652012,0.03125,1676.0838203990634,644.28,-0.4980544747081712
2024-01-01 00:11:33.000000,2024-01-01 00:11:37.000000,1,-2.0812451361867708,-0.04,22.744352544364283,0.02734375,2931.0560186139273,534.8800000000001,-0.3735408560311284
2024-01-01 00:11:36.000000,2024-01-01 00:11:40.000000,1,-0.05626459143968886,3.43,15.578321226698915,0.03515625,1636.106967051509,14.460000000000026,0.622568093385214
2024-01-01 00:11:39.000000,2024-01-01 00:11:43.000000,1,1.9500000000000002,8.58,19.895910265994367,0.03515625,2834.518586863786,501.15,-0.4980544747081712
2024-01-01 00:11:42.000000,2024-01-01 00:11:46.000000,1,-1.5028404669260702,3.65,19.208404392924116,0.03515625,1859.517265454218,386.2299999999998,0.622568093385214
2024-01-01 00:11:45.000000,2024-01-01 00:11:49.000000,1,4.537431906614786,11.17,21.34529052868886,0.03125,2616.68785564283,1166.12,0.4980544747081712
2024-01-01 00:11:48.000000,2024-01-01 00:11:52.000000,1,-1.6305447470817123,3.86,23.13769326666103,0.0234375,2782.7436641780173,419.0500000000001,0.2490272373540856
2024-01-01 00:11:51.000000,2024-01-01 00:11:55.000000,1,0.12190661478599207,4.28,13.931061400383143,0.0390625,2196.5676419145207,31.33000000000006,0.622568093385214
2024-01-01 00:11:54.000000,2024-01-01 00:11:58.000000,1,1.8529961089494165,5.0,12.465024348307187,0.03515625,1651.9622269000197,476.2199999999999,0.4980544747081712
2024-01-01 00:11:57.000000,2024-01-01 00:12:01.000000,1,-0.7973151750972761,1.51,9.721020644609952,0.04296875,1375.5700201813268,204.91000000000003,0.4980544747081712
2024-01-01 00:12:00.000000,2024-01-01 00:12:04.000000,1,-1.1452529182879376,1.14,11.484032836494709,0.03515625,1217.5375398655328,294.3299999999999,0.622568093385214
2024-01-01 00:12:03.000000,2024-01-01 00:12:07.000000,1,0.249182879377432,3.92,11.56274427586638,0.03125,1798.4158049994167,64.03999999999998,0.4980544747081712
2024-01-01 00:12:06.000000,2024-01-01 00:12:10.000000,1,-0.7454863813229571,2.87,10.064897455894188,0.03515625,1584.926829922596,191.59,0.4980544747081712
2024-01-01 00:12:09.000000,2024-01-01 00:12:13.000000,1,-0.38443579766536967,3.46,13.005069856236396,0.03125,1692.1896824204518,98.80000000000001,0.4980544747081712
2024-01-01 00:12:12.000000,2024-01-01 00:12:16.000000,1,-2.856692607003891,7.4,43.35480201960385,0.0390625,3742.6636921124295,734.1700000000001,0.4980544747081712
2024-01-01 00:12:15.000000,2024-01-01 00:12:19.000000,1,-2.641322957198444,3.64,39.68844168913284,0.0546875,2926.281934586126,678.8199999999996,0.3735408560311284
2024-01-01 00:12:18.000000,2024-01-01 00:12:22.000000,1,0.34225680933852154,4.03,12.623172437502246,0.03125,1351.2508641115412,87.96000000000004,0.4980544747081712
2024-01-01 00:12:21.000000,2024-01-01 00:12:25.000000,1,-0.7462256809338522,2.3,8.22878580210921,0.03515625,1051.7764384403538,191.78000000000003,0.4980544747081712
2024-01-01 00:12:24.000000,2024-01-01 00:12:28.000000,1,-0.8603891050583657,2.33,8.012106357600718,0.03125,1156.0174725638622,221.12000000000006,0.4980544747081712
2024-01-01 00:12:27.000000,2024-01-01 00:12:31.000000,1,0.7987548638132297,3.96,10.265214242458834,0.03125,1356.3424460929596,205.27999999999997,0.4980544747081712
2024-01-01 00:12:30.000000,2024-01-01 00:12:34.000000,1,0.7713618677042803,4.27,11.326553257056906,0.03125,1781.2302252133732,198.2400000000001,0.4980544747081712
2024-01-01 00:12:33.000000,2024-01-01 00:12:37.000000,1,0.17003891050583658,3.74,10.66283313877485,0.03515625,1649.639836793114,43.700000000000045,-0.4980544747081712
2024-01-01 00:12:36.000000,2024-01-01 00:12:40.000000,1,0.41704280155642026,2.84,10.85246399738636,0.03125,1601.9028576507949,107.18000000000005,0.4980544747081712
2024-01-01 00:12:39.000000,2024-01-01 00:12:43.000000,1,-0.6229571984435794,7.64,103.79257733185726,0.05859375,11376.146745981034,160.10000000000025,0.622568093385214
2024-01-01 00:12:42.000000,2024-01-01 00:12:46.000000,1,2.635291828793773,0.63,46.87045262122405,0.0703125,3827.524994212209,677.2699999999998,0.4980544747081712
2024-01-01 00:12:45.000000,2024-01-01 00:12:49.000000,1,4.159649805447471,8.45,17.60695841542513,0.03515625,1969.0440105142152,1069.03,0.4980544747081712
2024-01-01 00:12:48.000000,2024-01-01 00:12:52.000000,1,-0.7686770428015566,1.63,10.803795403373178,0.03125,1617.130725785406,197.55000000000007,0.4980544747081712
2024-01-01 00:12:51.000000,2024-01-01 00:12:55.000000,1,-1.5622957198443579,1.17,10.160805583205898,0.03125,1511.2426866715402,401.51000000000005,-0.4980544747081712
2024-01-01 00:12:54.000000,2024-01-01 00:12:58.000000,1,2.373307392996109,-0.98,50.936024744308384,0.04296875,3828.7592169767563,609.9399999999999,-0.622568093385214
2024-01-01 00:12:57.000000,2024-01-01 00:13:01.000000,1,3.4825680933852134,1.81,49.175679301717665,0.02734375,3515.040709682759,895.02,0.2490272373540856
2024-01-01 00:13:00.000000,2024-01-01 00:13:04.000000,1,1.3757198443579763,1.65,7.031437189682933,0.04296875,922.2248305268281,353.56,-0.4980544747081712
2024-01-01 00:13:03.000000,2024-01-01 00:13:07.000000,1,-0.8659533073929961,0.0,4.012288931091739,0.04296875,430.5354791248052,222.55,-0.622568093385214
2024-01-01 00:13:06.000000,2024-01-01 00:13:10.000000,1,1.91568093385214,0.67,11.608868092203224,0.04296875,1052.2736634397509,492.33,-0.7470817120622568
2024-01-01 00:13:09.000000,2024-01-01 00:13:13.000000,1,-1.725875486381323,-2.03,10.118547525000105,0.0390625,1303.350968128801,443.55,0.622568093385214
2024-01-01 00:13:12.000000,2024-01-01 00:13:16.000000,1,0.9740466926070039,1.85,5.208401413011606,0.046875,679.2502342952521,250.32999999999998,0.4980544747081712
2024-01-01 00:13:15.000000,2024-01-01 00:13:19.000000,1,-0.2935408560311284,1.88,6.354446855174597,0.03125,859.5144675000348,75.44,-0.4980544747081712
2024-01-01 00:13:18.000000,2024-01-01 00:13:22.000000,1,0.5525680933852137,0.22,19.154185543840917,0.04296875,1985.0306184759497,142.01,0.4980544747081712
2024-01-01 00:13:21.000000,2024-01-01 00:13:25.000000,0,-3.69715953307393,1.08,25.87726678072582,0.03125,3389.380683398744,950.1699999999998,0.4980544747081712
2024-01-01 00:13:24.000000,2024-01-01 00:13:28.000000,0,-0.9048249027237357,-4.95,27.849730657999682,0.02734375,2760.8665252090263,232.53999999999985,0.4980544747081712
2024-01-01 00:13:27.000000,2024-01-01 00:13:31.000000,0,-0.5732684824902723,0.94,7.241928873341816,0.02734375,1072.8124854020014,147.32999999999998,-0.4980544747081712
2024-01-01 00:13:30.000000,2024-01-01 00:13:34.000000,0,0.031284046692606975,2.61,7.100482343943865,0.0390625,1084.7951291389836,8.040000000000001,-0.4980544747081712
2024-01-01 00:13:33.000000,2024-01-01 00:13:37.000000,0,-0.7263813229571985,1.01,6.897183056846455,0.03125,1072.5151763551053,186.68,0.4980544747081712
2024-01-01 00:13:36.000000,2024-01-01 00:13:40.000000,0,0.15747081712062266,2.68,9.334985951723317,0.0390625,1487.02366484099,40.46999999999994,0.4980544747081712
2024-01-01 00:13:39.000000,2024-01-01 00:13:43.000000,0,0.4512840466926071,0.56,19.188766578337148,0.04296875,1363.3345430824133,115.97999999999995,-0.2490272373540856
2024-01-01 00:13:42.000000,2024-01-01 00:13:46.000000,0,-2.1960700389105052,0.4,24.211746852859463,0.03515625,2216.500323636903,564.3900000000001,-0.2490272373540856
2024-01-01 00:13:45.000000,2024-01-01 00:13:49.000000,0,0.8154474708171212,8.97,23.078648239967265,0.0390625,2450.159000422143,209.5700000000001,-0.4980544747081712
2024-01-01 00:13:48.000000,2024-01-01 00:13:52.000000,0,-1.2673929961089492,2.81,31.462423951618188,0.0390625,3782.9616765193164,325.7200000000002,0.4980544747081712
2024-01-01 00:13:51.000000,2024-01-01 00:13:55.000000,0,2.8601556420233463,4.41,7.753381569156189,0.03515625,1035.4295885988686,735.06,0.4980544747081712
2024-01-01 00:13:54.000000,2024-01-01 00:13:58.000000,0,1.4119844357976654,2.25,27.909217121651892,0.046875,2646.5236899519136,362.88000000000017,0.3735408560311284
2024-01-01 00:13:57.000000,2024-01-01 00:14:01.000000,0,-4.283929961089493,-2.7,9.28199065452559,0.0390625,803.1507521545282,1100.97,0.0
2024-01-01 00:14:00.000000,2024-01-01 00:14:04.000000,0,-1.9486381322957187,-2.16,25.04396875866416,0.02734375,2838.5755501021235,500.79999999999995,0.3735408560311284
2024-01-01 00:14:03.000000,2024-01-01 00:14:07.000000,0,0.5346692607003892,0.8,11.666401276222262,0.03515625,1227.2457291682597,137.4100000000001,0.1245136186770428
2024-01-01 00:14:06.000000,2024-01-01 00:14:10.000000,0,-0.3812451361867705,0.78,4.384333259582325,0.04296875,540.0311424771282,97.97999999999999,0.4980544747081712
2024-01-01 00:14:09.000000,2024-01-01 00:14:13.000000,0,-0.03264591439688713,0.87,3.542483460164618,0.0390625,485.4973804312343,8.390000000000018,0.4980544747081712
2024-01-01 00:14:12.000000,2024-01-01 00:14:16.000000,0,2.29431906614786,-0.15,18.775789587449424,0.04296875,1699.9820082932902,589.6399999999999,-0.7470817120622568
2024-01-01 00:14:15.000000,2024-01-01 00:14:19.000000,0,-1.4184046692607002,-4.83,43.23369859183173,0.03515625,4435.19986709797,364.5300000000002,0.3735408560311284
2024-01-01 00:14:18.000000,2024-01-01 00:14:22.000000,0,6.182217898832686,3.21,44.613838609251445,0.03515625,3554.2376864568837,1588.8300000000004,-0.2490272373540856
2024-01-01 00:14:21.000000,2024-01-01 00:14:25.000000,0,-2.4294552529182885,-11.25,38.382689484269356,0.03125,3160.6447632663576,624.3700000000001,0.2490272373540856
2024-01-01 00:14:24.000000,2024-01-01 00:14:28.000000,0,1.1166147859922178,1.11,9.703531645034538,0.05078125,887.206190190461,286.9699999999999,0.622568093385214
2024-01-01 00:14:27.000000,2024-01-01 00:14:31.000000,0,-0.9427237354085602,-0.19,4.36005057192987,0.046875,549.9100126598031,242.27999999999997,0.622568093385214
2024-01-01 00:14:30.000000,2024-01-01 00:14:34.000000,0,-0.15556420233463028,1.8,8.24867090221743,0.03125,1037.5664980636423,39.980000000000075,0.4980544747081712
2024-01-01 00:14:33.000000,2024-01-01 00:14:37.000000,0,0.8571206225680933,3.16,26.338902509914863,0.03125,3589.263885919464,220.28000000000006,-0.4980544747081712
2024-01-01 00:14:36.000000,2024-01-01 00:14:40.000000,0,-0.11062256809338517,5.46,17.341520949145288,0.03125,2776.277852267663,28.43000000000007,0.4980544747081712
2024-01-01 00:14:39.000000,2024-01-01 00:14:43.000000,0,1.0450194552529184,5.01,16.17058752422206,0.03125,2629.4535274553155,268.5699999999998,-0.4980544747081712
2024-01-01 00:14:42.000000,2024-01-01 00:14:46.000000,0,-0.38482490272373543,2.14,9.964616818931244,0.03125,1430.438545638641,98.90000000000006,0.4980544747081712
2024-01-01 00:14:45.000000,2024-01-01 00:14:49.000000,0,-1.1598832684824905,0.3,7.458003643448799,0.03125,1092.6330075732703,298.09,0.4980544747081712
2024-01-01 00:14:48.000000,2024-01-01 00:14:52.000000,0,-0.47249027237354085,1.4,7.8852919864656315,0.03125,1211.934172147253,121.43,-0.4980544747081712
2024-01-01 00:14:51.000000,2024-01-01 00:14:55.000000,0,4.765797665369648,3.94,27.159115460263074,0.04296875,2730.164293792911,1224.8099999999997,0.2490272373540856
2024-01-01 00:14:54.000000,2024-01-01 00:14:58.000000,0,2.757937743190662,11.68,63.66281986859446,0.05078125,6412.259361906207,708.7899999999997,-0.2490272373540856
2024-01-01 00:14:57.000000,2024-01-01 00:15:01.000000,0,-3.5968093385214006,-3.06,26.71043115991694,0.0625,2329.971408246034,924.3799999999999,0.4980544747081712
2024-01-01 00:15:00.000000,2024-01-01 00:15:04.000000,0,-1.378715953307393,-3.4,15.164871243408514,0.046875,1365.468235056435,354.3299999999999,0.3735408560311284
2024-01-01 00:15:03.000000,2024-01-01 00:15:07.000000,0,-2.1857198443579766,-1.46,6.301332228878765,0.03515625,604.145415897517,561.73,0.4980544747081712
2024-01-01 00:15:06.000000,2024-01-01 00:15:10.000000,0,-0.654280155642023,3.32,15.401979845825224,0.03125,1300.5744434789929,168.14999999999998,0.2490272373540856
2024-01-01 00:15:09.000000,2024-01-01 00:15:13.000000,0,-2.4092607003891047,-1.24,36.91625297122766,0.04296875,3329.0503847523078,619.18,0.7470817120622568
2024-01-01 00:15:12.000000,2024-01-01 00:15:16.000000,0,3.7792217898832683,7.85,17.419634266705298,0.02734375,2567.781757110858,971.26,0.4980544747081712
2024-01-01 00:15:15.000000,2024-01-01 00:15:19.000000,0,0.054396887159533364,-1.57,20.048862570168176,0.04296875,1694.3648716203907,13.979999999999922,-0.4980544747081712
2024-01-01 00:15:18.000000,2024-01-01 00:15:22.000000,0,-0.965642023346303,-1.68,17.771592381596033,0.0390625,1833.874950091802,248.17000000000007,-0.3735408560311284
2024-01-01 00:15:21.000000,2024-01-01 00:15:25.000000,0,1.332645914396887,2.85,9.960709296558147,0.02734375,1026.125781452705,342.49,0.4980544747081712
2024-01-01 00:15:24.000000,2024-01-01 00:15:28.000000,0,1.3629571984435798,-0.74,18.4753138032096,0.0390625,1767.1894041422277,350.27999999999986,0.4980544747081712
2024-01-01 00:15:27.000000,2024-01-01 00:15:31.000000,0,-0.599844357976654,0.53,24.84707586179773,0.03515625,2346.8741284171683,154.15999999999994,-0.4980544747081712
2024-01-01 00:15:30.000000,2024-01-01 00:15:34.000000,0,2.506459143968872,3.78,8.65344559216087,0.03515625,1137.1653575548453,644.1599999999999,-0.4980544747081712
2024-01-01 00:15:33.000000,2024-01-01 00:15:37.000000,0,-0.18400778210116728,1.71,6.080267961555166,0.03125,890.2929761569262,47.290000000000006,0.4980544747081712
2024-01-01 00:15:36.000000,2024-01-01 00:15:40.000000,0,-0.37291828793774323,1.33,5.994335057239735,0.03125,865.8842709871445,95.84000000000005,0.4980544747081712
2024-01-01 00:15:39.000000,2024-01-01 00:15:43.000000,0,-0.2926848249027243,-0.38,15.059700031181993,0.05078125,1127.332029249188,75.21999999999998,-0.1245136186770428
2024-01-01 00:15:42.000000,2024-01-01 00:15:46.000000,0,-1.5470038910505837,-0.42,11.515759445110039,0.04296875,1725.0474021829123,397.57999999999987,0.4980544747081712
2024-01-01 00:15:45.000000,2024-01-01 00:15:49.000000,0,0.5735408560311286,4.94,10.454513169750582,0.03125,1660.4282982891168,147.40000000000003,0.4980544747081712
2024-01-01 00:15:48.000000,2024-01-01 00:15:52.000000,0,-0.1477431906614786,3.04,10.445138277539286,0.03125,1613.5437556418888,37.969999999999956,0.4980544747081712
2024-01-01 00:15:51.000000,2024-01-01 00:15:55.000000,0,4.024630350194553,6.3,16.52378526996709,0.02734375,1663.4930838021385,1034.33,0.4980544747081712
2024-01-01 00:15:54.000000,2024-01-01 00:15:58.000000,0,-1.6693385214007777,1.65,42.128325220555126,0.0390625,4802.782252357147,429.0200000000001,-0.3735408560311284
2024-01-01 00:15:57.000000,2024-01-01 00:16:01.000000,0,10.090233463035018,6.06,70.6561504086536,0.03515625,6171.894946852722,2593.1899999999996,0.3735408560311284
2024-01-01 00:16:00.000000,2024-01-01 00:16:04.000000,0,-0.862334630350195,0.15,36.77588573878216,0.05078125,3072.524660973202,221.61999999999995,0.7470817120622568
2024-01-01 00:16:03.000000,2024-01-01 00:16:07.000000,0,-1.7289494163424126,0.04,8.787025061921563,0.04296875,873.1582527765745,444.34,-0.622568093385214
2024-01-01 00:16:06.000000,2024-01-01 00:16:10.000000,0,-1.7137354085603116,-3.51,63.51891518274079,0.046875,5269.666404929834,440.43000000000006,0.622568093385214
2024-01-01 00:16:09.000000,2024-01-01 00:16:13.000000,0,1.4123346303501947,4.12,11.673026934324279,0.03515625,1667.2043715048153,362.9700000000001,-0.622568093385214
2024-01-01 00:16:12.000000,2024-01-01 00:16:16.000000,0,4.7330350194552535,6.11,10.18949191275871,0.04296875,1102.7276699253082,1216.3899999999999,0.0
2024-01-01 00:16:15.000000,2024-01-01 00:16:19.000000,0,-0.7466926070038912,1.62,7.5412403366619145,0.03515625,679.6084191608733,191.89999999999992,0.3735408560311284
2024-01-01 00:16:18.000000,2024-01-01 00:16:22.000000,3,-1.064396887159533,1.29,7.608518286351178,0.0390625,678.4827865624783,273.55000000000007,0.4980544747081712
2024-01-01 00:16:21.000000,2024-01-01 00:16:25.000000,3,-1.1544357976653696,-1.04,5.6087391851323,0.05078125,501.41464261411085,296.69,-0.622568093385214
2024-01-01 00:16:24.000000,2024-01-01 00:16:28.000000,3,-1.1077821011673152,-1.42,9.16458073146746,0.0390625,1198.0370682307857,284.6999999999999,0.4980544747081712
2024-01-01 00:16:27.000000,2024-01-01 00:16:31.000000,3,1.0249416342412452,0.16,11.654154775518316,0.046875,1032.1375805627006,263.4100000000001,0.2490272373540856
2024-01-01 00:16:30.000000,2024-01-01 00:16:34.000000,3,-2.5219066147859923,-1.82,9.026217621669952,0.04296875,665.2527971735071,648.1299999999999,-0.3735408560311284
2024-01-01 00:16:33.000000,2024-01-01 00:16:37.000000,3,0.5295719844357979,-4.61,28.759959745829136,0.0390625,2826.7956737588424,136.1,0.622568093385214
2024-01-01 00:16:36.000000,2024-01-01 00:16:40.000000,3,0.26887159533073934,-1.34,16.940167245333036,0.046875,1534.3636341657984,69.1,-0.4980544747081712
2024-01-01 00:16:39.000000,2024-01-01 00:16:43.000000,3,2.0131517509727628,0.54,17.015830881110034,0.05078125,1289.7495390579713,517.38,0.7470817120622568
2024-01-01 00:16:42.000000,2024-01-01 00:16:46.000000,3,-1.063112840466926,-3.12,20.38704941923606,0.06640625,2009.3266236707818,273.22,0.3735408560311284
2024-01-01 00:16:45.000000,2024-01-01 00:16:49.000000,3,1.41420233463035,0.97,9.51933957905698,0.05859375,872.3420027406119,363.45,0.622568093385214
2024-01-01 00:16:48.000000,2024-01-01 00:16:52.000000,3,-0.7180155642023345,-1.77,16.35305586980632,0.08203125,1254.3701864695877,184.52999999999992,-0.4980544747081712
2024-01-01 00:16:51.000000,2024-01-01 00:16:55.000000,3,-0.6637354085603113,0.67,11.302045378701056,0.0546875,1053.2449567314316,170.57999999999998,0.4980544747081712
2024-01-01 00:16:54.000000,2024-01-01 00:16:58.000000,3,2.8407782101167314,-1.23,22.54420777227542,0.0390625,2321.596777336194,730.0799999999999,0.3735408560311284
2024-01-01 00:16:57.000000,2024-01-01 00:17:01.000000,3,-0.8602723735408562,-2.33,41.21483057943036,0.04296875,4449.317747844428,221.08999999999992,-0.8715953307392996
2024-01-01 00:17:00.000000,2024-01-01 00:17:04.000000,3,0.3488715953307391,-0.74,13.15500967620716,0.0703125,1306.0115758725026,89.65999999999998,0.622568093385214
2024-01-01 00:17:03.000000,2024-01-01 00:17:07.000000,3,0.7474708171206226,0.45,9.011119835382372,0.05078125,752.9828565639584,192.09999999999997,0.4980544747081712
2024-01-01 00:17:06.000000,2024-01-01 00:17:10.000000,3,-1.4208560311284046,-2.67,25.666882709326977,0.05859375,2688.462168849052,365.15999999999997,0.4980544747081712
2024-01-01 00:17:09.000000,2024-01-01 00:17:13.000000,3,-0.22070038910505868,-1.16,17.04182699936508,0.04296875,1629.1243780112236,56.72000000000001,0.3735408560311284
2024-01-01 00:17:12.000000,2024-01-01 00:17:16.000000,3,3.170622568093385,-0.56,15.983730852171059,0.02734375,1880.8524493597338,814.8499999999999,0.4980544747081712
2024-01-01 00:17:15.000000,2024-01-01 00:17:19.000000,3,-0.6060311284046692,-4.78,16.91554896202092,0.0390625,1590.707422346504,155.74999999999994,0.3735408560311284
2024-01-01 00:17:18.000000,2024-01-01 00:17:22.000000,3,0.0320622568093387,-0.96,11.143456426132287,0.05859375,1247.5031578032228,8.24000000000004,0.4980544747081712
2024-01-01 00:17:21.000000,2024-01-01 00:17:25.000000,3,0.5383657587548638,2.1,13.01510902542975,0.05078125,1211.8483012627157,138.36000000000007,-0.4980544747081712
2024-01-01 00:17:24.000000,2024-01-01 00:17:28.000000,3,-1.4322178988326852,-0.98,17.421617569375833,0.05859375,1789.4890014000407,368.08,0.3735408560311284
2024-01-01 00:17:27.000000,2024-01-01 00:17:31.000000,3,-0.3910116731517508,-3.12,29.092560873722846,0.046875,2607.5166447002566,100.4899999999999,0.4980544747081712
2024-01-01 00:17:30.000000,2024-01-01 00:17:34.000000,3,-1.680972762645914,-0.92,11.345606331722049,0.05078125,955.4426157978853,432.01,-0.8715953307392996
2024-01-01 00:17:33.000000,2024-01-01 00:17:37.000000,3,3.9291439688715952,2.97,24.60707536173485,0.046875,1777.9383609855715,1009.79,0.7470817120622568
2024-01-01 00:17:36.000000,2024-01-01 00:17:40.000000,3,-0.4176264591439691,1.07,32.4818175972716,0.04296875,3181.8119118701343,107.32999999999998,-0.3735408560311284
2024-01-01 00:17:39.000000,2024-01-01 00:17:43.000000,3,0.7361089494163426,0.22,11.392843784063905,0.046875,1097.1183683542185,189.17999999999998,0.9961089494163424
2024-01-01 00:17:42.000000,2024-01-01 00:17:46.000000,3,-0.896692607003891,-3.1,15.106358565072746,0.05859375,1117.3961388916175,230.44999999999993,-0.622568093385214
2024-01-01 00:17:45.000000,2024-01-01 00:17:49.000000,3,-1.108054474708171,-0.91,16.756719970474407,0.0546875,1411.2986785859523,284.77,0.7470817120622568
2024-01-01 00:17:48.000000,2024-01-01 00:17:52.000000,3,-0.1757198443579764,0.6,21.736238255128374,0.0546875,2709.684922815192,45.159999999999954,-0.4980544747081712
2024-01-01 00:17:51.000000,2024-01-01 00:17:55.000000,3,-2.861167315175097,-2.08,16.6272312705935,0.04296875,2094.84822517861,735.3199999999999,0.4980544747081712
2024-01-01 00:17:54.000000,2024-01-01 00:17:58.000000,3,-1.548171206225681,-0.03,9.171914169521754,0.05859375,761.2292608856935,397.88,-0.9961089494163424
2024-01-01 00:17:57.000000,2024-01-01 00:18:01.000000,3,0.2809727626459144,-0.14,9.262649850510462,0.05859375,1171.6635858501425,72.21000000000002,0.8715953307392996
2024-01-01 00:18:00.000000,2024-01-01 00:18:04.000000,3,-0.3560700389105058,-0.68,33.92644858796674,0.0390625,3014.9765346559548,91.50999999999986,0.4980544747081712
2024-01-01 00:18:03.000000,2024-01-01 00:18:07.000000,3,0.22085603112840496,-1.01,13.865221894026735,0.05078125,1158.8790320276798,56.760000000000076,0.7470817120622568
2024-01-01 00:18:06.000000,2024-01-01 00:18:10.000000,3,0.3715175097276265,-0.44,7.553576840066816,0.0546875,600.793410542073,95.47999999999996,-0.3735408560311284
2024-01-01 00:18:09.000000,2024-01-01 00:18:13.000000,3,-0.4540077821011674,-0.52,6.141900272152278,0.07421875,638.0238609424028,116.67999999999999,1.3696498054474708
2024-01-01 00:18:12.000000,2024-01-01 00:18:16.000000,3,-0.704124513618677,-1.16,7.384305894729426,0.09375,777.5352320047828,180.96,-1.3696498054474708
2024-01-01 00:18:15.000000,2024-01-01 00:18:19.000000,3,-0.5874319066147861,-1.52,7.586671058780274,0.078125,533.4923035415449,150.96999999999994,0.7470817120622568
2024-01-01 00:18:18.000000,2024-01-01 00:18:22.000000,3,-0.21494163424124518,-0.54,5.424744242287962,0.046875,536.7681907970665,55.24,0.3735408560311284
2024-01-01 00:18:21.000000,2024-01-01 00:18:25.000000,3,-0.24400778210116741,-0.41,8.306839137305127,0.0390625,866.0884300696524,62.70999999999993,-0.2490272373540856
2024-01-01 00:18:24.000000,2024-01-01 00:18:28.000000,3,-0.20416342412451363,-2.14,9.464531000071439,0.02734375,1086.268026965525,52.470000000000084,0.2490272373540856
2024-01-01 00:18:27.000000,2024-01-01 00:18:31.000000,3,0.011867704280155603,0.36,4.900807213286855,0.0390625,416.2999024962489,3.050000000000062,0.2490272373540856
2024-01-01 00:18:30.000000,2024-01-01 00:18:34.000000,3,0.009649805447470888,-1.4,10.961999715722937,0.03125,1079.1230819442746,2.4800000000000164,-0.7470817120622568
2024-01-01 00:18:33.000000,2024-01-01 00:18:37.000000,3,0.16898832684824913,-2.37,9.75757833225127,0.03515625,942.4209758661735,43.43000000000003,0.2490272373540856
2024-01-01 00:18:36.000000,2024-01-01 00:18:40.000000,3,0.0720233463035019,0.32,15.58909616775706,0.07421875,1227.4347118889846,18.510000000000005,-0.2490272373540856
2024-01-01 00:18:39.000000,2024-01-01 00:18:43.000000,3,0.42564202334630324,0.99,14.153633853055267,0.0703125,1370.1397108688716,109.38999999999993,0.9961089494163424
2024-01-01 00:18:42.000000,2024-01-01 00:18:46.000000,3,0.5023735408560309,-0.37,8.917916055120283,0.0703125,724.6255932323959,129.11,-0.622568093385214
2024-01-01 00:18:45.000000,2024-01-01 00:18:49.000000,3,0.5880544747081707,0.11,15.399734401529328,0.0703125,1375.1802676889067,151.12999999999988,0.7470817120622568
2024-01-01 00:18:48.000000,2024-01-01 00:18:52.000000,3,1.1613229571984436,4.39,25.53040524537257,0.05859375,2096.2155695440665,298.4600000000001,0.7470817120622568
2024-01-01 00:18:51.000000,2024-01-01 00:18:55.000000,3,-1.7296887159533072,-0.17,28.652244170334622,0.05078125,2936.822926153817,444.53000000000003,0.3735408560311284
2024-01-01 00:18:54.000000,2024-01-01 00:18:58.000000,3,-1.5038521400778215,-2.95,29.995531482725507,0.0703125,3590.7355894193665,386.48999999999995,0.2490272373540856
2024-01-01 00:18:57.000000,2024-01-01 00:19:01.000000,3,-2.8946303501945523,-3.09,25.95125442460309,0.05078125,2048.9059320725196,743.9199999999998,0.8715953307392996
2024-01-01 00:19:00.000000,2024-01-01 00:19:04.000000,3,1.4920233463035026,-4.76,42.12390938628356,0.03125,3754.871953274649,383.4500000000002,0.3735408560311284
2024-01-01 00:19:03.000000,2024-01-01 00:19:07.000000,3,-3.222412451361868,5.24,53.637591000865186,0.04296875,5157.592748233451,828.1600000000003,0.3735408560311284
2024-01-01 00:19:06.000000,2024-01-01 00:19:10.000000,3,-1.1360700389105056,-0.02,35.12828127082152,0.046875,4105.988821094466,291.97,0.4980544747081712
2024-01-01 00:19:09.000000,2024-01-01 00:19:13.000000,3,2.4574319066147865,-2.08,24.696972890247793,0.0546875,2164.3390522899267,631.5600000000001,0.4980544747081712
2024-01-01 00:19:12.000000,2024-01-01 00:19:16.000000,3,1.3896108949416346,-4.29,34.31368954911444,0.05078125,3251.1431755808358,357.1299999999999,-0.622568093385214
2024-01-01 00:19:15.000000,2024-01-01 00:19:19.000000,3,-5.543229571984436,-4.93,34.1091787396699,0.0546875,2481.5902586410543,1424.6099999999997,0.622568093385214
2024-01-01 00:19:18.000000,2024-01-01 00:19:22.000000,3,-1.5151361867704283,0.74,16.485393703147857,0.07421875,1447.7676210339437,389.39,0.4980544747081712
2024-01-01 00:19:21.000000,2024-01-01 00:19:25.000000,3,-0.6594552529182881,-1.33,19.38789088537847,0.06640625,1664.1562303218016,169.4799999999999,0.3735408560311284
2024-01-01 00:19:24.000000,2024-01-01 00:19:28.000000,3,3.8151750972762652,3.04,33.92550466055189,0.046875,3260.2163929512394,980.5,0.4980544747081712
2024-01-01 00:19:27.000000,2024-01-01 00:19:31.000000,3,-2.365447470817121,-2.8,22.05827308778714,0.05859375,2129.7211089088264,607.92,0.4980544747081712
2024-01-01 00:19:30.000000,2024-01-01 00:19:34.000000,3,1.4456420233463034,-1.22,25.036337772502836,0.0625,3162.905836047681,371.5300000000001,-0.4980544747081712
2024-01-01 00:19:33.000000,2024-01-01 00:19:37.000000,3,-1.0456420233463035,-1.22,26.19099213880799,0.0703125,2548.1167179531903,268.7300000000001,0.7470817120622568
2024-01-01 00:19:36.000000,2024-01-01 00:19:40.000000,3,-0.5105836575875488,-3.94,31.267314366681507,0.05859375,3627.074201854464,131.2199999999999,0.4980544747081712
2024-01-01 00:19:39.000000,2024-01-01 00:19:43.000000,3,0.7352529182879379,2.65,14.683689187613535,0.05859375,1319.1200438530518,188.96000000000006,0.622568093385214
2024-01-01 00:19:42.000000,2024-01-01 00:19:46.000000,3,-1.6941634241245136,-1.4,14.689822348996032,0.0546875,1562.2963802989268,435.4,0.3735408560311284
2024-01-01 00:19:45.000000,2024-01-01 00:19:49.000000,3,-1.198015564202335,-3.17,25.883627644343193,0.05078125,2742.512198863678,307.8899999999999,0.622568093385214
2024-01-01 00:19:48.000000,2024-01-01 00:19:52.000000,3,-0.5426070038910505,-3.54,19.207873014863132,0.078125,1448.6877522479078,139.4500000000001,-0.8715953307392996
2024-01-01 00:19:51.000000,2024-01-01 00:19:55.000000,3,0.32754863813229573,-2.48,21.959387830475293,0.06640625,1762.246444160794,84.1799999999999,0.9961089494163424
2024-01-01 00:19:54.000000,2024-01-01 00:19:58.000000,3,0.3083268482490273,-0.18,14.836427428132858,0.0703125,1958.6004664526274,79.23999999999998,0.9961089494163424
2024-01-01 00:19:57.000000,2024-01-01 00:20:01.000000,3,0.9972373540856034,-0.81,18.52801221066629,0.07421875,1582.655273919364,256.28999999999996,0.622568093385214
2024-01-01 00:20:00.000000,2024-01-01 00:20:04.000000,3,-1.1214396887159532,-6.73,18.444314987038013,0.04296875,2068.445220594204,288.20999999999987,0.4980544747081712
2024-01-01 00:20:03.000000,2024-01-01 00:20:07.000000,3,-0.13770428015564198,-0.58,19.22205505580655,0.04296875,2162.70780762494,35.38999999999992,-0.4980544747081712
2024-01-01 00:20:06.000000,2024-01-01 00:20:10.000000,3,-0.5952918287937743,-3.78,22.203149340513836,0.04296875,1779.122243141436,152.98999999999984,-0.3735408560311284
2024-01-01 00:20:09.000000,2024-01-01 00:20:13.000000,3,1.7389883268482489,-9.13,30.139377905574282,0.05078125,2883.091221139301,446.91999999999985,-0.622568093385214
2024-01-01 00:20:12.000000,2024-01-01 00:20:16.000000,3,-2.5740077821011673,-5.13,27.222487714949274,0.078125,2732.482771302498,661.5199999999999,0.4980544747081712
2024-01-01 00:20:15.000000,2024-01-01 00:20:19.000000,3,-2.836653696498055,-3.3,18.884906394784213,0.0703125,1538.6627805655617,729.0199999999999,-0.3735408560311284
2024-01-01 00:20:18.000000,2024-01-01 00:20:22.000000,3,0.9533073929961087,-1.6,17.492451149611554,0.0546875,1492.6309663254665,244.99999999999986,0.9961089494163424
2024-01-01 00:20:21.000000,2024-01-01 00:20:25.000000,3,2.65284046692607,-0.01,30.475847598091615,0.05859375,2619.4530517496587,681.7800000000002,0.4980544747081712
2024-01-01 00:20:24.000000,2024-01-01 00:20:28.000000,3,0.6557976653696497,10.46,92.91486755908014,0.05078125,8946.698011794379,168.5399999999995,0.622568093385214
2024-01-01 00:20:27.000000,2024-01-01 00:20:31.000000,3,0.19610894941634321,-5.19,44.9718255510529,0.04296875,3907.1617042866947,50.40000000000016,0.3735408560311284
2024-01-01 00:20:30.000000,2024-01-01 00:20:34.000000,3,1.0620622568093387,3.96,70.18226444762314,0.0546875,5225.285121849046,272.95000000000005,0.3735408560311284
2024-01-01 00:20:33.000000,2024-01-01 00:20:37.000000,3,-8.10556420233463,-2.5,64.65272498677523,0.04296875,4915.129327032491,2083.129999999999,0.9961089494163424
2024-01-01 00:20:36.000000,2024-01-01 00:20:40.000000,3,-0.02712062256809327,5.0,24.806097762607674,0.0703125,2380.3479007389637,6.9699999999999065,-0.9961089494163424
2024-01-01 00:20:39.000000,2024-01-01 00:20:43.000000,3,-0.29544747081712075,2.85,16.59641960323503,0.0546875,1261.1513269054044,75.92999999999998,0.622568093385214
2024-01-01 00:20:42.000000,2024-01-01 00:20:46.000000,3,0.38762645914396887,-2.41,14.122661179728913,0.05078125,1407.5361163040031,99.62000000000003,0.2490272373540856
2024-01-01 00:20:45.000000,2024-01-01 00:20:49.000000,0,1.517431906614786,1.16,12.42551613381248,0.0625,988.5624020815038,389.97999999999985,0.2490272373540856
2024-01-01 00:20:48.000000,2024-01-01 00:20:52.000000,0,-1.9164591439688712,-3.47,18.223305185023065,0.046875,1626.6414379423006,492.5299999999998,-0.2490272373540856
2024-01-01 00:20:51.000000,2024-01-01 00:20:55.000000,0,-1.6197276264591438,-5.9,21.428604229449903,0.04296875,1784.875824659459,416.27,0.3735408560311284
2024-01-01 00:20:54.000000,2024-01-01 00:20:58.000000,0,-1.0363035019455256,-1.89,21.14637659087608,0.0625,2073.2369218649255,266.3299999999999,0.7470817120622568
2024-01-01 00:20:57.000000,2024-01-01 00:21:01.000000,0,1.2978210116731521,2.06,17.6073792657642,0.0546875,1919.7766904502607,333.5400000000001,-0.7470817120622568
2024-01-01 00:21:00.000000,2024-01-01 00:21:04.000000,0,0.5457587548638129,-0.29,24.499131735016622,0.05859375,2702.1852339062043,140.26000000000008,0.3735408560311284
2024-01-01 00:21:03.000000,2024-01-01 00:21:07.000000,0,-1.4151361867704284,-1.31,16.97165090537856,0.0625,1662.1157632382824,363.68999999999994,0.4980544747081712
2024-01-01 00:21:06.000000,2024-01-01 00:21:10.000000,0,-1.8443190661478603,-2.3,13.36449498464772,0.046875,1256.625969973323,473.9899999999999,0.622568093385214
2024-01-01 00:21:09.000000,2024-01-01 00:21:13.000000,0,0.05361867704280101,1.72,19.222985969625007,0.03515625,2124.289005925466,13.780000000000136,-0.4980544747081712
2024-01-01 00:21:12.000000,2024-01-01 00:21:16.000000,0,-0.9592217898832686,0.89,14.727794122152964,0.05078125,1474.7152596655992,246.51999999999992,0.7470817120622568
2024-01-01 00:21:15.000000,2024-01-01 00:21:19.000000,0,-0.5709338521400779,0.29,16.47019205924034,0.0390625,2134.9564856880106,146.73000000000002,0.622568093385214
2024-01-01 00:21:18.000000,2024-01-01 00:21:22.000000,0,0.9949416342412452,-1.89,19.45913418472765,0.046875,2401.4795709657965,255.70000000000013,0.622568093385214
2024-01-01 00:21:21.000000,2024-01-01 00:21:25.000000,0,-0.9615564202334627,-0.52,12.92151986776685,0.0546875,1211.2786942920502,247.12000000000003,0.622568093385214
2024-01-01 00:21:24.000000,2024-01-01 00:21:28.000000,0,1.0855252918287939,2.84,8.440835950271564,0.0625,989.131983584719,278.98,0.622568093385214
2024-01-01 00:21:27.000000,2024-01-01 00:21:31.000000,0,-1.6816342412451355,2.11,28.48993116501991,0.0703125,2423.447672906256,432.17999999999995,0.3735408560311284
2024-01-01 00:21:30.000000,2024-01-01 00:21:34.000000,0,-3.132373540856031,1.19,28.79025848785354,0.0546875,2285.6879893394857,805.02,0.622568093385214
2024-01-01 00:21:33.000000,2024-01-01 00:21:37.000000,0,-0.923035019455253,-3.19,13.21340610550229,0.05078125,1768.2283780988785,237.21999999999997,-0.622568093385214
2024-01-01 00:21:36.000000,2024-01-01 00:21:40.000000,0,0.5577431906614787,-0.41,8.95928269725966,0.07421875,894.6953318867526,143.34000000000003,-0.7470817120622568
2024-01-01 00:21:39.000000,2024-01-01 00:21:43.000000,0,-1.205758754863813,-0.45,16.016837097674696,0.0625,1564.8739948346802,309.87999999999994,-0.622568093385214
2024-01-01 00:21:42.000000,2024-01-01 00:21:46.000000,4,-0.16151750972762643,4.05,17.177112555230106,0.04296875,1220.3730734506062,41.50999999999989,0.622568093385214
2024-01-01 00:21:45.000000,2024-01-01 00:21:49.000000,4,-0.7806225680933855,-0.33,14.465202845480423,0.05078125,1214.035435417253,200.62000000000003,-0.4980544747081712
2024-01-01 00:21:48.000000,2024-01-01 00:21:52.000000,4,-0.8111673151750974,1.15,18.12301146955998,0.078125,1345.0302968278518,208.47000000000003,-0.622568093385214
2024-01-01 00:21:51.000000,2024-01-01 00:21:55.000000,4,1.6136186770428018,0.92,10.452152614456974,0.0703125,884.6737713080729,414.7,0.4980544747081712
2024-01-01 00:21:54.000000,2024-01-01 00:21:58.000000,4,0.21377431906614786,-1.44,17.202289868342937,0.05078125,1709.7601861497315,54.93999999999998,0.4980544747081712
2024-01-01 00:21:57.000000,2024-01-01 00:22:01.000000,4,0.8433073929961089,0.85,8.484556901529785,0.078125,654.9877799763698,216.73,0.622568093385214
2024-01-01 00:22:00.000000,2024-01-01 00:22:04.000000,4,1.5453696498054479,0.96,9.721295926558941,0.06640625,721.3994145621339,397.15999999999997,0.2490272373540856
2024-01-01 00:22:03.000000,2024-01-01 00:22:07.000000,4,0.9537743190661478,-1.19,9.700941650272625,0.0625,904.9147102734659,245.11999999999992,0.622568093385214
2024-01-01 00:22:06.000000,2024-01-01 00:22:10.000000,4,-0.9835019455252916,-0.57,9.510133503320164,0.07421875,869.8652434929287,252.75999999999996,0.9961089494163424
2024-01-01 00:22:09.000000,2024-01-01 00:22:13.000000,4,0.145408560311284,-0.27,9.552068285132423,0.07421875,860.6547260060773,37.36999999999993,0.4980544747081712
2024-01-01 00:22:12.000000,2024-01-01 00:22:16.000000,4,0.2078988326848251,0.01,11.39173985719917,0.0703125,941.8520159880859,53.42999999999991,-0.4980544747081712
2024-01-01 00:22:15.000000,2024-01-01 00:22:19.000000,4,0.9101167315175098,-2.23,14.314291713247487,0.05859375,1271.0759338288117,233.89999999999995,0.9961089494163424
2024-01-01 00:22:18.000000,2024-01-01 00:22:22.000000,4,0.5607392996108951,-1.87,14.64128894699596,0.0703125,1446.1062173020227,144.10999999999996,-0.9961089494163424
2024-01-01 00:22:21.000000,2024-01-01 00:22:25.000000,4,-0.7156420233463036,-1.91,11.40204448482166,0.0703125,983.6453577116962,183.9199999999998,0.7470817120622568
2024-01-01 00:22:24.000000,2024-01-01 00:22:28.000000,4,0.44579766536964976,-1.56,10.991163400495909,0.08203125,1042.527805474796,114.56999999999995,-0.3735408560311284
2024-01-01 00:22:27.000000,2024-01-01 00:22:31.000000,4,-2.3049805447470817,-3.36,23.715360102363544,0.046875,2136.8537533112617,592.38,0.2490272373540856
2024-01-01 00:22:30.000000,2024-01-01 00:22:34.000000,4,-0.0318677042801563,-1.5,35.77187422487889,0.046875,3811.337964436668,8.189999999999817,0.4980544747081712
2024-01-01 00:22:33.000000,2024-01-01 00:22:37.000000,4,0.9659533073929961,-4.13,57.39174551354542,0.0390625,6629.564163984697,248.2499999999999,0.4980544747081712
2024-01-01 00:22:36.000000,2024-01-01 00:22:40.000000,4,0.8177431906614787,-0.99,45.32087353195454,0.05078125,3668.080197986293,210.15999999999985,-0.2490272373540856
2024-01-01 00:22:39.000000,2024-01-01 00:22:43.000000,4,0.29105058365758735,-2.31,33.75984252408974,0.05078125,2744.2735996880497,74.79999999999984,0.4980544747081712
2024-01-01 00:22:42.000000,2024-01-01 00:22:46.000000,4,0.3502334630350203,5.08,28.996746422146796,0.0390625,3608.4011903793144,90.00999999999995,0.3735408560311284
2024-01-01 00:22:45.000000,2024-01-01 00:22:49.000000,4,0.6360311284046691,-0.67,26.74211637273268,0.05859375,2611.7562707127886,163.4600000000001,0.7470817120622568
2024-01-01 00:22:48.000000,2024-01-01 00:22:52.000000,4,-5.259688715953307,-3.64,118.32092207502427,0.06640625,9424.970369561555,1351.7399999999989,0.7470817120622568
2024-01-01 00:22:51.000000,2024-01-01 00:22:55.000000,4,2.4111673151750956,-8.8,148.55586021986238,0.046875,14396.689472557973,619.669999999998,-0.4980544747081712
2024-01-01 00:22:54.000000,2024-01-01 00:22:58.000000,4,0.5503112840466919,-21.31,79.6908163960658,0.04296875,7848.353142188216,141.43000000000043,-0.4980544747081712
2024-01-01 00:22:57.000000,2024-01-01 00:23:01.000000,4,-2.6200000000000006,0.31,17.514790312404543,0.0703125,1424.591802460402,673.3399999999999,0.8715953307392996
2024-01-01 00:23:00.000000,2024-01-01 00:23:04.000000,4,-1.4648249027237354,1.45,41.93976501973547,0.07421875,2959.094411976276,376.4599999999998,-0.7470817120622568
2024-01-01 00:23:03.000000,2024-01-01 00:23:07.000000,4,2.108171206225681,1.02,8.954087631597307,0.07421875,723.7713457542408,541.8,-1.245136186770428
2024-01-01 00:23:06.000000,2024-01-01 00:23:10.000000,4,-1.882062256809339,-1.24,30.58886488111089,0.08984375,2747.4309415909147,483.69000000000005,-0.4980544747081712
2024-01-01 00:23:09.000000,2024-01-01 00:23:13.000000,4,5.34342412451362,0.49,26.958861743605237,0.0625,2176.852215963826,1373.2599999999998,0.2490272373540856
2024-01-01 00:23:12.000000,2024-01-01 00:23:16.000000,4,3.79887159533074,1.58,34.06800209993394,0.0546875,2976.00006992391,976.31,0.3735408560311284
2024-01-01 00:23:15.000000,2024-01-01 00:23:19.000000,4,0.6188715953307393,5.68,23.37401931204502,0.03125,2284.064756004588,159.04999999999987,0.2490272373540856
2024-01-01 00:23:18.000000,2024-01-01 00:23:22.000000,4,0.25011673151750974,0.38,13.212321293803575,0.05859375,1038.4933430536196,64.28,0.8715953307392996
2024-01-01 00:23:21.000000,2024-01-01 00:23:25.000000,4,-2.350428015564203,-4.66,27.22096305963866,0.03515625,2865.978773973731,604.06,0.4980544747081712
2024-01-01 00:23:24.000000,2024-01-01 00:23:28.000000,4,-2.0956420233463033,-3.77,51.87366671927677,0.0625,4890.187090703116,538.5799999999997,0.622568093385214
2024-01-01 00:23:27.000000,2024-01-01 00:23:31.000000,4,1.6177431906614788,2.48,11.484456732881025,0.06640625,1128.224560062351,415.7599999999999,0.4980544747081712
2024-01-01 00:23:30.000000,2024-01-01 00:23:34.000000,4,-0.3273929961089472,-0.8,55.09286098805232,0.046875,4330.892744247445,84.13999999999986,-0.7470817120622568
2024-01-01 00:23:33.000000,2024-01-01 00:23:37.000000,4,-0.8495719844357976,-0.12,7.252807121674482,0.04296875,805.048377228379,218.34000000000003,-0.1245136186770428
2024-01-01 00:23:36.000000,2024-01-01 00:23:40.000000,4,-0.04081712062256768,1.85,39.65755309760149,0.05078125,3049.777719133237,10.489999999999924,0.4980544747081712
2024-01-01 00:23:39.000000,2024-01-01 00:23:43.000000,4,-0.39840466926070056,-0.28,5.702837029001716,0.078125,494.98759263451893,102.38999999999999,-0.1245136186770428
2024-01-01 00:23:42.000000,2024-01-01 00:23:46.000000,4,0.9565369649805447,0.31,5.880344250757541,0.06640625,669.4840444906873,245.83000000000004,-0.1245136186770428
2024-01-01 00:23:45.000000,2024-01-01 00:23:49.000000,4,-0.615136186770428,-0.48,3.611548652972428,0.05859375,292.4139705075936,158.08999999999997,0.8715953307392996
2024-01-01 00:23:48.000000,2024-01-01 00:23:52.000000,4,-0.6045525291828793,-0.44,3.8240663553858445,0.0546875,490.8100544439016,155.37,0.8715953307392996
2024-01-01 00:23:51.000000,2024-01-01 00:23:55.000000,4,-0.053268482490272336,0.24,4.069878901796934,0.0625,453.6033343238427,13.690000000000001,0.8715953307392996
2024-01-01 00:23:54.000000,2024-01-01 00:23:58.000000,4,-0.07128404669260699,0.5,3.876358268131128,0.046875,557.963249921269,18.320000000000018,-0.7470817120622568
2024-01-01 00:23:57.000000,2024-01-01 00:24:01.000000,4,-0.2396887159533074,-0.11,3.1250266093225085,0.05859375,308.8469121891871,61.60000000000001,0.8715953307392996
2024-01-01 00:24:00.000000,2024-01-01 00:24:04.000000,4,2.9990272373540856,0.51,8.96455003071328,0.04296875,726.0344242424902,770.7499999999998,0.0
2024-01-01 00:24:03.000000,2024-01-01 00:24:07.000000,4,0.09949416342412448,-0.98,18.825375995813594,0.02734375,2483.1162813314913,25.57000000000004,0.2490272373540856
2024-01-01 00:24:06.000000,2024-01-01 00:24:10.000000,4,-1.0203501945525293,-0.93,6.292400137170214,0.0546875,470.6451029997603,262.22999999999996,0.2490272373540856
2024-01-01 00:24:09.000000,2024-01-01 00:24:13.000000,4,0.5221400778210116,1.13,6.403761566380463,0.046875,658.7914864042752,134.19,0.622568093385214
2024-01-01 00:24:12.000000,2024-01-01 00:24:16.000000,4,-0.7916731517509726,0.62,9.108417891516776,0.0390625,1129.2000287367273,203.45999999999998,0.7470817120622568
2024-01-01 00:24:15.000000,2024-01-01 00:24:19.000000,4,0.723385214007782,1.2,10.97473098240621,0.07421875,1022.4505046021121,185.9099999999999,-0.8715953307392996
2024-01-01 00:24:18.000000,2024-01-01 00:24:22.000000,4,-2.2924513618677045,-3.85,42.633290155865595,0.0703125,3891.042928239898,589.1600000000001,0.3735408560311284
2024-01-01 00:24:21.000000,2024-01-01 00:24:25.000000,4,-0.8837743190661479,1.99,27.28787709019326,0.06640625,2223.2799523405934,227.1300000000001,0.7470817120622568
2024-01-01 00:24:24.000000,2024-01-01 00:24:28.000000,4,2.702645914396887,3.07,33.34432956389348,0.0546875,3472.7647895453347,694.5799999999999,-0.7470817120622568
2024-01-01 00:24:27.000000,2024-01-01 00:24:31.000000,4,-0.38622568093385234,-0.27,16.038366456391195,0.08203125,1415.68450932459,99.26000000000008,-0.622568093385214
2024-01-01 00:24:30.000000,2024-01-01 00:24:34.000000,4,-0.6980544747081721,2.11,28.61345770481342,0.03125,2360.67498337537,179.4000000000001,0.2490272373540856
2024-01-01 00:24:33.000000,2024-01-01 00:24:37.000000,4,-6.293929961089493,-7.38,31.109163549679387,0.03515625,3068.4314787123335,1617.5399999999997,0.3735408560311284
2024-01-01 00:24:36.000000,2024-01-01 00:24:40.000000,4,0.4730350194552522,-1.68,23.737362693182135,0.03125,2435.533788155866,121.57000000000004,0.3735408560311284
2024-01-01 00:24:39.000000,2024-01-01 00:24:43.000000,4,-7.136498054474708,-7.73,19.239108124818905,0.03515625,2118.7171388319302,1834.08,-0.2490272373540856
2024-01-01 00:24:42.000000,2024-01-01 00:24:46.000000,4,1.5198832684824903,-0.9,13.038752590909361,0.046875,1036.5010077978347,390.61,0.1245136186770428
2024-01-01 00:24:45.000000,2024-01-01 00:24:49.000000,4,-0.69852140077821,1.56,8.91387748781103,0.05859375,667.1640545559633,179.51999999999998,0.2490272373540856
2024-01-01 00:24:48.000000,2024-01-01 00:24:52.000000,4,-1.321984435797665,0.35,17.636743526470724,0.04296875,1583.824652711902,339.7499999999999,0.1245136186770428
2024-01-01 00:24:51.000000,2024-01-01 00:24:55.000000,4,-1.8154085603112837,-0.0,10.998630806495083,0.0390625,1199.0153903839362,466.56000000000006,0.1245136186770428
2024-01-01 00:24:54.000000,2024-01-01 00:24:58.000000,4,1.2089105058365757,2.03,14.581464541786115,0.046875,1509.3263673418332,310.69,-0.4980544747081712
2024-01-01 00:24:57.000000,2024-01-01 00:25:01.000000,4,2.608793774319066,-0.42,28.533079426977576,0.0234375,2682.3978915493653,670.4599999999998,-0.4980544747081712
2024-01-01 00:25:00.000000,2024-01-01 00:25:04.000000,4,1.6091828793774314,2.57,43.69464859827324,0.0390625,5167.940037413354,413.56,-0.622568093385214
2024-01-01 00:25:03.000000,2024-01-01 00:25:07.000000,4,-3.321945525291829,-0.96,26.510737773473902,0.0390625,2118.481328940971,853.74,-0.622568093385214
2024-01-01 00:25:06.000000,2024-01-01 00:25:10.000000,4,-0.8167315175097274,-0.37,8.409919657778653,0.0390625,877.5000202061406,209.89999999999995,-0.2490272373540856
2024-01-01 00:25:09.000000,2024-01-01 00:25:13.000000,4,-0.4190272373540858,-2.04,12.537466484378392,0.046875,1235.444677633046,107.69000000000001,-0.4980544747081712
2024-01-01 00:25:12.000000,2024-01-01 00:25:16.000000,4,-2.7421789883268484,-4.28,41.583122138626905,0.05078125,3772.8556874601304,704.7399999999998,-0.622568093385214
2024-01-01 00:25:15.000000,2024-01-01 00:25:19.000000,4,-0.6382101167315174,-2.56,38.512559760210735,0.0234375,4718.568025919663,164.01999999999987,0.2490272373540856
2024-01-01 00:25:18.000000,2024-01-01 00:25:22.000000,4,5.092918287937743,3.05,46.511440390009994,0.04296875,4540.3959349740235,1308.8799999999999,0.4980544747081712
2024-01-01 00:25:21.000000,2024-01-01 00:25:25.000000,4,2.4074319066147853,1.2,48.03217617458772,0.04296875,4283.326615866632,618.7099999999996,0.2490272373540856
2024-01-01 00:25:24.000000,2024-01-01 00:25:28.000000,4,-0.2142023346303509,-0.14,26.0014043987801,0.02734375,2348.149163689029,55.04999999999996,0.2490272373540856
2024-01-01 00:25:27.000000,2024-01-01 00:25:31.000000,4,4.6787159533073925,1.06,60.177298021537226,0.03125,3928.8036090798532,1202.43,0.7470817120622568
2024-01-01 00:25:30.000000,2024-01-01 00:25:34.000000,4,-1.9978988326848246,2.37,64.65641376445456,0.01953125,5435.50314071853,513.4599999999995,-0.3735408560311284
2024-01-01 00:25:33.000000,2024-01-01 00:25:37.000000,4,0.8252140077821009,1.4,29.26155235365048,0.03515625,2910.6865628235687,212.07999999999984,-0.2490272373540856
2024-01-01 00:25:36.000000,2024-01-01 00:25:40.000000,4,1.3786770428015553,4.27,77.40390304148391,0.046875,5805.8403146427945,354.31999999999914,0.4980544747081712
2024-01-01 00:25:39.000000,2024-01-01 00:25:43.000000,4,13.252101167315171,0.12,50.92377885998201,0.02734375,5126.884929549609,3405.789999999999,0.622568093385214
2024-01-01 00:25:42.000000,2024-01-01 00:25:46.000000,4,3.286147859922178,-1.33,63.68184883190758,0.03515625,5664.263739796261,844.5399999999995,0.4980544747081712
2024-01-01 00:25:45.000000,2024-01-01 00:25:49.000000,4,-1.7654474708171206,1.32,10.996481179638511,0.02734375,1203.5926560877035,453.7199999999999,0.3735408560311284
2024-01-01 00:25:48.000000,2024-01-01 00:25:52.000000,4,6.248677042801556,0.6,25.23825496875621,0.01953125,1978.7128781031743,1605.9099999999999,0.1245136186770428
2024-01-01 00:25:51.000000,2024-01-01 00:25:55.000000,4,0.10404669260700432,-0.63,37.897584953121495,0.05078125,3116.8163435528163,26.73999999999967,0.7470817120622568
2024-01-01 00:25:54.000000,2024-01-01 00:25:58.000000,4,0.7101945525291832,-0.01,45.20531825781261,0.05078125,4177.693157525422,182.51999999999987,0.7470817120622568
2024-01-01 00:25:57.000000,2024-01-01 00:26:01.000000,4,1.6602334630350206,4.81,44.639891606068346,0.05078125,3750.3678415449076,426.67999999999995,-0.622568093385214
2024-01-01 00:26:00.000000,2024-01-01 00:26:04.000000,4,-0.5691050583657586,1.73,18.30229951550695,0.0546875,2028.7142752799864,146.25999999999993,0.622568093385214
2024-01-01 00:26:03.000000,2024-01-01 00:26:07.000000,4,2.3489494163424123,2.48,12.05276770865669,0.04296875,980.4358012934692,603.68,0.8715953307392996
2024-01-01 00:26:06.000000,2024-01-01 00:26:10.000000,4,3.203579766536965,1.16,25.986200522661328,0.0390625,2426.672719669707,823.3199999999999,0.3735408560311284
2024-01-01 00:26:09.000000,2024-01-01 00:26:13.000000,4,1.860583657587549,1.94,36.32443209791639,0.0390625,2755.7426665853477,478.1700000000002,0.3735408560311284
2024-01-01 00:26:12.000000,2024-01-01 00:26:16.000000,4,0.36447470817120614,3.36,26.261480462278712,0.04296875,2308.282205731896,93.66999999999985,0.7470817120622568
2024-01-01 00:26:15.000000,2024-01-01 00:26:19.000000,4,2.8712451361867726,0.72,63.23441703425698,0.03125,7527.2523283947985,737.9099999999995,0.3735408560311284
2024-01-01 00:26:18.000000,2024-01-01 00:26:22.000000,4,-4.2203112840466925,2.24,48.8901440242839,0.02734375,4720.564969897334,1084.62,-0.3735408560311284
2024-01-01 00:26:21.000000,2024-01-01 00:26:25.000000,4,1.034747081712062,1.45,17.141552539689588,0.03515625,1833.9221068330523,265.92999999999995,-0.3735408560311284
2024-01-01 00:26:24.000000,2024-01-01 00:26:28.000000,4,-0.08906614785992213,-1.07,10.461113366870357,0.0390625,1069.4255284223718,22.890000000000075,0.3735408560311284
2024-01-01 00:26:27.000000,2024-01-01 00:26:31.000000,4,1.269922178988327,-1.87,20.08154250083071,0.03125,2428.0496372758175,326.37000000000006,0.3735408560311284
2024-01-01 00:26:30.000000,2024-01-01 00:26:34.000000,4,-0.8593385214007784,-1.48,9.622128505825096,0.05078125,756.3761465667551,220.84999999999997,-0.1245136186770428
2024-01-01 00:26:33.000000,2024-01-01 00:26:37.000000,4,1.786381322957198,-1.61,32.35519642471901,0.02734375,4006.894736861421,459.10000000000025,-0.3735408560311284
2024-01-01 00:26:36.000000,2024-01-01 00:26:40.000000,4,-0.9841245136186774,1.16,49.50186712182618,0.046875,4243.814134647814,252.9199999999998,-0.4980544747081712
2024-01-01 00:26:39.000000,2024-01-01 00:26:43.000000,4,2.740194552529184,6.07,30.406448681922345,0.0546875,2588.884478824509,704.2299999999999,-0.2490272373540856
2024-01-01 00:26:42.000000,2024-01-01 00:26:46.000000,4,2.9891828793774313,-0.63,42.93977126127166,0.02734375,4943.480142905046,768.22,0.3735408560311284
2024-01-01 00:26:45.000000,2024-01-01 00:26:49.000000,4,0.5543968871595323,11.04,64.57530270966593,0.02734375,6875.901717714681,142.4799999999999,-0.2490272373540856
2024-01-01 00:26:48.000000,2024-01-01 00:26:52.000000,0,-4.37194552529183,-3.67,55.93629317229017,0.05078125,4699.016866620702,1123.5900000000001,0.4980544747081712
2024-01-01 00:26:51.000000,2024-01-01 00:26:55.000000,0,-0.7803112840466925,-3.74,17.56556151864277,0.0234375,2253.46505361455,200.53999999999982,0.3735408560311284
2024-01-01 00:26:54.000000,2024-01-01 00:26:58.000000,0,-0.7519455252918288,-1.14,7.733754603208327,0.02734375,863.5166280810846,193.24999999999994,0.2490272373540856
2024-01-01 00:26:57.000000,2024-01-01 00:27:01.000000,0,-1.401089494163424,0.27,9.096433000886433,0.04296875,776.6564047677016,360.0799999999999,0.4980544747081712
2024-01-01 00:27:00.000000,2024-01-01 00:27:04.000000,0,5.998093385214009,1.97,33.90010863539001,0.03125,2496.518160531386,1541.5099999999998,0.622568093385214
2024-01-01 00:27:03.000000,2024-01-01 00:27:07.000000,0,2.717470817120622,-5.1,46.40559679069025,0.0390625,5042.886038311993,698.3900000000002,0.3735408560311284
2024-01-01 00:27:06.000000,2024-01-01 00:27:10.000000,0,3.4218287937743184,-3.31,36.971564730148685,0.0546875,2658.1015371168273,879.4099999999999,-0.2490272373540856
2024-01-01 00:27:09.000000,2024-01-01 00:27:13.000000,0,1.3640466926070038,-4.28,36.71012070896201,0.0625,3143.954636733131,350.55999999999995,-0.622568093385214
2024-01-01 00:27:12.000000,2024-01-01 00:27:16.000000,0,-1.7960311284046693,-0.3,18.02663155234574,0.05078125,1704.4367119493395,461.5799999999999,0.622568093385214
2024-01-01 00:27:15.000000,2024-01-01 00:27:19.000000,0,0.9372762645914396,-2.8,18.089435052566902,0.04296875,1622.9914986969923,240.88000000000022,-0.622568093385214
2024-01-01 00:27:18.000000,2024-01-01 00:27:22.000000,0,-2.515447470817121,-1.55,5.566250481957669,0.05078125,494.8262314724086,646.4699999999999,0.0
2024-01-01 00:27:21.000000,2024-01-01 00:27:25.000000,0,3.68704280155642,2.01,13.22816853473364,0.046875,1266.6376228803729,947.5699999999999,0.3735408560311284
2024-01-01 00:27:24.000000,2024-01-01 00:27:28.000000,0,-0.9416731517509725,-0.26,13.486149750030693,0.03125,1265.2083424598084,242.01000000000005,-0.2490272373540856
2024-01-01 00:27:27.000000,2024-01-01 00:27:31.000000,0,0.4916731517509727,0.12,3.5800688391081126,0.05078125,393.1478121441258,126.36000000000001,0.3735408560311284
2024-01-01 00:27:30.000000,2024-01-01 00:27:34.000000,0,2.9836964980544742,-0.01,37.310994420437275,0.01953125,3170.0741271462903,766.8100000000001,0.3735408560311284
2024-01-01 00:27:33.000000,2024-01-01 00:27:37.000000,0,-0.695447470817122,2.92,86.41594744799215,0.03125,10784.324386968592,178.73000000000064,0.4980544747081712
2024-01-01 00:27:36.000000,2024-01-01 00:27:40.000000,0,7.384357976653696,4.41,27.02042172707251,0.0390625,2595.844522883752,1897.7800000000002,0.4980544747081712
2024-01-01 00:27:39.000000,2024-01-01 00:27:43.000000,0,2.1839688715953307,3.67,11.683128820238064,0.03125,1329.425379220566,561.28,0.3735408560311284
2024-01-01 00:27:42.000000,2024-01-01 00:27:46.000000,0,-0.738054474708171,-1.56,10.095760757003204,0.03125,1129.1404499567566,189.67999999999995,-0.2490272373540856
2024-01-01 00:27:45.000000,2024-01-01 00:27:49.000000,0,-0.6924902723735408,-1.87,8.494350283751492,0.0390625,809.0682976666931,177.96999999999997,0.622568093385214
2024-01-01 00:27:48.000000,2024-01-01 00:27:52.000000,0,0.7932684824902728,2.73,14.27060758474536,0.02734375,1222.6389692764806,203.87000000000006,-0.1245136186770428
2024-01-01 00:27:51.000000,2024-01-01 00:27:55.000000,0,-2.3071206225680942,-9.86,34.31840885309297,0.03125,3485.1342241548473,592.9300000000001,0.4980544747081712
2024-01-01 00:27:54.000000,2024-01-01 00:27:58.000000,0,0.893579766536964,-10.44,35.605096551146495,0.02734375,3244.0347143846975,229.64999999999972,0.2490272373540856
2024-01-01 00:27:57.000000,2024-01-01 00:28:01.000000,0,2.834824902723735,-2.48,30.6299011267687,0.01953125,2869.276167912883,728.55,0.3735408560311284
2024-01-01 00:28:00.000000,2024-01-01 00:28:04.000000,0,-0.8635408560311287,-2.03,6.899558828123603,0.046875,774.0360546922932,221.92999999999995,0.3735408560311284
2024-01-01 00:28:03.000000,2024-01-01 00:28:07.000000,0,-1.268015564202334,-1.82,23.222939198796674,0.03515625,1994.4269311151738,325.88000000000005,0.4980544747081712
2024-01-01 00:28:06.000000,2024-01-01 00:28:10.000000,0,-4.395680933852139,-3.07,19.507313983501785,0.03515625,1887.720035342616,1129.6899999999998,0.3735408560311284
2024-01-01 00:28:09.000000,2024-01-01 00:28:13.000000,0,1.4831128404669263,4.53,9.990418282528196,0.03515625,1002.9661739076151,381.16,0.3735408560311284
2024-01-01 00:28:12.000000,2024-01-01 00:28:16.000000,0,-1.0348638132295722,-2.4,6.760839855209333,0.03515625,616.1264267299847,265.96,0.2490272373540856
2024-01-01 00:28:15.000000,2024-01-01 00:28:19.000000,0,-1.5815175097276262,-2.98,14.56153327104649,0.01171875,1505.040811282126,406.44999999999993,-0.2490272373540856
2024-01-01 00:28:18.000000,2024-01-01 00:28:22.000000,0,-4.350856031128405,-3.5,17.162470094164718,0.04296875,1021.523282998253,1118.17,0.0
2024-01-01 00:28:21.000000,2024-01-01 00:28:25.000000,0,1.8206614785992217,0.76,26.193191027466693,0.05078125,2086.5123111248477,467.90999999999997,-0.7470817120622568
2024-01-01 00:28:24.000000,2024-01-01 00:28:28.000000,0,0.2366926070038911,-2.15,12.726795810279457,0.04296875,1331.1230032951,60.83000000000003,0.4980544747081712
2024-01-01 00:28:27.000000,2024-01-01 00:28:31.000000,0,0.27910505836575883,3.78,11.732313732767118,0.0234375,1209.1792880563644,71.73000000000005,0.3735408560311284
2024-01-01 00:28:30.000000,2024-01-01 00:28:34.000000,0,-0.2830739299610894,0.52,9.17404236989721,0.02734375,987.1980020503091,72.74999999999999,0.4980544747081712
2024-01-01 00:28:33.000000,2024-01-01 00:28:37.000000,0,0.2159922178988327,0.65,3.9185331738182594,0.05859375,321.2063038197001,55.50999999999998,0.2490272373540856
2024-01-01 00:28:36.000000,2024-01-01 00:28:40.000000,0,0.36879377431906607,0.34,5.4544832928941185,0.0546875,491.45949673422837,94.77999999999997,0.4980544747081712
2024-01-01 00:28:39.000000,2024-01-01 00:28:43.000000,0,0.4071206225680934,1.06,11.354001268354677,0.0234375,1416.592289647684,104.63000000000011,-0.3735408560311284
2024-01-01 00:28:42.000000,2024-01-01 00:28:46.000000,0,2.1619455252918285,1.32,25.31495486763004,0.03515625,2800.8521795118536,555.6200000000001,-0.3735408560311284
2024-01-01 00:28:45.000000,2024-01-01 00:28:49.000000,0,-0.5471206225680935,-5.81,32.337619556049574,0.046875,2760.1262777545653,140.61000000000024,0.2490272373540856
2024-01-01 00:28:48.000000,2024-01-01 00:28:52.000000,0,1.723968871595331,-1.15,45.08292353367047,0.04296875,4828.394521697507,443.05999999999983,-0.4980544747081712
2024-01-01 00:28:51.000000,2024-01-01 00:28:55.000000,0,1.2170428015564192,0.21,38.141607271892966,0.0390625,3721.764879675114,312.77999999999975,0.4980544747081712
2024-01-01 00:28:54.000000,2024-01-01 00:28:58.000000,0,1.5845136186770425,-0.49,22.01639129825016,0.015625,2377.3363144599607,407.21999999999997,0.2490272373540856
2024-01-01 00:28:57.000000,2024-01-01 00:29:01.000000,0,3.586575875486381,0.94,24.901566167704637,0.02734375,1803.1181143663457,921.7499999999997,0.7470817120622568
2024-01-01 00:29:00.000000,2024-01-01 00:29:04.000000,0,-2.4598443579766536,-0.35,35.487840776024,0.04296875,3161.505382141208,632.1799999999998,0.2490272373540856
2024-01-01 00:29:03.000000,2024-01-01 00:29:07.000000,0,-0.09112840466926055,-0.25,33.62371159083429,0.04296875,2914.3942185941073,23.419999999999902,-0.4980544747081712
2024-01-01 00:29:06.000000,2024-01-01 00:29:10.000000,0,0.046653696498054675,-5.41,37.98093332938268,0.0546875,4036.150526829636,11.989999999999672,0.3735408560311284
2024-01-01 00:29:09.000000,2024-01-01 00:29:13.000000,0,-2.517431906614786,-2.72,21.919786002129086,0.0546875,2181.813758698164,646.98,1.1206225680933852
2024-01-01 00:29:12.000000,2024-01-01 00:29:16.000000,0,2.2470817120622564,-0.39,30.13950502139514,0.09375,2654.5291721201206,577.5,1.1206225680933852
2024-01-01 00:29:15.000000,2024-01-01 00:29:19.000000,0,0.15319066147859942,-1.06,18.810462117992017,0.06640625,1240.4605408431569,39.369999999999905,0.3735408560311284
2024-01-01 00:29:18.000000,2024-01-01 00:29:22.000000,0,0.705058365758755,0.3,7.964704763469669,0.05859375,643.1981078295725,181.20000000000002,0.7470817120622568
2024-01-01 00:29:21.000000,2024-01-01 00:29:25.000000,0,0.29023346303501935,-0.61,28.08971119369657,0.04296875,2808.212666469639,74.58999999999997,-0.4980544747081712
2024-01-01 00:29:24.000000,2024-01-01 00:29:28.000000,0,0.5562645914396888,0.77,19.325520308932646,0.05078125,1512.5064137752242,142.9599999999998,0.3735408560311284
2024-01-01 00:29:27.000000,2024-01-01 00:29:31.000000,0,1.3371206225680934,1.67,7.565639345623713,0.0859375,815.0145696880819,343.64,0.7470817120622568
2024-01-01 00:29:30.000000,2024-01-01 00:29:34.000000,0,-0.6029961089494164,-0.06,7.292921277094048,0.0703125,952.7911951076138,154.96999999999994,-0.8715953307392996
2024-01-01 00:29:33.000000,2024-01-01 00:29:37.000000,0,-0.6393385214007782,-1.35,8.465932323590348,0.0703125,688.4813705858803,164.31000000000006,0.8715953307392996
2024-01-01 00:29:36.000000,2024-01-01 00:29:40.000000,0,-0.2511673151750973,-0.28,16.361050863279008,0.07421875,1547.1040099634447,64.54999999999998,0.8715953307392996
2024-01-01 00:29:39.000000,2024-01-01 00:29:43.000000,0,-0.5080933852140078,-0.58,7.540057393100209,0.078125,584.4413805898055,130.57999999999996,0.7470817120622568
2024-01-01 00:29:42.000000,2024-01-01 00:29:46.000000,0,-4.188832684824903,-6.4,29.017864288241515,0.05078125,1945.1590001939676,1076.53,1.245136186770428
2024-01-01 00:29:45.000000,2024-01-01 00:29:49.000000,0,-2.622762645914397,-4.9,24.368318486378957,0.046875,1822.7320149916106,674.0499999999997,0.3735408560311284
2024-01-01 00:29:48.000000,2024-01-01 00:29:52.000000,0,-0.3867704280155641,0.09,5.694938617513544,0.06640625,546.4938032874925,99.40000000000002,-0.8715953307392996
2024-01-01 00:29:51.000000,2024-01-01 00:29:55.000000,0,2.4223735408560314,2.59,28.102433436402308,0.046875,2629.9957170192874,622.5500000000001,0.4980544747081712
2024-01-01 00:29:54.000000,2024-01-01 00:29:58.000000,0,0.07303501945525329,2.66,29.45039362220266,0.05078125,2657.2633922607124,18.769999999999996,0.4980544747081712
2024-01-01 00:29:57.000000,2024-01-01 00:30:01.000000,0,0.10859922178988331,0.26,3.5632836285728975,0.08203125,423.6199702363134,27.910000000000032,0.7470817120622568
2024-01-01 00:30:00.000000,2024-01-01 00:30:04.000000,0,-0.43035019455252926,0.06,2.6076185469235575,0.078125,348.4932951464705,110.60000000000001,0.7470817120622568
2024-01-01 00:30:03.000000,2024-01-01 00:30:07.000000,0,1.7449416342412454,1.26,36.56482405135757,0.046875,3074.0223472017383,448.4500000000001,0.2490272373540856
2024-01-01 00:30:06.000000,2024-01-01 00:30:10.000000,0,-2.5117509727626466,-0.87,93.07777941038887,0.0390625,7474.743037202155,645.5199999999998,0.2490272373540856
2024-01-01 00:30:09.000000,2024-01-01 00:30:13.000000,0,0.35019455252918286,2.11,8.45151204349709,0.046875,736.4171021158822,90.0,0.4980544747081712
2024-01-01 00:30:12.000000,2024-01-01 00:30:16.000000,0,1.6840077821011676,2.21,4.644905547674162,0.05078125,684.8366008765382,432.79,-0.622568093385214
2024-01-01 00:30:15.000000,2024-01-01 00:30:19.000000,0,-0.3152918287937743,0.21,3.481436374674906,0.046875,349.3780227497524,81.03000000000002,0.622568093385214
2024-01-01 00:30:18.000000,2024-01-01 00:30:22.000000,0,-1.1941245136186769,-0.68,9.042858289663496,0.05078125,873.8302781908561,306.89,0.2490272373540856
2024-01-01 00:30:21.000000,2024-01-01 00:30:25.000000,0,-2.291206225680934,0.2,8.416454012748547,0.03515625,717.764107097282,588.8399999999999,0.1245136186770428
2024-01-01 00:30:24.000000,2024-01-01 00:30:28.000000,0,2.0972762645914402,1.82,13.532152956792796,0.02734375,1418.6399285211905,539.0,0.4980544747081712
2024-01-01 00:30:27.000000,2024-01-01 00:30:31.000000,0,-0.9068871595330741,-0.93,21.311660972279316,0.0390625,2917.6777074919733,233.06999999999988,0.2490272373540856
2024-01-01 00:30:30.000000,2024-01-01 00:30:34.000000,0,-5.049455252918288,-2.08,18.035977599879132,0.02734375,2218.503209152039,1297.7099999999996,0.3735408560311284
2024-01-01 00:30:33.000000,2024-01-01 00:30:37.000000,0,1.878599221789883,2.16,3.7386246717751206,0.05078125,342.6708202411159,482.80000000000007,0.0
2024-01-01 00:30:36.000000,2024-01-01 00:30:40.000000,0,0.47805447470817125,0.96,4.873675872752096,0.02734375,448.68485841187567,122.85999999999999,-0.2490272373540856
2024-01-01 00:30:39.000000,2024-01-01 00:30:43.000000,0,-1.4961867704280156,-3.52,6.776788758049828,0.01953125,1045.560889285338,384.5199999999999,-0.2490272373540856
2024-01-01 00:30:42.000000,2024-01-01 00:30:46.000000,0,1.3832684824902723,0.73,9.33057805988149,0.03515625,1063.8936308720313,355.5,0.622568093385214
2024-01-01 00:30:45.000000,2024-01-01 00:30:49.000000,0,2.523929961089494,3.48,16.24662240507855,0.03515625,1577.505635919367,648.65,0.4980544747081712
2024-01-01 00:30:48.000000,2024-01-01 00:30:52.000000,0,-0.7035019455252919,0.11,17.216945146816045,0.0234375,1604.0290682283808,180.79999999999998,0.3735408560311284
2024-01-01 00:30:51.000000,2024-01-01 00:30:55.000000,0,-0.5748249027237353,-0.88,7.845358106350367,0.0390625,763.6788361059287,147.72999999999996,0.3735408560311284
2024-01-01 00:30:54.000000,2024-01-01 00:30:58.000000,0,1.6945914396887158,1.31,15.545729917893295,0.04296875,1357.6048437110696,435.5099999999998,-0.7470817120622568
2024-01-01 00:30:57.000000,2024-01-01 00:31:01.000000,0,-1.8446303501945527,-1.97,24.88064673580113,0.0625,1657.1567070752524,474.06999999999994,0.8715953307392996
2024-01-01 00:31:00.000000,2024-01-01 00:31:04.000000,0,-1.1414007782101168,-0.06,24.646902212147396,0.06640625,2051.4601266493546,293.34,0.9961089494163424
2024-01-01 00:31:03.000000,2024-01-01 00:31:07.000000,0,1.0595719844357976,0.95,7.725951967263452,0.0703125,606.70649127835,272.30999999999995,0.8715953307392996
2024-01-01 00:31:06.000000,2024-01-01 00:31:10.000000,0,0.20677042801556417,1.4,10.815427172319502,0.0625,970.300230057149,53.13999999999994,0.4980544747081712
2024-01-01 00:31:09.000000,2024-01-01 00:31:13.000000,0,-0.8100389105058367,-1.17,8.743048957692336,0.078125,864.0147310899657,208.18000000000004,1.3696498054474708
2024-01-01 00:31:12.000000,2024-01-01 00:31:16.000000,0,0.23217898832684825,0.58,6.434043240526368,0.0625,572.8036224102199,59.66999999999996,-0.7470817120622568
2024-01-01 00:31:15.000000,2024-01-01 00:31:19.000000,0,-0.5404280155642023,1.4,14.661813663193655,0.04296875,1649.535342939395,138.88999999999996,0.4980544747081712
2024-01-01 00:31:18.000000,2024-01-01 00:31:22.000000,0,-2.675486381322957,-1.37,14.646602950348775,0.06640625,1363.3425461073102,687.5999999999999,0.8715953307392996
2024-01-01 00:31:21.000000,2024-01-01 00:31:25.000000,0,-1.0882101167315175,-0.07,12.924987363487189,0.05859375,1237.8848283020618,279.66999999999996,-0.7470817120622568
2024-01-01 00:31:24.000000,2024-01-01 00:31:28.000000,0,0.26233463035019483,1.1,13.595692763361122,0.05859375,987.1105302997419,67.42000000000002,0.7470817120622568
2024-01-01 00:31:27.000000,2024-01-01 00:31:31.000000,0,-2.324396887159533,-2.19,14.438379888165786,0.06640625,1205.3286502721714,597.3699999999999,0.4980544747081712
2024-01-01 00:31:30.000000,2024-01-01 00:31:34.000000,0,-0.6262645914396887,-1.04,14.011823831534846,0.07421875,1286.0884421169387,160.95000000000005,-1.3696498054474708
2024-01-01 00:31:33.000000,2024-01-01 00:31:37.000000,0,-0.9054863813229572,-1.2,12.8860414978831,0.07421875,1014.3242466969557,232.7099999999999,0.7470817120622568
2024-01-01 00:31:36.000000,2024-01-01 00:31:40.000000,0,0.07470817120622572,0.67,10.63631853073043,0.0703125,879.4614025903165,19.199999999999974,0.3735408560311284
2024-01-01 00:31:39.000000,2024-01-01 00:31:43.000000,0,1.1488326848249026,0.53,7.776451143166305,0.08203125,632.751797024818,295.24999999999994,-0.8715953307392996
2024-01-01 00:31:42.000000,2024-01-01 00:31:46.000000,0,-0.7422178988326849,0.14,20.98874719304572,0.07421875,1698.9096450256307,190.75000000000006,-0.622568093385214
2024-01-01 00:31:45.000000,2024-01-01 00:31:49.000000,0,0.39140077821011676,0.86,9.91788557506869,0.05859375,876.1805642356627,100.59000000000002,0.3735408560311284
2024-01-01 00:31:48.000000,2024-01-01 00:31:52.000000,0,-1.6579766536964984,-0.73,13.212234142881654,0.0546875,1014.1728703011858,426.09999999999997,0.622568093385214
2024-01-01 00:31:51.000000,2024-01-01 00:31:55.000000,0,1.1006614785992217,0.68,9.795163464440598,0.0546875,908.0835542862661,282.8699999999999,-0.4980544747081712
2024-01-01 00:31:54.000000,2024-01-01 00:31:58.000000,0,0.29653696498054466,0.3,10.625722552251085,0.07421875,930.7232521137473,76.21,0.3735408560311284
2024-01-01 00:31:57.000000,2024-01-01 00:32:01.000000,0,-0.010155642023346357,-0.17,5.646716549303757,0.07421875,467.11030354345036,2.6100000000000083,0.7470817120622568
2024-01-01 00:32:00.000000,2024-01-01 00:32:04.000000,0,0.03910505836575878,-0.4,5.926187016566881,0.0859375,510.5153275047769,10.049999999999969,0.7470817120622568
2024-01-01 00:32:03.000000,2024-01-01 00:32:07.000000,0,0.8164591439688718,1.05,10.341393439606595,0.078125,1028.0702264690303,209.82999999999998,-0.8715953307392996
2024-01-01 00:32:06.000000,2024-01-01 00:32:10.000000,0,-1.1430350194552534,-1.62,41.5290657736714,0.0546875,3336.98431636142,293.75999999999993,-0.4980544747081712
2024-01-01 00:32:09.000000,2024-01-01 00:32:13.000000,0,0.6937743190661478,0.68,26.80155273595626,0.0703125,2204.4736559270186,178.3,0.3735408560311284
2024-01-01 00:32:12.000000,2024-01-01 00:32:16.000000,0,5.721828793774319,6.43,48.702536078427926,0.046875,4364.4014695306905,1470.5099999999998,-0.4980544747081712
2024-01-01 00:32:15.000000,2024-01-01 00:32:19.000000,0,1.2177042801556421,1.36,63.86083877223552,0.04296875,5748.116351554656,312.94999999999993,0.3735408560311284
2024-01-01 00:32:18.000000,2024-01-01 00:32:22.000000,0,4.001867704280156,5.52,18.342050975778427,0.0390625,2086.3575058657707,1028.48,0.4980544747081712
2024-01-01 00:32:21.000000,2024-01-01 00:32:25.000000,0,-1.4361478599221786,1.83,17.535118945452783,0.05078125,1568.1247921869715,369.09,0.9961089494163424
2024-01-01 00:32:24.000000,2024-01-01 00:32:28.000000,0,-0.9495330739299612,2.47,16.662624547542876,0.05078125,1375.0930594838007,244.03000000000003,1.3696498054474708
2024-01-01 00:32:27.000000,2024-01-01 00:32:31.000000,0,-0.3884824902723736,0.93,14.551533599935224,0.046875,1627.5535246038708,99.84000000000006,0.4980544747081712
2024-01-01 00:32:30.000000,2024-01-01 00:32:34.000000,0,0.9367704280155638,3.93,28.91415135385262,0.05859375,2197.6966146839773,240.7499999999999,0.4980544747081712
2024-01-01 00:32:33.000000,2024-01-01 00:32:37.000000,0,-10.202684824902725,0.98,83.29867865584924,0.03515625,6504.669234045134,2622.09,0.2490272373540856
2024-01-01 00:32:36.000000,2024-01-01 00:32:40.000000,0,0.16058365758754867,15.85,92.08606899196202,0.046875,8695.974065686572,41.27000000000025,0.622568093385214
2024-01-01 00:32:39.000000,2024-01-01 00:32:43.000000,0,-10.268560311284048,-7.22,68.89634557410193,0.0546875,5245.0734069922055,2639.0199999999995,0.2490272373540856
2024-01-01 00:32:42.000000,2024-01-01 00:32:46.000000,0,8.161128404669261,-19.06,117.2534181466839,0.03515625,11170.36433268077,2097.41,0.2490272373540856
2024-01-01 00:32:45.000000,2024-01-01 00:32:49.000000,0,1.6700389105058366,-10.59,106.7843719162376,0.046875,8708.925008634878,429.19999999999976,0.4980544747081712
2024-01-01 00:32:48.000000,2024-01-01 00:32:52.000000,0,2.2890272373540856,8.1,66.55115541401713,0.05859375,7357.161957817915,588.2799999999996,0.7470817120622568
2024-01-01 00:32:51.000000,2024-01-01 00:32:55.000000,0,2.834007782101167,6.73,40.09407755965106,0.05859375,3935.8274889657987,728.3400000000005,-0.8715953307392996
2024-01-01 00:32:54.000000,2024-01-01 00:32:58.000000,0,-0.9012451361867702,-1.46,25.806245943445163,0.0546875,3449.3473558300507,231.61999999999975,0.4980544747081712
2024-01-01 00:32:57.000000,2024-01-01 00:33:01.000000,0,-1.392645914396887,-2.91,19.033324620170536,0.0625,2008.503796521594,357.90999999999985,0.4980544747081712
2024-01-01 00:33:00.000000,2024-01-01 00:33:04.000000,0,-0.21311284046692666,-0.32,40.83138464837585,0.0546875,2945.0962766692933,54.76999999999964,-0.2490272373540856
2024-01-01 00:33:03.000000,2024-01-01 00:33:07.000000,0,-1.9526459143968873,1.29,19.790026982593783,0.08203125,1591.711236592617,501.83000000000015,-0.622568093385214
2024-01-01 00:33:06.000000,2024-01-01 00:33:10.000000,0,0.6556809338521401,2.29,16.882087204554253,0.05078125,1550.831219006235,168.51,0.4980544747081712
2024-01-01 00:33:09.000000,2024-01-01 00:33:13.000000,0,1.107003891050584,2.75,12.89387736137354,0.0546875,1414.3576604813818,284.50000000000006,-0.622568093385214
2024-01-01 00:33:12.000000,2024-01-01 00:33:16.000000,0,1.1394163424124515,2.55,15.093682221955916,0.05078125,1236.0073922524564,292.8299999999999,0.2490272373540856
2024-01-01 00:33:15.000000,2024-01-01 00:33:19.000000,0,-2.2337743190661477,2.99,61.216603415623624,0.0390625,6247.257936585403,574.0800000000002,0.622568093385214
2024-01-01 00:33:18.000000,2024-01-01 00:33:22.000000,0,-0.45431906614786033,-6.98,62.799700216549,0.03515625,5550.174138996816,116.7599999999999,0.3735408560311284
2024-01-01 00:33:21.000000,2024-01-01 00:33:25.000000,0,-0.6839688715953308,1.91,25.94888012032555,0.05078125,2425.229076230317,175.78000000000014,0.3735408560311284
2024-01-01 00:33:24.000000,2024-01-01 00:33:28.000000,0,1.6440856031128408,2.71,12.531946677971405,0.0546875,1030.2680852857843,422.5300000000001,-0.8715953307392996
2024-01-01 00:33:27.000000,2024-01-01 00:33:31.000000,0,-1.7424124513618675,-0.36,14.968982788414326,0.0546875,1472.8122791156661,447.80000000000007,-0.622568093385214
2024-01-01 00:33:30.000000,2024-01-01 00:33:34.000000,0,-0.9232295719844359,1.11,16.643953249258328,0.0546875,1423.2510556485465,237.2699999999999,0.7470817120622568
2024-01-01 00:33:33.000000,2024-01-01 00:33:37.000000,5,1.025603112840467,2.49,14.927799403964084,0.0625,1272.0578233625893,263.5799999999998,0.622568093385214
2024-01-01 00:33:36.000000,2024-01-01 00:33:40.000000,5,-0.02361867704280156,1.88,11.667183835480602,0.0546875,1079.5264238442048,6.069999999999997,0.7470817120622568
2024-01-01 00:33:39.000000,2024-01-01 00:33:43.000000,5,0.16295719844357975,1.35,5.607814355505818,0.04296875,652.2835595316413,41.879999999999995,-0.7470817120622568
2024-01-01 00:33:42.000000,2024-01-01 00:33:46.000000,5,-0.7283657587548638,0.22,4.513121976533865,0.046875,637.7607296926124,187.19,-0.7470817120622568
2024-01-01 00:33:45.000000,2024-01-01 00:33:49.000000,5,1.0424124513618676,1.84,7.055218897284078,0.05859375,679.1648377770634,267.9,-0.7470817120622568
2024-01-01 00:33:48.000000,2024-01-01 00:33:52.000000,5,1.194396887159533,1.89,6.2327008502526615,0.08203125,711.4057178889002,306.96,-1.6186770428015564
2024-01-01 00:33:51.000000,2024-01-01 00:33:55.000000,5,-0.6164202334630351,0.43,9.072057267936197,0.06640625,705.5714604406918,158.42000000000004,0.7470817120622568
2024-01-01 00:33:54.000000,2024-01-01 00:33:58.000000,5,-1.406770428015564,0.38,11.371290092036487,0.05859375,1286.556092005492,361.5399999999999,0.7470817120622568
2024-01-01 00:33:57.000000,2024-01-01 00:34:01.000000,5,-3.02443579766537,-0.84,34.33844248929454,0.0546875,2299.9783046070543,777.28,1.1206225680933852
2024-01-01 00:34:00.000000,2024-01-01 00:34:04.000000,5,-0.510155642023346,4.9,46.669281510372855,0.05078125,3765.53916596761,131.1099999999998,0.8715953307392996
2024-01-01 00:34:03.000000,2024-01-01 00:34:07.000000,5,5.142607003891051,-1.43,49.61297088752453,0.05078125,5330.642263175037,1321.6499999999999,0.3735408560311284
2024-01-01 00:34:06.000000,2024-01-01 00:34:10.000000,5,-1.0869649805447474,-2.75,52.660188073535906,0.0546875,4405.506044786333,279.34999999999997,0.4980544747081712
2024-01-01 00:34:09.000000,2024-01-01 00:34:13.000000,5,-0.03723735408560292,-0.46,12.825334020157102,0.0546875,1270.7744736901013,9.570000000000014,-0.7470817120622568
2024-01-01 00:34:12.000000,2024-01-01 00:34:16.000000,5,-0.5193774319066149,0.76,21.616589739240666,0.05859375,1354.5349244188833,133.47999999999988,0.3735408560311284
2024-01-01 00:34:15.000000,2024-01-01 00:34:19.000000,5,-1.7056809338521397,0.08,22.248670352285643,0.0703125,1757.3326591613134,438.3600000000001,-0.9961089494163424
2024-01-01 00:34:18.000000,2024-01-01 00:34:22.000000,5,0.3447859922178988,-0.32,9.369600948102219,0.0703125,926.2765333817389,88.61000000000006,-0.8715953307392996
2024-01-01 00:34:21.000000,2024-01-01 00:34:25.000000,5,1.1821400778210116,1.35,10.122241739064108,0.0546875,1089.931612261975,303.81,0.8715953307392996
2024-01-01 00:34:24.000000,2024-01-01 00:34:28.000000,5,0.5626848249027238,1.32,11.044025967029999,0.05078125,1013.7055163062425,144.60999999999996,0.7470817120622568
2024-01-01 00:34:27.000000,2024-01-01 00:34:31.000000,5,-0.9333463035019457,-1.3,12.36323685275267,0.046875,1225.0522220880343,239.87000000000003,-0.7470817120622568
2024-01-01 00:34:30.000000,2024-01-01 00:34:34.000000,5,-0.48062256809338605,3.93,37.05056581153175,0.05078125,3299.7201698213576,123.52000000000008,0.3735408560311284
2024-01-01 00:34:33.000000,2024-01-01 00:34:37.000000,5,3.8310116731517505,3.55,42.408326493788564,0.05078125,3093.0076204309435,984.5699999999997,-0.4980544747081712
2024-01-01 00:34:36.000000,2024-01-01 00:34:40.000000,5,0.8523735408560309,-2.66,48.02729805847317,0.05859375,3557.191735892282,219.05999999999992,0.622568093385214
2024-01-01 00:34:39.000000,2024-01-01 00:34:43.000000,5,2.969494163424125,4.31,28.310458082703367,0.05078125,1900.5044468157434,763.1600000000001,-0.8715953307392996
2024-01-01 00:34:42.000000,2024-01-01 00:34:46.000000,5,2.8365758754863815,2.88,18.548446130459872,0.046875,2074.9783916443257,729.0000000000002,0.4980544747081712
2024-01-01 00:34:45.000000,2024-01-01 00:34:49.000000,5,-0.7812451361867705,-0.79,6.107435913996949,0.05078125,634.5558672299178,200.78,-0.7470817120622568
2024-01-01 00:34:48.000000,2024-01-01 00:34:52.000000,5,-1.4671206225680933,-1.54,6.9061276768750535,0.05859375,557.4763426865751,377.05,-0.7470817120622568
2024-01-01 00:34:51.000000,2024-01-01 00:34:55.000000,5,2.2152140077821008,2.51,6.630640409430904,0.0546875,606.5451392107241,569.31,0.7470817120622568
2024-01-01 00:34:54.000000,2024-01-01 00:34:58.000000,5,-0.8690661478599223,-0.98,6.5107404580442045,0.05078125,620.7831572422538,223.35,0.622568093385214
2024-01-01 00:34:57.000000,2024-01-01 00:35:01.000000,5,-1.2542801556420233,-2.03,14.11761024779712,0.05859375,1487.5641068814296,322.3499999999999,0.7470817120622568
2024-01-01 00:35:00.000000,2024-01-01 00:35:04.000000,5,0.3824124513618677,0.63,8.962398557715694,0.05078125,753.1585732707982,98.27999999999996,0.3735408560311284
2024-01-01 00:35:03.000000,2024-01-01 00:35:07.000000,5,0.6164980544747082,0.73,4.107288799466476,0.05078125,382.51656646062406,158.43999999999997,0.622568093385214
2024-01-01 00:35:06.000000,2024-01-01 00:35:10.000000,5,1.2008560311284049,-0.35,9.057397143459497,0.05859375,470.980122848135,308.61999999999995,-1.9922178988326849
2024-01-01 00:35:09.000000,2024-01-01 00:35:13.000000,5,-0.4895719844357976,0.31,14.099732800676124,0.0546875,1249.9144268209336,125.81999999999991,-0.4980544747081712
2024-01-01 00:35:12.000000,2024-01-01 00:35:16.000000,5,-0.45918287937743174,-0.44,12.097110019094673,0.05078125,1233.357389388404,118.00999999999993,-0.2490272373540856
2024-01-01 00:35:15.000000,2024-01-01 00:35:19.000000,5,2.1570038910505835,1.18,9.360344418283495,0.03515625,898.7720547287321,554.3499999999999,-0.2490272373540856
2024-01-01 00:35:18.000000,2024-01-01 00:35:22.000000,5,-3.5750972762645903,0.02,16.166757755906307,0.0234375,2111.7306721001823,918.8,0.2490272373540856
2024-01-01 00:35:21.000000,2024-01-01 00:35:25.000000,5,-1.7598054474708171,-5.32,23.79815310013838,0.05078125,2348.3078770822613,452.27,-0.4980544747081712
2024-01-01 00:35:24.000000,2024-01-01 00:35:28.000000,5,-1.6466926070038908,-5.92,34.900155750946105,0.08203125,2507.8444258208137,423.20000000000005,0.8715953307392996
2024-01-01 00:35:27.000000,2024-01-01 00:35:31.000000,5,0.8032684824902726,-1.59,30.026683332188753,0.0390625,2790.9564925570794,206.44000000000023,0.4980544747081712
2024-01-01 00:35:30.000000,2024-01-01 00:35:34.000000,5,2.2647859922178992,2.44,25.87194799431283,0.05078125,3217.365644737657,582.05,-0.622568093385214
2024-01-01 00:35:33.000000,2024-01-01 00:35:37.000000,5,-1.3694163424124515,-6.89,27.374419943373017,0.03125,2286.861177395485,351.94000000000017,0.4980544747081712
2024-01-01 00:35:36.000000,2024-01-01 00:35:40.000000,5,0.0035797665369648214,-1.37,13.61029049828526,0.05078125,1201.7455531770543,0.920000000000023,0.7470817120622568
2024-01-01 00:35:39.000000,2024-01-01 00:35:43.000000,5,11.202918287937743,5.54,42.42303035311072,0.0390625,3701.2787402132817,2879.1499999999996,-0.4980544747081712
2024-01-01 00:35:42.000000,2024-01-01 00:35:46.000000,5,-5.2780933852140075,-3.97,66.93816859393446,0.05078125,6867.663294679708,1356.4699999999998,0.3735408560311284
2024-01-01 00:35:45.000000,2024-01-01 00:35:49.000000,5,2.0240856031128405,0.72,30.618928429396718,0.04296875,3487.447616160024,520.1899999999997,0.622568093385214
2024-01-01 00:35:48.000000,2024-01-01 00:35:52.000000,5,-0.8553307392996109,-3.7,40.33477464050519,0.0546875,3324.677606509361,219.81999999999974,0.4980544747081712
2024-01-01 00:35:51.000000,2024-01-01 00:35:55.000000,5,3.1097665369649805,-2.32,46.59289891853459,0.05859375,4567.438278550703,799.21,-0.7470817120622568
2024-01-01 00:35:54.000000,2024-01-01 00:35:58.000000,5,0.23525291828793743,-4.3,55.493924160969506,0.07421875,4233.185380986747,60.45999999999994,0.4980544747081712
2024-01-01 00:35:57.000000,2024-01-01 00:36:01.000000,5,-2.1132295719844354,-1.84,34.202185055577914,0.05078125,3148.9767953126543,543.1,-0.7470817120622568
2024-01-01 00:36:00.000000,2024-01-01 00:36:04.000000,5,-0.7142801556420231,4.14,33.898985736338126,0.02734375,3315.258720910526,183.57000000000005,-0.2490272373540856
2024-01-01 00:36:03.000000,2024-01-01 00:36:07.000000,5,-6.149844357976656,-5.18,32.37042990148465,0.06640625,3114.421003877968,1580.5099999999998,-0.1245136186770428
2024-01-01 00:36:06.000000,2024-01-01 00:36:10.000000,5,1.051400778210117,0.18,15.938482849071791,0.08984375,1063.4801952529479,270.21000000000004,0.622568093385214
2024-01-01 00:36:09.000000,2024-01-01 00:36:13.000000,5,0.8707392996108948,0.49,18.305150269922013,0.0625,1679.221857351631,223.77999999999997,0.622568093385214
2024-01-01 00:36:12.000000,2024-01-01 00:36:16.000000,5,-0.3652529182879377,-1.99,13.23407669506788,0.0703125,1283.2753374107388,93.87000000000003,0.622568093385214
2024-01-01 00:36:15.000000,2024-01-01 00:36:19.000000,5,-3.6591439688715957,-2.53,41.21214183248183,0.0390625,4935.374312575438,940.3999999999997,0.3735408560311284
2024-01-01 00:36:18.000000,2024-01-01 00:36:22.000000,5,9.676147859922178,14.38,38.939410290538895,0.03515625,3527.214190479748,2486.77,0.4980544747081712
2024-01-01 00:36:21.000000,2024-01-01 00:36:25.000000,5,-0.17412451361867703,-0.64,44.48025691019484,0.046875,6245.000955456824,44.750000000000085,0.3735408560311284
2024-01-01 00:36:24.000000,2024-01-01 00:36:28.000000,5,4.5810116731517505,5.59,36.63073617286813,0.0546875,2935.580188206612,1177.3199999999997,0.3735408560311284
2024-01-01 00:36:27.000000,2024-01-01 00:36:31.000000,5,-1.0238521400778207,-1.27,29.486998769477662,0.046875,3415.7600470519346,263.1299999999999,0.3735408560311284
2024-01-01 00:36:30.000000,2024-01-01 00:36:34.000000,5,1.771906614785992,0.56,37.06699410810103,0.0625,2724.674081845554,455.3799999999998,0.4980544747081712
2024-01-01 00:36:33.000000,2024-01-01 00:36:37.000000,5,1.4404280155642026,1.32,39.747813041888996,0.0390625,4473.703053939519,370.1900000000001,0.4980544747081712
2024-01-01 00:36:36.000000,2024-01-01 00:36:40.000000,5,3.427003891050584,-3.16,49.4646558710499,0.03125,3926.6172101819416,880.7399999999999,-0.3735408560311284
2024-01-01 00:36:39.000000,2024-01-01 00:36:43.000000,5,0.6645914396887154,3.84,58.15274136319872,0.0390625,4915.195053842729,170.79999999999978,-0.622568093385214
2024-01-01 00:36:42.000000,2024-01-01 00:36:46.000000,5,12.500700389105056,10.94,50.76966478901343,0.04296875,4680.829207605274,3212.6800000000003,0.2490272373540856
2024-01-01 00:36:45.000000,2024-01-01 00:36:49.000000,5,-1.1079377431906614,-0.71,60.58705006818587,0.04296875,6754.8180263053655,284.7400000000001,0.3735408560311284
2024-01-01 00:36:48.000000,2024-01-01 00:36:52.000000,5,5.793112840466924,7.77,39.82018132873862,0.08203125,4065.751387044632,1488.83,0.3735408560311284
2024-01-01 00:36:51.000000,2024-01-01 00:36:55.000000,5,-6.318910505836576,-8.79,70.55272615809835,0.07421875,6438.869648317655,1623.9599999999996,0.9961089494163424
2024-01-01 00:36:54.000000,2024-01-01 00:36:58.000000,5,-7.183891050583658,-2.77,36.864381008560734,0.0625,3105.991524236971,1846.2599999999998,0.7470817120622568
2024-01-01 00:36:57.000000,2024-01-01 00:37:01.000000,5,0.16824902723735385,-2.08,45.23887916314621,0.06640625,4260.067799967976,43.24000000000034,0.4980544747081712
2024-01-01 00:37:00.000000,2024-01-01 00:37:04.000000,5,8.301673151750974,9.05,52.08141590564243,0.0859375,3534.976390218956,2133.5299999999997,1.4941634241245136
2024-01-01 00:37:03.000000,2024-01-01 00:37:07.000000,5,1.1094552529182882,9.71,69.877471247773,0.078125,5983.498145450571,285.13,-0.8715953307392996
2024-01-01 00:37:06.000000,2024-01-01 00:37:10.000000,5,-0.883929961089494,-3.46,43.97460919252952,0.046875,4487.617811230656,227.16999999999985,0.8715953307392996
2024-01-01 00:37:09.000000,2024-01-01 00:37:13.000000,5,-2.5115953307392997,-0.27,31.179493551821896,0.0546875,3029.6720475445554,645.4799999999997,-0.4980544747081712
2024-01-01 00:37:12.000000,2024-01-01 00:37:16.000000,5,1.6322568093385215,4.54,35.80603034335721,0.0703125,2473.817492814111,419.4899999999999,-0.3735408560311284
2024-01-01 00:37:15.000000,2024-01-01 00:37:19.000000,5,0.6653307392996101,13.45,76.652911851412,0.04296875,7274.8793238617845,170.98999999999938,-0.4980544747081712
2024-01-01 00:37:18.000000,2024-01-01 00:37:22.000000,5,1.528171206225681,3.84,52.34925316744571,0.0390625,7336.155887803506,392.7399999999999,-0.4980544747081712
2024-01-01 00:37:21.000000,2024-01-01 00:37:25.000000,5,0.9228015564202332,4.29,49.24364742433151,0.046875,5126.968284979007,237.1599999999997,0.622568093385214
2024-01-01 00:37:24.000000,2024-01-01 00:37:28.000000,5,0.06739299610894917,-0.31,49.030141612444446,0.06640625,3311.201921143058,17.320000000000185,0.8715953307392996
2024-01-01 00:37:27.000000,2024-01-01 00:37:31.000000,5,2.7730739299610887,1.42,42.40344299256157,0.0859375,2932.9150273061787,712.68,0.7470817120622568
2024-01-01 00:37:30.000000,2024-01-01 00:37:34.000000,5,1.3356420233463033,-3.46,41.64211991777501,0.07421875,3176.190945757548,343.2599999999999,-0.622568093385214
2024-01-01 00:37:33.000000,2024-01-01 00:37:37.000000,5,0.8865758754863814,1.54,33.85048973673899,0.078125,3484.8420542893787,227.84999999999985,0.8715953307392996
2024-01-01 00:37:36.000000,2024-01-01 00:37:40.000000,5,-0.42015564202334577,6.2,54.49356176112166,0.078125,3920.2538441117854,107.98,0.9961089494163424
2024-01-01 00:37:39.000000,2024-01-01 00:37:43.000000,5,-2.2280155642023343,-2.82,49.11893740770722,0.06640625,4226.815487022187,572.5999999999999,0.3735408560311284
2024-01-01 00:37:42.000000,2024-01-01 00:37:46.000000,5,-1.0338910505836578,0.04,36.99581917410511,0.08203125,2965.9238326191753,265.7099999999999,1.6186770428015564
2024-01-01 00:37:45.000000,2024-01-01 00:37:49.000000,5,-0.5838521400778213,-6.75,44.180009499771806,0.0546875,3487.713533606244,150.04999999999978,-0.4980544747081712
2024-01-01 00:37:48.000000,2024-01-01 00:37:52.000000,5,-0.8422957198443585,3.83,41.717646359256165,0.07421875,4228.930736776411,216.47000000000014,-0.8715953307392996
2024-01-01 00:37:51.000000,2024-01-01 00:37:55.000000,5,2.579533073929961,3.95,59.82155531453422,0.07421875,5805.611327891248,662.9400000000002,0.9961089494163424
2024-01-01 00:37:54.000000,2024-01-01 00:37:58.000000,5,1.5087937743190662,-1.11,44.069304870198025,0.08203125,3925.3951827859346,387.75999999999965,0.7470817120622568
2024-01-01 00:37:57.000000,2024-01-01 00:38:01.000000,5,-1.7986770428015564,-6.17,34.862725088361884,0.078125,2829.323506793227,462.2599999999998,-0.7470817120622568
2024-01-01 00:38:00.000000,2024-01-01 00:38:04.000000,5,-3.0042801556420238,-4.11,38.37838994044962,0.0625,3028.9826846613673,772.0999999999997,0.622568093385214
2024-01-01 00:38:03.000000,2024-01-01 00:38:07.000000,5,-3.7695330739299617,-12.01,41.27193993918421,0.0390625,3175.861019535168,968.7699999999999,0.4980544747081712
2024-01-01 00:38:06.000000,2024-01-01 00:38:10.000000,5,-0.10630350194552549,0.12,37.079647834737486,0.0703125,3594.6425568626937,27.319999999999894,-0.8715953307392996
2024-01-01 00:38:09.000000,2024-01-01 00:38:13.000000,5,1.1790661478599223,6.19,43.30258998171489,0.06640625,4495.967669505707,303.0200000000003,0.4980544747081712
2024-01-01 00:38:12.000000,2024-01-01 00:38:16.000000,5,-2.067898832684826,2.1,30.51184537303259,0.078125,2420.067846301655,531.45,0.3735408560311284
2024-01-01 00:38:15.000000,2024-01-01 00:38:19.000000,5,-0.4073929961089498,-1.62,33.32088875107261,0.09375,2274.5916350384914,104.69999999999982,0.4980544747081712
2024-01-01 00:38:18.000000,2024-01-01 00:38:22.000000,5,0.686770428015564,3.13,44.905624570255625,0.09375,3428.097347406683,176.5000000000001,-0.9961089494163424
2024-01-01 00:38:21.000000,2024-01-01 00:38:25.000000,5,-0.36599221789883224,2.95,38.75121483841588,0.07421875,2657.5616998962755,94.05999999999986,0.8715953307392996
2024-01-01 00:38:24.000000,2024-01-01 00:38:28.000000,5,1.7738132295719844,8.93,38.28604229508751,0.078125,3303.5991344482027,455.8699999999999,-0.8715953307392996
2024-01-01 00:38:27.000000,2024-01-01 00:38:31.000000,5,-1.3244357976653696,1.19,42.35509166111955,0.07421875,4895.550606699858,340.3799999999999,0.622568093385214
2024-01-01 00:38:30.000000,2024-01-01 00:38:34.000000,5,-0.6959143968871596,-5.8,44.939526276035885,0.0703125,3879.819875474027,178.85000000000014,0.3735408560311284
2024-01-01 00:38:33.000000,2024-01-01 00:38:37.000000,5,-1.9194163424124517,4.29,39.60976306084321,0.0703125,3203.84726820319,493.2899999999997,0.4980544747081712
2024-01-01 00:38:36.000000,2024-01-01 00:38:40.000000,5,-2.534202334630351,-2.38,39.61347465773358,0.08203125,3175.954617937535,651.29,0.3735408560311284
2024-01-01 00:38:39.000000,2024-01-01 00:38:43.000000,5,2.7586770428015566,6.31,36.651610349501674,0.0859375,2724.20952722507,708.9799999999999,0.4980544747081712
2024-01-01 00:38:42.000000,2024-01-01 00:38:46.000000,5,-2.0624124513618676,-5.52,37.03365602438334,0.078125,3911.507815110151,530.04,0.8715953307392996
2024-01-01 00:38:45.000000,2024-01-01 00:38:49.000000,5,4.202957198443579,1.02,39.06507846252606,0.0546875,3647.660662461392,1080.1599999999999,0.4980544747081712
2024-01-01 00:38:48.000000,2024-01-01 00:38:52.000000,5,0.631517509727629,4.46,65.31547881688381,0.04296875,6151.500225433529,162.3,-0.4980544747081712
2024-01-01 00:38:51.000000,2024-01-01 00:38:55.000000,5,-0.5111673151750973,-1.39,26.429226043474152,0.05859375,2286.6744186724045,131.36999999999986,-0.2490272373540856
2024-01-01 00:38:54.000000,2024-01-01 00:38:58.000000,5,-1.5003891050583653,-1.55,31.65385344834425,0.08203125,3141.4470339168256,385.60000000000014,-0.4980544747081712
2024-01-01 00:38:57.000000,2024-01-01 00:39:01.000000,5,0.5250194552529184,-2.08,26.13380786220268,0.078125,2827.078751759392,134.92999999999986,0.3735408560311284
2024-01-01 00:39:00.000000,2024-01-01 00:39:04.000000,5,-1.3018677042801554,-1.89,47.29112811152379,0.078125,4533.883237026686,334.58000000000015,0.8715953307392996
2024-01-01 00:39:03.000000,2024-01-01 00:39:07.000000,5,-0.11817120622568117,-3.37,49.52763693606401,0.0625,4504.389610273752,30.369999999999777,-0.8715953307392996
2024-01-01 00:39:06.000000,2024-01-01 00:39:10.000000,5,1.4491439688715957,-1.05,32.16207514121793,0.0703125,2894.452358440066,372.42999999999995,0.4980544747081712
2024-01-01 00:39:09.000000,2024-01-01 00:39:13.000000,5,-4.261050583657586,-4.57,24.720252389262484,0.0703125,1617.5844625726772,1095.09,1.1206225680933852
2024-01-01 00:39:12.000000,2024-01-01 00:39:16.000000,5,-1.4574319066147858,0.04,28.01341559923359,0.0703125,2549.5314185086822,374.56000000000006,0.8715953307392996
2024-01-01 00:39:15.000000,2024-01-01 00:39:19.000000,5,5.22330739299611,1.79,37.05364470985339,0.0625,2826.8469978640146,1342.3899999999994,0.3735408560311284
2024-01-01 00:39:18.000000,2024-01-01 00:39:22.000000,5,2.343385214007782,1.04,27.66454609714728,0.0703125,3180.2014017640236,602.2500000000001,0.4980544747081712
2024-01-01 00:39:21.000000,2024-01-01 00:39:25.000000,5,1.2654863813229573,7.0,27.225359886582137,0.06640625,1978.3952505418495,325.22999999999973,0.622568093385214
2024-01-01 00:39:24.000000,2024-01-01 00:39:28.000000,5,-0.08634241245136252,1.06,25.666577044763798,0.0625,2683.792123995821,22.189999999999955,0.2490272373540856
2024-01-01 00:39:27.000000,2024-01-01 00:39:31.000000,5,-2.5605836575875487,-0.4,19.168741259010417,0.07421875,1393.4012696249847,658.0699999999999,1.1206225680933852
2024-01-01 00:39:30.000000,2024-01-01 00:39:34.000000,5,2.342801556420234,2.08,25.648138271775647,0.0703125,2371.288873405632,602.0999999999999,0.4980544747081712
2024-01-01 00:39:33.000000,2024-01-01 00:39:37.000000,5,-1.1791439688715952,3.92,31.504842622037454,0.04296875,4074.0906409860963,303.03999999999996,0.3735408560311284
2024-01-01 00:39:36.000000,2024-01-01 00:39:40.000000,5,-0.6505058365758757,-0.27,32.179935727328676,0.05859375,3745.5244512603476,167.1799999999998,0.3735408560311284
2024-01-01 00:39:39.000000,2024-01-01 00:39:43.000000,5,2.200544747081712,1.72,44.95031105303489,0.05859375,5011.554163627734,565.54,0.4980544747081712
2024-01-01 00:39:42.000000,2024-01-01 00:39:46.000000,5,3.4627626459143968,7.7,27.75757797280049,0.0546875,2207.113446365962,889.9300000000002,0.3735408560311284
2024-01-01 00:39:45.000000,2024-01-01 00:39:49.000000,5,-3.0051750972762643,0.61,42.91513647127466,0.046875,3560.430328480982,772.33,0.622568093385214
2024-01-01 00:39:48.000000,2024-01-01 00:39:52.000000,5,4.429766536964982,-0.35,39.25656960276245,0.06640625,3514.3328527905096,1138.4499999999998,0.8715953307392996
2024-01-01 00:39:51.000000,2024-01-01 00:39:55.000000,5,-5.177821011673153,-4.74,39.84903721683203,0.0546875,3102.7979006477276,1330.6999999999998,0.622568093385214
2024-01-01 00:39:54.000000,2024-01-01 00:39:58.000000,5,-0.20268482490272363,1.38,46.977195350488216,0.078125,3566.528257441126,52.089999999999606,1.4941634241245136
2024-01-01 00:39:57.000000,2024-01-01 00:40:01.000000,5,2.2708949416342414,8.32,53.10522012264025,0.0625,4437.243893835759,583.6200000000001,-1.1206225680933852
2024-01-01 00:40:00.000000,2024-01-01 00:40:04.000000,0,-1.6377821011673153,-3.73,49.19314304652715,0.0859375,3201.068368660569,420.91,0.622568093385214
2024-01-01 00:40:03.000000,2024-01-01 00:40:07.000000,0,-0.2774708171206227,-2.32,25.409261018994076,0.1015625,1872.5617561229822,71.3100000000001,0.9961089494163424
2024-01-01 00:40:06.000000,2024-01-01 00:40:10.000000,0,-0.22712062256809348,-2.36,20.319900600810023,0.08984375,1552.7288423012265,58.370000000000054,1.7431906614785992
2024-01-01 00:40:09.000000,2024-01-01 00:40:13.000000,0,-0.27945525291828793,-0.81,30.125869782810284,0.10546875,2564.8989961002135,71.82000000000008,1.6186770428015564
2024-01-01 00:40:12.000000,2024-01-01 00:40:16.000000,0,-0.13077821011673202,-3.36,35.35934596465655,0.08984375,2345.2627539849336,33.61000000000011,1.245136186770428
2024-01-01 00:40:15.000000,2024-01-01 00:40:19.000000,0,1.3759922178988326,-3.09,46.52537220145921,0.078125,4057.6266061074903,353.62999999999994,0.622568093385214
2024-01-01 00:40:18.000000,2024-01-01 00:40:22.000000,0,1.2668482490272375,2.57,39.027729262100145,0.09765625,3245.406526826361,325.58000000000027,-1.9922178988326849
2024-01-01 00:40:21.000000,2024-01-01 00:40:25.000000,0,-0.33443579766536985,-4.18,27.02227639657859,0.09765625,2295.3908916044224,85.94999999999997,1.867704280155642
2024-01-01 00:40:24.000000,2024-01-01 00:40:28.000000,0,0.8783657587548637,-5.34,34.24281831147333,0.0703125,2622.721788031307,225.7399999999999,0.8715953307392996
2024-01-01 00:40:27.000000,2024-01-01 00:40:31.000000,0,0.37731517509727636,-2.71,32.76186609026847,0.0625,3988.6967574611153,96.96999999999993,0.3735408560311284
2024-01-01 00:40:30.000000,2024-01-01 00:40:34.000000,0,0.06809338521400754,1.74,41.04492536603941,0.07421875,3205.9673627456386,17.49999999999997,0.622568093385214
2024-01-01 00:40:33.000000,2024-01-01 00:40:37.000000,0,-0.7724902723735411,1.54,29.474091297897857,0.06640625,2278.979859164373,198.52999999999966,0.3735408560311284
2024-01-01 00:40:36.000000,2024-01-01 00:40:40.000000,0,0.9592217898832682,0.16,27.595637551830965,0.08203125,2260.5327608817015,246.51999999999992,-0.9961089494163424
2024-01-01 00:40:39.000000,2024-01-01 00:40:43.000000,0,-1.0016342412451364,-3.7,39.75956310444473,0.1328125,2471.123687091837,257.4200000000001,2.1167315175097277
2024-01-01 00:40:42.000000,2024-01-01 00:40:46.000000,0,-1.2579766536964978,-6.01,37.31916922955048,0.09375,2744.456359066246,323.2999999999997,1.9922178988326849
2024-01-01 00:40:45.000000,2024-01-01 00:40:49.000000,0,0.3991828793774317,2.43,35.20845313808291,0.0703125,3097.505788569314,102.58999999999988,-0.9961089494163424
2024-01-01 00:40:48.000000,2024-01-01 00:40:52.000000,0,-0.9815953307392997,-3.8,24.251312983617055,0.0859375,2027.4861260486302,252.26999999999975,-0.4980544747081712
2024-01-01 00:40:51.000000,2024-01-01 00:40:55.000000,0,-0.31972762645914415,-0.8,61.04342252781948,0.10546875,5562.756587989695,82.1699999999996,-0.4980544747081712
2024-01-01 00:40:54.000000,2024-01-01 00:40:58.000000,0,-2.5035797665369652,1.96,42.26184399939223,0.1015625,3736.7104963811953,643.4200000000001,-0.9961089494163424
2024-01-01 00:40:57.000000,2024-01-01 00:41:01.000000,0,-0.4212451361867706,-1.91,22.808371390233674,0.1171875,1782.9903061679042,108.26000000000003,1.1206225680933852
2024-01-01 00:41:00.000000,2024-01-01 00:41:04.000000,0,-0.7141245136186773,-3.88,22.83138754304446,0.0625,1634.1938729165486,183.53000000000003,-0.3735408560311284
2024-01-01 00:41:03.000000,2024-01-01 00:41:07.000000,0,-0.25315175097276266,-1.28,13.694215896210995,0.11328125,975.215703354643,65.06,-2.1167315175097277
2024-01-01 00:41:06.000000,2024-01-01 00:41:10.000000,0,0.033813229571984536,-0.08,11.026936915854307,0.07421875,886.9749020405807,8.689999999999948,0.622568093385214
2024-01-01 00:41:09.000000,2024-01-01 00:41:13.000000,0,2.1985603112840466,-1.52,30.92700194152474,0.06640625,3447.5416058855003,565.03,0.4980544747081712
2024-01-01 00:41:12.000000,2024-01-01 00:41:16.000000,0,-2.456575875486381,-8.95,65.55590016789732,0.06640625,7051.940891415851,631.3399999999997,-0.4980544747081712
2024-01-01 00:41:15.000000,2024-01-01 00:41:19.000000,0,-2.852529182879378,-10.93,66.472369049808,0.0546875,8047.311176795648,733.0999999999999,0.4980544747081712
2024-01-01 00:41:18.000000,2024-01-01 00:41:22.000000,0,1.5112062256809333,4.36,46.38635230517658,0.05078125,4216.070885723635,388.3800000000001,0.3735408560311284
2024-01-01 00:41:21.000000,2024-01-01 00:41:25.000000,0,-0.37906614785992204,-0.27,48.74080828313443,0.07421875,3550.4145166963312,97.42000000000013,0.8715953307392996
2024-01-01 00:41:24.000000,2024-01-01 00:41:28.000000,0,1.4699221789883272,-3.87,36.43199750468565,0.08203125,2346.735240545808,377.77000000000004,1.1206225680933852
2024-01-01 00:41:27.000000,2024-01-01 00:41:31.000000,0,-1.1357587548638137,-7.98,45.31210744127554,0.06640625,4179.577354621796,291.8899999999999,0.4980544747081712
2024-01-01 00:41:30.000000,2024-01-01 00:41:34.000000,0,3.8061089494163416,-3.8,33.68718791071516,0.06640625,2855.5538264914176,978.17,-0.4980544747081712
2024-01-01 00:41:33.000000,2024-01-01 00:41:37.000000,0,0.17404669260700398,-0.85,25.338916431135353,0.078125,1961.24467015536,44.729999999999826,0.8715953307392996
2024-01-01 00:41:36.000000,2024-01-01 00:41:40.000000,0,-0.012529182879377538,-4.59,32.77723265755701,0.0703125,3610.2310858340456,3.2199999999997146,0.7470817120622568
2024-01-01 00:41:39.000000,2024-01-01 00:41:43.000000,0,-1.3629961089494167,-1.74,46.15086376802866,0.05859375,4858.900992644138,350.28999999999985,0.9961089494163424
2024-01-01 00:41:42.000000,2024-01-01 00:41:46.000000,0,-4.068793774319066,-2.35,44.45985370103528,0.078125,3950.862925571295,1045.6799999999998,0.7470817120622568
2024-01-01 00:41:45.000000,2024-01-01 00:41:49.000000,0,-0.09233463035019418,-0.16,32.27392686776293,0.0625,3420.867501899374,23.73000000000009,-0.3735408560311284
2024-01-01 00:41:48.000000,2024-01-01 00:41:52.000000,0,-4.00420233463035,3.57,57.11601767665662,0.05859375,4925.09226943382,1029.0799999999997,0.4980544747081712
2024-01-01 00:41:51.000000,2024-01-01 00:41:55.000000,0,0.5829571984435804,8.24,77.80138323582891,0.03125,10911.537450942607,149.81999999999954,0.3735408560311284
2024-01-01 00:41:54.000000,2024-01-01 00:41:58.000000,0,-6.0405447470817135,-0.63,78.16990870062848,0.03125,7436.583527990979,1552.4200000000003,-0.3735408560311284
2024-01-01 00:41:57.000000,2024-01-01 00:42:01.000000,0,2.5071595330739296,-0.08,57.44779702404487,0.04296875,4875.174695519033,644.3399999999999,0.3735408560311284
2024-01-01 00:42:00.000000,2024-01-01 00:42:04.000000,0,-2.2194163424124516,-12.1,37.67704639496889,0.0546875,3521.096048488174,570.39,-0.622568093385214
2024-01-01 00:42:03.000000,2024-01-01 00:42:07.000000,0,-0.9699221789883268,-3.79,34.934744994151885,0.05078125,2906.8503822915377,249.27,1.7431906614785992
2024-01-01 00:42:06.000000,2024-01-01 00:42:10.000000,0,1.2852529182879382,5.47,50.16669939470244,0.06640625,4682.889301612464,330.30999999999983,-0.4980544747081712
2024-01-01 00:42:09.000000,2024-01-01 00:42:13.000000,0,-1.714708171206226,-6.93,49.996288995218535,0.0703125,4795.327128854582,440.6799999999996,-0.8715953307392996
2024-01-01 00:42:12.000000,2024-01-01 00:42:16.000000,0,-1.5871206225680938,-8.56,74.6533791586275,0.046875,8581.994121566931,407.8899999999996,0.7470817120622568
2024-01-01 00:42:15.000000,2024-01-01 00:42:19.000000,0,-12.738560311284049,-18.18,60.47249494111828,0.0703125,4761.059151452303,3273.81,-0.7470817120622568
2024-01-01 00:42:18.000000,2024-01-01 00:42:22.000000,0,-1.5180933852140064,-10.17,112.32530642704137,0.0703125,10701.806088551915,390.1499999999994,-0.4980544747081712
2024-01-01 00:42:21.000000,2024-01-01 00:42:25.000000,0,-9.314202334630352,1.22,97.18758717161438,0.0703125,8663.564963246854,2393.749999999999,0.7470817120622568
2024-01-01 00:42:24.000000,2024-01-01 00:42:28.000000,0,-6.737431906614786,-4.16,80.69062571175252,0.05078125,6084.965667731356,1731.520000000001,-0.622568093385214
2024-01-01 00:42:27.000000,2024-01-01 00:42:31.000000,0,-6.341867704280155,-9.66,105.92992129055445,0.046875,9591.32663839892,1629.8599999999992,0.7470817120622568
2024-01-01 00:42:30.000000,2024-01-01 00:42:34.000000,0,1.4175875486381329,9.92,90.0945448998986,0.046875,7765.158339176355,364.3199999999997,0.4980544747081712
2024-01-01 00:42:33.000000,2024-01-01 00:42:37.000000,0,-1.609455252918288,0.09,30.120412833049635,0.0546875,2700.115952469674,413.6299999999999,0.7470817120622568
2024-01-01 00:42:36.000000,2024-01-01 00:42:40.000000,0,5.375019455252919,4.29,19.661977208651383,0.0703125,1482.4754516279393,1381.38,0.622568093385214
2024-01-01 00:42:39.000000,2024-01-01 00:42:43.000000,0,-2.8214007782101165,-1.66,49.81602498097529,0.046875,4665.980444235043,725.1000000000001,0.2490272373540856
2024-01-01 00:42:42.000000,2024-01-01 00:42:46.000000,0,1.6532684824902726,0.52,34.67141590246267,0.04296875,2536.134654069462,424.89000000000016,0.7470817120622568
2024-01-01 00:42:45.000000,2024-01-01 00:42:49.000000,0,-4.503385214007783,-3.31,33.75016846918971,0.0390625,3276.0942752468836,1157.37,0.4980544747081712
2024-01-01 00:42:48.000000,2024-01-01 00:42:52.000000,0,3.1763424124513615,4.55,18.78804242416691,0.0625,2269.9297618488395,816.3199999999999,0.7470817120622568
2024-01-01 00:42:51.000000,2024-01-01 00:42:55.000000,0,0.02712062256809327,1.02,17.824966478455146,0.06640625,1344.0433953966303,6.969999999999933,0.7470817120622568
2024-01-01 00:42:54.000000,2024-01-01 00:42:58.000000,0,-1.4668093385214005,2.04,23.60393347977012,0.046875,2276.1247539342776,376.97,0.3735408560311284
2024-01-01 00:42:57.000000,2024-01-01 00:43:01.000000,0,1.8775486381322959,4.62,27.63178103677407,0.0546875,2320.4773036180786,482.5300000000001,0.8715953307392996
2024-01-01 00:43:00.000000,2024-01-01 00:43:04.000000,0,-3.4389494163424126,0.93,27.813275271241213,0.0625,1861.6353018198206,883.81,0.622568093385214
2024-01-01 00:43:03.000000,2024-01-01 00:43:07.000000,0,0.4264980544747078,6.02,27.875036648535968,0.05859375,2649.802599830467,109.60999999999993,-0.7470817120622568
2024-01-01 00:43:06.000000,2024-01-01 00:43:10.000000,0,2.2778210116731517,3.93,16.965203724711447,0.046875,1699.7566114653985,585.4000000000001,0.7470817120622568
2024-01-01 00:43:09.000000,2024-01-01 00:43:13.000000,0,-1.3172373540856026,5.82,32.26661323175008,0.04296875,2181.7777246041796,338.53000000000003,0.4980544747081712
2024-01-01 00:43:12.000000,2024-01-01 00:43:16.000000,0,-4.688210116731517,10.89,102.91637623607362,0.04296875,9899.243737578092,1204.8699999999988,0.3735408560311284
2024-01-01 00:43:15.000000,2024-01-01 00:43:19.000000,0,3.5234630350194553,15.22,68.53445884581468,0.046875,5536.862897417889,905.53,0.622568093385214
2024-01-01 00:43:18.000000,2024-01-01 00:43:22.000000,0,-0.4919844357976656,3.6,69.31621382318137,0.0546875,6416.708871694211,126.4400000000002,0.4980544747081712
2024-01-01 00:43:21.000000,2024-01-01 00:43:25.000000,0,-4.5057976653696485,-2.23,75.36443212767978,0.04296875,6025.454420190699,1157.99,0.622568093385214
2024-01-01 00:43:24.000000,2024-01-01 00:43:28.000000,0,9.401089494163424,8.26,60.30591828384976,0.05078125,4771.866818850131,2416.08,-0.4980544747081712
2024-01-01 00:43:27.000000,2024-01-01 00:43:31.000000,0,-0.8068482490272375,3.34,20.236150061820997,0.0390625,1852.8481880778627,207.35999999999987,0.4980544747081712
2024-01-01 00:43:30.000000,2024-01-01 00:43:34.000000,0,-1.5463813229571983,0.34,15.478425904937806,0.05859375,1269.6665525563512,397.4200000000001,-0.2490272373540856
2024-01-01 00:43:33.000000,2024-01-01 00:43:37.000000,0,-2.435992217898833,-1.55,16.167738779257732,0.0625,1316.7779988959046,626.05,0.8715953307392996
2024-01-01 00:43:36.000000,2024-01-01 00:43:40.000000,0,4.023346303501945,2.88,13.285700654595214,0.0625,873.2988996705965,1033.9999999999998,0.0
2024-01-01 00:43:39.000000,2024-01-01 00:43:43.000000,0,-2.10852140077821,2.28,45.4797232823206,0.06640625,3203.6520953062172,541.8899999999996,1.6186770428015564
2024-01-01 00:43:42.000000,2024-01-01 00:43:46.000000,0,0.11536964980544738,-9.12,58.62619990742606,0.07421875,5066.5624259917495,29.64999999999978,-1.4941634241245136
2024-01-01 00:43:45.000000,2024-01-01 00:43:49.000000,0,1.8960700389105052,-3.62,44.56293272627994,0.0703125,3765.221623553827,487.28999999999996,0.9961089494163424
2024-01-01 00:43:48.000000,2024-01-01 00:43:52.000000,0,1.8871984435797668,3.42,34.496598914267935,0.07421875,2478.77227692636,485.00999999999993,-0.622568093385214
2024-01-01 00:43:51.000000,2024-01-01 00:43:55.000000,0,-0.5051361867704283,2.56,42.82691923331092,0.0546875,3060.776873629205,129.82000000000005,0.622568093385214
2024-01-01 00:43:54.000000,2024-01-01 00:43:58.000000,0,2.235953307392995,6.59,48.398232873515745,0.05859375,3243.230098393593,574.6400000000002,0.4980544747081712
2024-01-01 00:43:57.000000,2024-01-01 00:44:01.000000,0,-1.4238910505836575,2.53,36.95219363567045,0.05078125,3554.2123121297755,365.9399999999999,-0.622568093385214
2024-01-01 00:44:00.000000,2024-01-01 00:44:04.000000,0,-0.9311673151750978,0.69,26.887847659436275,0.0546875,2788.1979613549115,239.31,0.7470817120622568
2024-01-01 00:44:03.000000,2024-01-01 00:44:07.000000,0,0.16599221789883278,0.82,19.850118778374213,0.05859375,2222.8165859221153,42.66000000000015,-0.8715953307392996
2024-01-01 00:44:06.000000,2024-01-01 00:44:10.000000,0,-1.2522957198443578,-4.04,15.650562832521649,0.0546875,1667.4657818174705,321.8399999999998,0.622568093385214
2024-01-01 00:44:09.000000,2024-01-01 00:44:13.000000,0,0.09891050583657594,-0.96,13.041802635980412,0.06640625,1481.691832200781,25.420000000000037,0.7470817120622568
2024-01-01 00:44:12.000000,2024-01-01 00:44:16.000000,0,-0.26988326848249033,0.5,17.88611102404448,0.046875,2554.4583385538936,69.36000000000003,0.7470817120622568
2024-01-01 00:44:15.000000,2024-01-01 00:44:19.000000,0,-0.7165369649805446,-0.3,17.0999413168194,0.0625,1864.0137077636032,184.14999999999992,-0.7470817120622568
2024-01-01 00:44:18.000000,2024-01-01 00:44:22.000000,0,0.5929961089494162,-0.85,15.489957733888142,0.0625,2031.710192303538,152.39999999999992,0.7470817120622568
2024-01-01 00:44:21.000000,2024-01-01 00:44:25.000000,0,-2.3207782101167314,0.45,26.90720776782261,0.0546875,2423.755790729112,596.4399999999998,0.7470817120622568
2024-01-01 00:44:24.000000,2024-01-01 00:44:28.000000,0,-2.9931128404669263,0.11,46.52501151555336,0.04296875,5906.9299605439155,769.2300000000002,-0.7470817120622568
2024-01-01 00:44:27.000000,2024-01-01 00:44:31.000000,0,-0.07003891050583658,6.62,37.32430658576064,0.03515625,4228.224664172374,17.99999999999976,0.4980544747081712
2024-01-01 00:44:30.000000,2024-01-01 00:44:34.000000,0,-0.6202723735408562,1.42,19.153500341090346,0.0546875,2674.170352243165,159.4099999999999,0.7470817120622568
2024-01-01 00:44:33.000000,2024-01-01 00:44:37.000000,0,-1.055953307392996,-2.03,14.085943208046496,0.0546875,1981.2213868389908,271.38,0.7470817120622568
2024-01-01 00:44:36.000000,2024-01-01 00:44:40.000000,0,-2.2961867704280152,-4.37,20.456907018840372,0.0546875,1895.7733432388982,590.1199999999999,0.7470817120622568
2024-01-01 00:44:39.000000,2024-01-01 00:44:43.000000,0,2.217509727626459,0.55,27.664480371824606,0.05859375,2747.141563636054,569.8999999999999,0.8715953307392996
2024-01-01 00:44:42.000000,2024-01-01 00:44:46.000000,0,-2.63284046692607,-5.77,29.87559150999535,0.0546875,2585.0671387310745,676.6400000000001,0.7470817120622568
2024-01-01 00:44:45.000000,2024-01-01 00:44:49.000000,0,-0.01762645914396921,-0.51,31.981236091221085,0.0625,3706.4246033063,4.529999999999937,0.7470817120622568
2024-01-01 00:44:48.000000,2024-01-01 00:44:52.000000,0,1.8850194552529185,3.88,14.588163655761344,0.05859375,1371.0419707702918,484.44999999999993,-0.4980544747081712
2024-01-01 00:44:51.000000,2024-01-01 00:44:55.000000,0,-1.7471595330739298,-0.59,13.33196098468286,0.06640625,1180.0224878645088,449.0199999999999,0.7470817120622568
2024-01-01 00:44:54.000000,2024-01-01 00:44:58.000000,0,-1.8500778210116733,-0.02,25.797009395352813,0.0546875,3018.4887498405647,475.4699999999999,-0.7470817120622568
2024-01-01 00:44:57.000000,2024-01-01 00:45:01.000000,0,1.4799999999999993,2.57,35.23271246077642,0.05078125,2997.0158737564893,380.3599999999999,0.7470817120622568
2024-01-01 00:45:00.000000,2024-01-01 00:45:04.000000,0,1.0005058365758754,4.87,27.503807082656845,0.05859375,2088.8450078493747,257.13000000000005,0.7470817120622568
2024-01-01 00:45:03.000000,2024-01-01 00:45:07.000000,0,-1.524980544747082,-0.59,23.683273536607572,0.0703125,1567.7430667203282,391.91999999999996,0.622568093385214
2024-01-01 00:45:06.000000,2024-01-01 00:45:10.000000,0,3.8432684824902723,4.65,20.52166753687531,0.046875,2645.876892631171,987.7199999999999,0.7470817120622568
2024-01-01 00:45:09.000000,2024-01-01 00:45:13.000000,0,-0.6947859922178986,1.94,23.937993680714513,0.05859375,1811.0493553229414,178.56,0.7470817120622568
2024-01-01 00:45:12.000000,2024-01-01 00:45:16.000000,0,0.018015564202334612,-1.03,26.080672717665994,0.05859375,2938.760862704522,4.629999999999928,0.4980544747081712
2024-01-01 00:45:15.000000,2024-01-01 00:45:19.000000,0,-0.7312451361867702,-5.88,22.773866704922547,0.05078125,2565.7337613332347,187.9299999999999,0.8715953307392996
2024-01-01 00:45:18.000000,2024-01-01 00:45:22.000000,0,-0.8671206225680935,-4.92,23.06168530651651,0.05859375,2791.144337836992,222.8499999999999,0.7470817120622568
2024-01-01 00:45:21.000000,2024-01-01 00:45:25.000000,0,0.0899221789883269,-0.19,16.623798006176877,0.05859375,1833.9604194296858,23.1099999999999,-0.7470817120622568
2024-01-01 00:45:24.000000,2024-01-01 00:45:28.000000,0,1.9822568093385216,2.61,19.460131929939894,0.07421875,2387.200603899559,509.44,0.7470817120622568
2024-01-01 00:45:27.000000,2024-01-01 00:45:31.000000,0,-0.6720622568093385,1.79,21.0267758248824,0.0703125,1830.1799302762738,172.72,0.3735408560311284
2024-01-01 00:45:30.000000,2024-01-01 00:45:34.000000,0,-1.03295719844358,-0.81,16.125301323799103,0.0546875,2105.1814338289623,265.4700000000001,-0.7470817120622568
2024-01-01 00:45:33.000000,2024-01-01 00:45:37.000000,0,-0.12817120622568093,1.51,17.225431829727057,0.06640625,2223.6431889445616,32.93999999999997,0.7470817120622568
2024-01-01 00:45:36.000000,2024-01-01 00:45:40.000000,0,0.5976653696498054,2.18,18.277151164348894,0.0703125,2233.830311750142,153.59999999999997,0.7470817120622568
2024-01-01 00:45:39.000000,2024-01-01 00:45:43.000000,0,-2.428326848249027,-0.63,15.924629972710605,0.06640625,1556.9510215763835,624.08,-0.7470817120622568
2024-01-01 00:45:42.000000,2024-01-01 00:45:46.000000,0,-0.4746303501945525,1.81,20.63593658806722,0.0703125,2332.5223208055977,121.97999999999993,0.7470817120622568
2024-01-01 00:45:45.000000,2024-01-01 00:45:49.000000,0,-2.775019455252918,-0.27,18.220684827031786,0.046875,2112.54767197552,713.1800000000001,-0.7470817120622568
2024-01-01 00:45:48.000000,2024-01-01 00:45:52.000000,0,-1.1125291828793777,-4.08,21.27707878137579,0.0546875,2027.202924037303,285.9199999999999,0.7470817120622568
2024-01-01 00:45:51.000000,2024-01-01 00:45:55.000000,0,-0.6535797665369648,-0.48,20.181792314892753,0.046875,2591.960018340195,167.97000000000006,-0.7470817120622568
2024-01-01 00:45:54.000000,2024-01-01 00:45:58.000000,0,-1.8525680933852138,-0.67,18.528125886011356,0.05859375,2095.5228324408795,476.10999999999984,0.7470817120622568
2024-01-01 00:45:57.000000,2024-01-01 00:46:01.000000,0,-0.15844357976653708,5.53,18.74145298711104,0.046875,2399.172139441876,40.719999999999885,0.622568093385214
2024-01-01 00:46:00.000000,2024-01-01 00:46:04.000000,0,0.828093385214008,4.61,16.89747937537564,0.04296875,1721.8776250449123,212.82,-0.7470817120622568
2024-01-01 00:46:03.000000,2024-01-01 00:46:07.000000,0,-0.32455252918287947,-1.27,19.150220683856205,0.05078125,2383.418256016124,83.4100000000001,0.7470817120622568
2024-01-01 00:46:06.000000,2024-01-01 00:46:10.000000,0,0.010350194552529059,-3.31,21.533846928701795,0.05078125,2571.4291533381565,2.660000000000095,-0.7470817120622568
2024-01-01 00:46:09.000000,2024-01-01 00:46:13.000000,0,0.39894941634241243,0.44,18.059918286120162,0.05859375,1638.2669002108814,102.53000000000002,0.7470817120622568
2024-01-01 00:46:12.000000,2024-01-01 00:46:16.000000,0,3.425953307392996,1.28,32.93610397844684,0.0546875,2352.306054712535,880.4699999999997,0.2490272373540856
2024-01-01 00:46:15.000000,2024-01-01 00:46:19.000000,0,0.9912451361867705,-8.36,34.101392773149,0.046875,3203.519333893233,254.7500000000001,0.3735408560311284
2024-01-01 00:46:18.000000,2024-01-01 00:46:22.000000,0,-1.4540466926070046,-0.51,52.87657750274747,0.0546875,5026.8949118155615,373.69000000000017,0.622568093385214
2024-01-01 00:46:21.000000,2024-01-01 00:46:25.000000,0,0.9554085603112843,5.61,21.69725900586483,0.04296875,2481.4532517805164,245.53999999999996,-0.7470817120622568
2024-01-01 00:46:24.000000,2024-01-01 00:46:28.000000,0,-0.21155642023346316,-3.8,23.061571879819756,0.046875,2105.477572968527,54.37000000000003,0.622568093385214
2024-01-01 00:46:27.000000,2024-01-01 00:46:31.000000,0,-2.4984046692607,-3.28,24.155416451167902,0.04296875,1919.360064683017,642.0899999999998,1.3696498054474708
2024-01-01 00:46:30.000000,2024-01-01 00:46:34.000000,0,-0.7956809338521397,-2.51,21.61402493407751,0.0546875,2199.1143148259,204.49,0.7470817120622568
2024-01-01 00:46:33.000000,2024-01-01 00:46:37.000000,0,0.08042801556420262,2.37,43.07511366664296,0.0703125,3090.765902713612,20.669999999999856,0.7470817120622568
2024-01-01 00:46:36.000000,2024-01-01 00:46:40.000000,0,-1.1563035019455252,5.39,24.007663602965444,0.05078125,2877.7709253945145,297.1700000000001,0.622568093385214
2024-01-01 00:46:39.000000,2024-01-01 00:46:43.000000,0,-1.2442023346303501,-1.14,23.29849816289455,0.0546875,2595.3765311580264,319.7599999999999,0.7470817120622568
2024-01-01 00:46:42.000000,2024-01-01 00:46:46.000000,0,-2.264124513618677,-2.63,29.975618844478188,0.04296875,3748.6501636807134,581.8800000000001,0.7470817120622568
2024-01-01 00:46:45.000000,2024-01-01 00:46:49.000000,0,0.14972762645914403,2.68,23.723265749389302,0.0546875,2992.837939969849,38.48000000000015,-0.7470817120622568
2024-01-01 00:46:48.000000,2024-01-01 00:46:52.000000,0,2.382256809338522,3.84,20.847484213015168,0.0546875,2845.2067386615486,612.2399999999999,0.7470817120622568
2024-01-01 00:46:51.000000,2024-01-01 00:46:55.000000,0,-0.9405058365758755,0.83,15.530680325850343,0.05078125,2018.875890015877,241.71,0.622568093385214
2024-01-01 00:46:54.000000,2024-01-01 00:46:58.000000,0,-2.4849027237354084,-0.81,15.386676006391268,0.04296875,1656.2871495227519,638.62,-0.3735408560311284
2024-01-01 00:46:57.000000,2024-01-01 00:47:01.000000,0,1.4896498054474705,1.0,16.762752429643218,0.07421875,1769.7067801499381,382.84000000000003,0.7470817120622568
2024-01-01 00:47:00.000000,2024-01-01 00:47:04.000000,0,-0.9199610894941632,0.19,31.471709859536634,0.05859375,3430.4589394077743,236.4300000000001,0.7470817120622568
2024-01-01 00:47:03.000000,2024-01-01 00:47:07.000000,0,2.1761867704280156,3.85,20.81151848877757,0.06640625,2872.4457556832813,559.2800000000001,0.7470817120622568
2024-01-01 00:47:06.000000,2024-01-01 00:47:10.000000,0,-0.6159922178988327,1.22,18.80271892448175,0.04296875,2295.030010991918,158.31000000000017,0.7470817120622568
2024-01-01 00:47:09.000000,2024-01-01 00:47:13.000000,0,-0.11439688715953315,4.68,19.568687473103303,0.0390625,2019.5717847795556,29.39999999999999,-0.7470817120622568
2024-01-01 00:47:12.000000,2024-01-01 00:47:16.000000,0,-0.8947859922178989,2.15,15.503108283758069,0.046875,2241.5983537252428,229.95999999999998,0.7470817120622568
2024-01-01 00:47:15.000000,2024-01-01 00:47:19.000000,0,1.9450583657587552,3.67,21.38833261311494,0.0546875,2871.729299841163,499.87999999999994,0.7470817120622568
2024-01-01 00:47:18.000000,2024-01-01 00:47:22.000000,0,-1.8545136186770428,-0.59,20.74477352892568,0.0625,2457.1990186923026,476.6099999999998,-0.7470817120622568
2024-01-01 00:47:21.000000,2024-01-01 00:47:25.000000,0,0.6345136186770428,4.81,27.955062472277085,0.05078125,4017.6899818874767,163.06999999999962,0.7470817120622568
2024-01-01 00:47:24.000000,2024-01-01 00:47:28.000000,0,0.6200778210116733,7.21,25.283271102651447,0.05078125,3705.1013859212676,159.36000000000013,-0.7470817120622568
2024-01-01 00:47:27.000000,2024-01-01 00:47:31.000000,0,-0.7374319066147862,-1.59,17.75192077031058,0.046875,2698.6152971312254,189.52000000000007,0.7470817120622568
2024-01-01 00:47:30.000000,2024-01-01 00:47:34.000000,0,-0.7175486381322959,-0.75,16.438774636373495,0.0625,2332.6052137066777,184.41,0.7470817120622568
2024-01-01 00:47:33.000000,2024-01-01 00:47:37.000000,0,2.7116342412451364,-2.98,42.608391390078,0.05078125,3363.168685972673,696.8899999999996,0.8715953307392996
2024-01-01 00:47:36.000000,2024-01-01 00:47:40.000000,0,1.7399999999999995,-4.86,50.28048604143059,0.046875,3970.3536655797566,447.1799999999997,-0.2490272373540856
2024-01-01 00:47:39.000000,2024-01-01 00:47:43.000000,0,-2.182684824902724,-3.68,42.251787085331465,0.0546875,3124.8107598948527,560.9500000000002,0.4980544747081712
2024-01-01 00:47:42.000000,2024-01-01 00:47:46.000000,0,-8.222101167315174,-9.75,43.128447129682876,0.08984375,3543.6435937279434,2113.0799999999995,-0.3735408560311284
2024-01-01 00:47:45.000000,2024-01-01 00:47:49.000000,0,-2.923618677042801,-0.72,37.46143323757647,0.0546875,3323.515393186619,751.3700000000001,0.3735408560311284
2024-01-01 00:47:48.000000,2024-01-01 00:47:52.000000,0,-2.8432684824902723,-3.77,40.169012857709006,0.0703125,3774.678001446955,730.7199999999998,0.4980544747081712
2024-01-01 00:47:51.000000,2024-01-01 00:47:55.000000,0,3.506459143968872,3.92,72.06682054149631,0.07421875,7233.314514498833,901.1599999999996,0.7470817120622568
2024-01-01 00:47:54.000000,2024-01-01 00:47:58.000000,0,-6.894163424124515,-3.25,55.2353250252505,0.09375,4564.481918228815,1771.7999999999997,0.3735408560311284
2024-01-01 00:47:57.000000,2024-01-01 00:48:01.000000,0,-2.816342412451361,-2.42,64.91776233248723,0.05078125,6995.370887673832,723.7999999999997,0.3735408560311284
2024-01-01 00:48:00.000000,2024-01-01 00:48:04.000000,0,8.817120622568094,8.16,85.8654654293305,0.0390625,11221.355623222755,2266.0,0.3735408560311284
2024-01-01 00:48:03.000000,2024-01-01 00:48:07.000000,0,-2.6832295719844357,-18.69,130.83846890493825,0.02734375,11876.746576822758,689.5900000000004,0.2490272373540856
2024-01-01 00:48:06.000000,2024-01-01 00:48:10.000000,0,3.5101945525291836,1.92,76.02581704515828,0.05859375,5413.8359766888725,902.1199999999998,0.8715953307392996
2024-01-01 00:48:09.000000,2024-01-01 00:48:13.000000,0,-3.9265369649805466,0.13,73.79741077293069,0.046875,7739.886776474277,1009.1200000000003,0.7470817120622568
2024-01-01 00:48:12.000000,2024-01-01 00:48:16.000000,0,-2.900389105058366,-0.38,78.41407670583934,0.05078125,8264.222855560565,745.3999999999996,-0.3735408560311284
2024-01-01 00:48:15.000000,2024-01-01 00:48:19.000000,0,-2.21330739299611,3.88,57.580391657851266,0.046875,6210.905443700689,568.82,-0.3735408560311284
2024-01-01 00:48:18.000000,2024-01-01 00:48:22.000000,0,-3.7714785992217887,1.47,33.37858687643479,0.04296875,3916.524312097683,969.27,0.622568093385214
2024-01-01 00:48:21.000000,2024-01-01 00:48:25.000000,0,-2.973424124513621,-11.34,80.12737714850226,0.05078125,7313.8823815648775,764.1699999999994,0.4980544747081712
2024-01-01 00:48:24.000000,2024-01-01 00:48:28.000000,0,-12.572178988326849,-5.85,71.26579963472811,0.04296875,9235.789840987985,3231.05,-0.622568093385214
2024-01-01 00:48:27.000000,2024-01-01 00:48:31.000000,0,2.268365758754864,8.3,64.02111066359339,0.046875,7104.653284133747,582.9699999999995,0.4980544747081712
2024-01-01 00:48:30.000000,2024-01-01 00:48:34.000000,0,2.3296108949416343,1.8,73.13186411056061,0.05078125,6197.760062343828,598.7099999999999,0.7470817120622568
2024-01-01 00:48:33.000000,2024-01-01 00:48:37.000000,0,3.598988326848249,4.59,33.12421285249687,0.06640625,3323.0591057892475,924.9399999999998,0.4980544747081712
2024-01-01 00:48:36.000000,2024-01-01 00:48:40.000000,0,-2.9682101167315182,5.03,42.15736355908127,0.046875,6011.431027661456,762.8299999999999,0.622568093385214
2024-01-01 00:48:39.000000,2024-01-01 00:48:43.000000,0,0.5199999999999996,7.17,43.227815010997254,0.05859375,5367.548404131559,133.63999999999967,0.7470817120622568
2024-01-01 00:48:42.000000,2024-01-01 00:48:46.000000,0,-12.058715953307392,-2.42,92.65358267822357,0.05078125,8847.767781573792,3099.0899999999992,0.622568093385214
2024-01-01 00:48:45.000000,2024-01-01 00:48:49.000000,0,4.387470817120622,14.79,154.530137261616,0.0390625,15304.677061083796,1127.5800000000006,0.3735408560311284
2024-01-01 00:48:48.000000,2024-01-01 00:48:52.000000,0,-5.249649805447472,-2.76,121.8537509948607,0.04296875,9853.530212486023,1349.1599999999999,0.622568093385214
2024-01-01 00:48:51.000000,2024-01-01 00:48:55.000000,0,-2.4462256809338525,5.76,26.106960191958287,0.0390625,3563.5385041709615,628.6799999999998,0.622568093385214
2024-01-01 00:48:54.000000,2024-01-01 00:48:58.000000,0,-2.418832684824903,6.95,23.690869619318583,0.04296875,2227.5957271700504,621.6399999999998,-0.622568093385214
2024-01-01 00:48:57.000000,2024-01-01 00:49:01.000000,0,-0.4603891050583656,8.96,29.27704159732939,0.0390625,4156.681555646804,118.3199999999999,-0.622568093385214
2024-01-01 00:49:00.000000,2024-01-01 00:49:04.000000,0,-1.4645136186770429,5.02,24.654650563157766,0.03515625,2948.755385781605,376.38,-0.622568093385214
2024-01-01 00:49:03.000000,2024-01-01 00:49:07.000000,9,-2.223112840466926,6.98,26.169592587770136,0.0390625,3904.7779085019592,571.3399999999999,0.622568093385214
2024-01-01 00:49:06.000000,2024-01-01 00:49:10.000000,9,1.281828793774319,5.17,39.892672839154606,0.04296875,4311.457483917215,329.43000000000006,-0.622568093385214
2024-01-01 00:49:09.000000,2024-01-01 00:49:13.000000,9,-1.306887159533074,2.87,27.658314676442668,0.0390625,2773.878318023015,335.86999999999995,-0.622568093385214
2024-01-01 00:49:12.000000,2024-01-01 00:49:16.000000,9,-1.0073151750972762,7.1,23.17257557500207,0.04296875,2726.4366370615508,258.8799999999999,0.622568093385214
2024-01-01 00:49:15.000000,2024-01-01 00:49:19.000000,9,-1.4915953307392993,5.78,18.863245185528207,0.0390625,2882.788830200918,383.34,-0.622568093385214
2024-01-01 00:49:18.000000,2024-01-01 00:49:22.000000,9,-0.38229571984435795,5.25,17.14286082108112,0.0390625,2595.093371878303,98.25000000000013,-0.622568093385214
2024-01-01 00:49:21.000000,2024-01-01 00:49:25.000000,9,1.4203891050583652,7.82,20.789108021942784,0.0390625,3155.890405162996,365.0399999999999,0.622568093385214
2024-01-01 00:49:24.000000,2024-01-01 00:49:28.000000,9,1.1464202334630347,9.51,22.764279061672788,0.0390625,2675.3875577341955,294.6299999999998,0.622568093385214
2024-01-01 00:49:27.000000,2024-01-01 00:49:31.000000,9,-0.014708171206225465,8.4,27.11744665881007,0.0390625,4234.578735393943,3.779999999999969,0.622568093385214
2024-01-01 00:49:30.000000,2024-01-01 00:49:34.000000,9,0.4233073929961097,4.62,21.834368898374343,0.046875,3253.9187570415556,108.78999999999999,0.622568093385214
2024-01-01 00:49:33.000000,2024-01-01 00:49:37.000000,9,0.92568093385214,8.82,20.859609980496373,0.03515625,2638.280737177279,237.89999999999992,-0.622568093385214
2024-01-01 00:49:36.000000,2024-01-01 00:49:40.000000,9,-0.7001556420233461,4.44,24.82917961052944,0.03515625,3067.527021962213,179.93999999999994,-0.622568093385214
2024-01-01 00:49:39.000000,2024-01-01 00:49:43.000000,9,-0.36941634241245147,7.91,23.784550593266157,0.0390625,3679.9779137497794,94.94000000000023,-0.622568093385214
2024-01-01 00:49:42.000000,2024-01-01 00:49:46.000000,9,-1.7968093385214006,1.95,21.901101836549508,0.03515625,3018.5968498824323,461.78,0.4980544747081712
2024-01-01 00:49:45.000000,2024-01-01 00:49:49.000000,9,1.7206225680933853,7.12,23.82293169639068,0.03125,3731.1744794423644,442.20000000000005,0.4980544747081712
2024-01-01 00:49:48.000000,2024-01-01 00:49:52.000000,9,-2.432023346303502,4.4,23.797626173950157,0.03515625,2703.839983314039,625.0299999999997,0.4980544747081712
2024-01-01 00:49:51.000000,2024-01-01 00:49:55.000000,9,3.7583657587548642,15.99,27.94992151945732,0.03515625,3535.303905387957,965.8999999999997,0.622568093385214
2024-01-01 00:49:54.000000,2024-01-01 00:49:58.000000,9,-1.940272373540856,3.54,28.234777887339536,0.0390625,3543.423281868387,498.6499999999999,-0.622568093385214
2024-01-01 00:49:57.000000,2024-01-01 00:50:01.000000,9,1.940466926070039,11.26,29.248458302317047,0.03515625,4223.512539524566,498.6999999999999,0.4980544747081712
2024-01-01 00:50:00.000000,2024-01-01 00:50:04.000000,9,-0.26750972762645936,9.93,25.807364683348023,0.03125,3554.6498428909226,68.75000000000016,-0.4980544747081712
2024-01-01 00:50:03.000000,2024-01-01 00:50:07.000000,9,-0.49447470817120626,5.04,27.349409825248458,0.0390625,3711.3978981815167,127.07999999999966,0.622568093385214
2024-01-01 00:50:06.000000,2024-01-01 00:50:10.000000,9,0.25435797665369664,9.01,27.77300876912874,0.03515625,2794.2064990353124,65.36999999999993,0.4980544747081712
2024-01-01 00:50:09.000000,2024-01-01 00:50:13.000000,9,1.2994552529182881,7.04,29.362495272172307,0.03515625,3853.071980205745,333.96000000000015,0.622568093385214
2024-01-01 00:50:12.000000,2024-01-01 00:50:16.000000,9,-2.0743579766536966,5.72,23.224084020475424,0.03515625,3243.0062590124935,533.11,0.622568093385214
2024-01-01 00:50:15.000000,2024-01-01 00:50:19.000000,9,-0.09385214007782103,8.7,23.203242607983203,0.0390625,3563.12021868167,24.119999999999933,0.622568093385214
2024-01-01 00:50:18.000000,2024-01-01 00:50:22.000000,9,1.9449805447470814,12.65,25.50995544213623,0.0390625,3611.352185881666,499.85999999999984,0.622568093385214
2024-01-01 00:50:21.000000,2024-01-01 00:50:25.000000,9,-3.59863813229572,1.01,19.313209839639455,0.0390625,2242.39515546238,924.8499999999999,0.622568093385214
2024-01-01 00:50:24.000000,2024-01-01 00:50:28.000000,9,0.9461089494163425,9.07,20.907925951970547,0.0390625,3213.55997706626,243.1499999999999,-0.622568093385214
2024-01-01 00:50:27.000000,2024-01-01 00:50:31.000000,9,-1.0358365758754864,6.64,19.353965259606703,0.0390625,2950.4861384782025,266.2099999999999,-0.622568093385214
2024-01-01 00:50:30.000000,2024-01-01 00:50:34.000000,9,0.029571984435797588,6.76,25.87138380927298,0.03515625,3162.333157475503,7.599999999999973,-0.622568093385214
2024-01-01 00:50:33.000000,2024-01-01 00:50:37.000000,9,1.3147081712062259,8.08,28.732085505792284,0.03515625,4059.733064077066,337.8800000000001,-0.622568093385214
2024-01-01 00:50:36.000000,2024-01-01 00:50:40.000000,9,-0.3059143968871593,6.87,22.123541284020703,0.0390625,2546.648543611136,78.62000000000008,0.622568093385214
2024-01-01 00:50:39.000000,2024-01-01 00:50:43.000000,9,0.5998832684824903,8.44,19.771810849874008,0.0390625,2939.534571443396,154.17000000000004,-0.622568093385214
2024-01-01 00:50:42.000000,2024-01-01 00:50:46.000000,9,0.7407782101167316,8.49,20.32480833284838,0.03515625,2303.583512349129,190.37999999999982,0.622568093385214
2024-01-01 00:50:45.000000,2024-01-01 00:50:49.000000,9,-0.5596108949416342,4.63,21.075863672350557,0.0390625,2881.631442002455,143.8199999999999,0.622568093385214
2024-01-01 00:50:48.000000,2024-01-01 00:50:52.000000,9,-1.4574708171206232,7.24,20.586634189447324,0.03515625,3164.8308326875735,374.57000000000005,-0.622568093385214
2024-01-01 00:50:51.000000,2024-01-01 00:50:55.000000,9,0.8142023346303502,6.56,25.606457503238328,0.03125,4020.1271115268855,209.25000000000003,0.4980544747081712
2024-01-01 00:50:54.000000,2024-01-01 00:50:58.000000,9,-1.2832684824902723,4.79,19.795761921596796,0.03515625,2604.1798059406156,329.8,0.4980544747081712
2024-01-01 00:50:57.000000,2024-01-01 00:51:01.000000,9,0.29322957198443583,8.23,23.95998289950865,0.0390625,3616.0492968800577,75.35999999999999,0.622568093385214
2024-01-01 00:51:00.000000,2024-01-01 00:51:04.000000,9,-0.71704280155642,7.73,25.906857030925554,0.04296875,3287.718436309257,184.27999999999992,0.622568093385214
2024-01-01 00:51:03.000000,2024-01-01 00:51:07.000000,9,-0.5441634241245136,8.28,25.730848570248583,0.0390625,3904.413556542214,139.85000000000008,0.622568093385214
2024-01-01 00:51:06.000000,2024-01-01 00:51:10.000000,9,0.26326848249027235,5.64,28.84440606339975,0.0390625,3646.3916816542674,67.66000000000011,-0.622568093385214
2024-01-01 00:51:09.000000,2024-01-01 00:51:13.000000,9,-0.9246692607003888,6.43,19.16484670448972,0.0390625,2874.9770338623307,237.64,-0.622568093385214
2024-01-01 00:51:12.000000,2024-01-01 00:51:16.000000,9,-0.0841634241245136,1.61,32.585420103188994,0.0390625,3968.3285143061576,21.630000000000013,0.622568093385214
2024-01-01 00:51:15.000000,2024-01-01 00:51:19.000000,9,0.8384435797665375,1.35,32.6754321041527,0.0390625,2949.950889608763,215.4799999999998,-0.622568093385214
2024-01-01 00:51:18.000000,2024-01-01 00:51:22.000000,9,-1.7717509727626461,3.14,16.973715492644597,0.0390625,2561.1751947824755,455.34,-0.622568093385214
2024-01-01 00:51:21.000000,2024-01-01 00:51:25.000000,9,1.6091439688715956,7.77,15.182349308138985,0.04296875,1667.296695705844,413.55,0.7470817120622568
2024-01-01 00:51:24.000000,2024-01-01 00:51:28.000000,9,0.3616342412451365,4.82,27.37975577365644,0.04296875,3271.835093985226,92.93999999999997,0.7470817120622568
2024-01-01 00:51:27.000000,2024-01-01 00:51:31.000000,9,-2.24828793774319,-3.11,42.289617864064965,0.03515625,4209.57419447151,577.8100000000002,0.622568093385214
2024-01-01 00:51:30.000000,2024-01-01 00:51:34.000000,9,1.5253307392996118,-1.64,45.17583147222186,0.05859375,4228.63944730752,392.0100000000001,0.7470817120622568
2024-01-01 00:51:33.000000,2024-01-01 00:51:37.000000,9,-1.8612062256809332,1.45,39.554518681798044,0.09765625,3355.3831908319808,478.3300000000002,0.7470817120622568
2024-01-01 00:51:36.000000,2024-01-01 00:51:40.000000,9,-1.2273540856031129,2.17,22.070729077995814,0.05078125,1975.2175627054878,315.42999999999995,0.7470817120622568
2024-01-01 00:51:39.000000,2024-01-01 00:51:43.000000,9,1.2345136186770425,4.54,38.47499210953676,0.04296875,3149.4350281352336,317.26999999999987,0.622568093385214
2024-01-01 00:51:42.000000,2024-01-01 00:51:46.000000,9,-2.310272373540856,-3.2,70.50716614401617,0.0625,6567.30821752435,593.74,0.8715953307392996
2024-01-01 00:51:45.000000,2024-01-01 00:51:49.000000,9,-2.1272373540856035,7.04,41.12170978187615,0.05078125,2734.8722095908224,546.7,0.8715953307392996
2024-01-01 00:51:48.000000,2024-01-01 00:51:52.000000,9,1.0573540856031134,3.91,44.56370030820253,0.04296875,3417.855832165717,271.73999999999984,-0.3735408560311284
2024-01-01 00:51:51.000000,2024-01-01 00:51:55.000000,9,-1.182140077821011,3.44,58.32720975115562,0.0703125,4478.568104166166,303.80999999999983,-0.3735408560311284
2024-01-01 00:51:54.000000,2024-01-01 00:51:58.000000,9,-2.1461478599221784,1.53,49.167333957236586,0.0625,5213.889561235085,551.5599999999997,0.4980544747081712
2024-01-01 00:51:57.000000,2024-01-01 00:52:01.000000,9,0.9483268482490282,1.26,67.06870769791047,0.0625,6092.48765489941,243.71999999999997,0.622568093385214
2024-01-01 00:52:00.000000,2024-01-01 00:52:04.000000,9,-0.04509727626459024,-4.96,61.63242955412684,0.05859375,6269.9858944775615,11.589999999999385,-0.622568093385214
2024-01-01 00:52:03.000000,2024-01-01 00:52:07.000000,9,-1.117120622568093,-5.35,41.51373660408142,0.0625,3973.9990874694445,287.09999999999945,-0.622568093385214
2024-01-01 00:52:06.000000,2024-01-01 00:52:10.000000,9,-2.1184824902723736,0.31,23.5144404691839,0.0390625,2784.8676012460032,544.45,0.622568093385214
2024-01-01 00:52:09.000000,2024-01-01 00:52:13.000000,9,1.4273540856031126,-2.76,45.24609870961848,0.046875,5017.302258546203,366.83000000000004,-0.622568093385214
2024-01-01 00:52:12.000000,2024-01-01 00:52:16.000000,9,-0.46268482490272406,3.98,41.06913304719169,0.0546875,3525.1000139329058,118.91000000000037,-0.7470817120622568
2024-01-01 00:52:15.000000,2024-01-01 00:52:19.000000,9,0.45385214007782054,-0.12,45.99051491401437,0.0703125,3663.7665360033748,116.6400000000001,1.245136186770428
2024-01-01 00:52:18.000000,2024-01-01 00:52:22.000000,9,-2.159260700389105,-4.05,28.178410796178266,0.0546875,2571.2004358896247,554.9300000000001,-0.622568093385214
2024-01-01 00:52:21.000000,2024-01-01 00:52:25.000000,9,1.121634241245136,3.49,41.47347015872103,0.0703125,5109.0440670355065,288.25999999999993,0.622568093385214
2024-01-01 00:52:24.000000,2024-01-01 00:52:28.000000,9,-2.213229571984436,4.22,35.27656700649168,0.0390625,4159.386367383284,568.8000000000002,0.622568093385214
2024-01-01 00:52:27.000000,2024-01-01 00:52:31.000000,9,-3.9369649805447477,0.21,50.36523349155571,0.04296875,4065.8044803529733,1011.7999999999997,-0.2490272373540856
2024-01-01 00:52:30.000000,2024-01-01 00:52:34.000000,9,-3.3536186770428014,-9.1,62.15918625337811,0.06640625,7294.116504641571,861.8799999999997,0.7470817120622568
2024-01-01 00:52:33.000000,2024-01-01 00:52:37.000000,9,-0.6776653696498057,-1.63,29.155835581139854,0.0625,2957.9551149241393,174.15999999999997,0.8715953307392996
2024-01-01 00:52:36.000000,2024-01-01 00:52:40.000000,9,2.9595330739299603,-1.01,34.35041728640104,0.04296875,4501.848796825839,760.5999999999999,-0.622568093385214
2024-01-01 00:52:39.000000,2024-01-01 00:52:43.000000,9,1.5841634241245133,11.02,23.003145882439927,0.0390625,3484.693823037648,407.13,0.622568093385214
2024-01-01 00:52:42.000000,2024-01-01 00:52:46.000000,9,-1.665058365758755,6.79,23.751064418921025,0.0390625,3642.4609047257654,427.91999999999985,0.622568093385214
2024-01-01 00:52:45.000000,2024-01-01 00:52:49.000000,9,1.4277431906614784,12.87,34.937821000932004,0.04296875,4672.975181536109,366.9300000000004,0.622568093385214
2024-01-01 00:52:48.000000,2024-01-01 00:52:52.000000,9,3.7598832684824903,18.44,39.979768521115105,0.04296875,5300.165591399555,966.2900000000003,0.622568093385214
2024-01-01 00:52:51.000000,2024-01-01 00:52:55.000000,9,-1.543385214007782,-5.9,41.78353319092865,0.046875,3980.4443143213725,396.6499999999999,-0.4980544747081712
2024-01-01 00:52:54.000000,2024-01-01 00:52:58.000000,9,-3.0860700389105062,-5.62,34.41463314826195,0.0625,3555.2733473646285,793.12,0.7470817120622568
2024-01-01 00:52:57.000000,2024-01-01 00:53:01.000000,9,1.7920622568093385,0.29,27.015215967623845,0.06640625,3011.9034781210826,460.56000000000006,-0.3735408560311284
2024-01-01 00:53:00.000000,2024-01-01 00:53:04.000000,9,-1.012918287937743,-3.11,36.56361330096089,0.06640625,2919.9237751019496,260.31999999999994,0.4980544747081712
2024-01-01 00:53:03.000000,2024-01-01 00:53:07.000000,9,-0.9103501945525291,-1.33,37.249775317510434,0.0625,4640.679070748212,233.9600000000001,0.4980544747081712
2024-01-01 00:53:06.000000,2024-01-01 00:53:10.000000,9,2.237354085603113,2.39,67.12727490328011,0.03125,8177.631402315507,574.9999999999998,-0.3735408560311284
2024-01-01 00:53:09.000000,2024-01-01 00:53:13.000000,9,-12.626575875486381,-29.95,89.52537115923242,0.03125,9234.54407528511,3245.029999999999,0.2490272373540856
2024-01-01 00:53:12.000000,2024-01-01 00:53:16.000000,9,8.02536964980545,9.37,86.31118500514135,0.03125,8647.595891039122,2062.52,0.3735408560311284
2024-01-01 00:53:15.000000,2024-01-01 00:53:19.000000,9,4.563190661478599,-0.41,75.38019172065306,0.0390625,6644.60192355484,1172.7399999999998,-0.2490272373540856
2024-01-01 00:53:18.000000,2024-01-01 00:53:22.000000,9,-0.3050583657587561,-0.17,47.07257645381743,0.046875,4404.4792626437675,78.39999999999971,0.4980544747081712
2024-01-01 00:53:21.000000,2024-01-01 00:53:25.000000,9,1.945019455252918,4.42,46.39883857588494,0.03125,4400.566845835431,499.86999999999995,0.622568093385214
2024-01-01 00:53:24.000000,2024-01-01 00:53:28.000000,9,1.1711284046692603,12.94,52.26287097649826,0.0390625,7895.37915897505,300.9800000000003,0.622568093385214
2024-01-01 00:53:27.000000,2024-01-01 00:53:31.000000,9,-1.2502334630350196,-12.65,59.34033010110225,0.05078125,7292.383257395904,321.3099999999992,0.7470817120622568
2024-01-01 00:53:30.000000,2024-01-01 00:53:34.000000,9,-2.935642023346303,-4.79,36.46191454358715,0.05859375,5025.632670922205,754.4599999999999,-0.622568093385214
2024-01-01 00:53:33.000000,2024-01-01 00:53:37.000000,9,-1.3330739299610905,-6.05,47.640089853160134,0.05078125,4095.7114818985,342.59999999999985,0.3735408560311284
2024-01-01 00:53:36.000000,2024-01-01 00:53:40.000000,9,-4.91272373540856,-3.04,38.268896174664945,0.0390625,4217.9919585702355,1262.5699999999997,-0.622568093385214
2024-01-01 00:53:39.000000,2024-01-01 00:53:43.000000,9,-1.028093385214008,7.59,45.366185058270496,0.04296875,4791.840772698672,264.2200000000002,-0.622568093385214
2024-01-01 00:53:42.000000,2024-01-01 00:53:46.000000,9,-2.872178988326849,4.18,41.830196674498346,0.0546875,5099.33592457652,738.1500000000001,0.622568093385214
2024-01-01 00:53:45.000000,2024-01-01 00:53:49.000000,9,2.0121400778210123,17.67,44.412641329415464,0.05078125,5788.728723937772,517.12,0.622568093385214
2024-01-01 00:53:48.000000,2024-01-01 00:53:52.000000,9,-0.661556420233463,-4.45,57.22014165352393,0.03515625,7260.081813022549,170.02000000000004,-0.4980544747081712
2024-01-01 00:53:51.000000,2024-01-01 00:53:55.000000,9,2.0024124513618675,9.99,47.46769044671171,0.03125,7197.2768474062095,514.62,-0.4980544747081712
2024-01-01 00:53:54.000000,2024-01-01 00:53:58.000000,9,3.083385214007782,11.82,42.37008528628939,0.03515625,4458.059645053978,792.4299999999998,0.622568093385214
2024-01-01 00:53:57.000000,2024-01-01 00:54:01.000000,9,2.620739299610895,12.52,44.00313701350651,0.0390625,6373.261295834086,673.53,-0.622568093385214
2024-01-01 00:54:00.000000,2024-01-01 00:54:04.000000,9,5.282217898832685,12.07,44.35506876490932,0.03515625,4914.679031345715,1357.53,0.622568093385214
2024-01-01 00:54:03.000000,2024-01-01 00:54:07.000000,9,0.779260700389105,-12.34,46.07823400544638,0.02734375,3580.827544623548,200.27000000000004,-0.3735408560311284
2024-01-01 00:54:06.000000,2024-01-01 00:54:10.000000,9,7.376070038910506,9.34,65.14220601435714,0.0625,5769.191536758928,1895.65,0.622568093385214
2024-01-01 00:54:09.000000,2024-01-01 00:54:13.000000,9,1.9072373540856025,16.05,90.30222748538566,0.02734375,9083.762273464825,490.1599999999996,0.3735408560311284
2024-01-01 00:54:12.000000,2024-01-01 00:54:16.000000,9,-0.5163813229571984,5.37,48.800790158122965,0.0546875,4720.265000210726,132.71000000000006,0.7470817120622568
2024-01-01 00:54:15.000000,2024-01-01 00:54:19.000000,9,3.237315175097276,8.4,50.78461208283653,0.0546875,3733.286757137907,831.9899999999998,-0.7470817120622568
2024-01-01 00:54:18.000000,2024-01-01 00:54:22.000000,9,4.170233463035019,5.7,48.31957574260437,0.03515625,6985.141170351902,1071.75,0.622568093385214
2024-01-01 00:54:21.000000,2024-01-01 00:54:25.000000,9,-0.603463035019455,-0.86,40.65323160480194,0.03515625,4024.276247867652,155.0900000000001,0.622568093385214
2024-01-01 00:54:24.000000,2024-01-01 00:54:28.000000,9,-0.4999221789883269,0.64,60.7283559758139,0.03515625,8868.533939276966,128.48000000000008,0.622568093385214
2024-01-01 00:54:27.000000,2024-01-01 00:54:31.000000,9,-2.0854863813229567,-1.33,49.41505788678098,0.0859375,4261.562337285432,535.97,0.4980544747081712
2024-01-01 00:54:30.000000,2024-01-01 00:54:34.000000,9,0.7603501945525291,-3.91,26.6491636146664,0.09765625,1869.9239058394276,195.40999999999994,0.7470817120622568
2024-01-01 00:54:33.000000,2024-01-01 00:54:37.000000,9,-0.8073929961089495,-1.13,41.28864328918252,0.0859375,3263.5124944640793,207.5,0.622568093385214
2024-01-01 00:54:36.000000,2024-01-01 00:54:40.000000,9,-0.40295719844358,-1.17,35.97012646978137,0.05078125,3339.8564704929095,103.5599999999998,-0.622568093385214
2024-01-01 00:54:39.000000,2024-01-01 00:54:43.000000,9,1.8948249027237347,-0.11,34.08216980334995,0.0390625,4050.9857002201225,486.9699999999998,-0.622568093385214
2024-01-01 00:54:42.000000,2024-01-01 00:54:46.000000,9,-0.018871595330739416,6.33,35.8477704901205,0.0390625,4567.210563572485,4.850000000000168,-0.622568093385214
2024-01-01 00:54:45.000000,2024-01-01 00:54:49.000000,9,3.05443579766537,5.54,44.72602886879004,0.046875,6217.794873871899,784.99,0.622568093385214
2024-01-01 00:54:48.000000,2024-01-01 00:54:52.000000,9,2.0022568093385207,11.1,38.06533881506463,0.03515625,3758.3804199677393,514.5799999999998,0.4980544747081712
2024-01-01 00:54:51.000000,2024-01-01 00:54:55.000000,9,-3.8860700389105056,2.22,38.6172693685021,0.0390625,5914.020950914203,998.7199999999997,0.622568093385214
2024-01-01 00:54:54.000000,2024-01-01 00:54:58.000000,9,3.6425680933852145,11.09,44.972555602741025,0.046875,5866.211771167957,936.1400000000003,-0.622568093385214
2024-01-01 00:54:57.000000,2024-01-01 00:55:01.000000,9,-1.8028015564202333,4.33,44.411353664441734,0.0390625,5495.006893043223,463.32000000000005,0.622568093385214
2024-01-01 00:55:00.000000,2024-01-01 00:55:04.000000,9,-1.6326070038910512,1.31,45.808704581581516,0.03515625,4890.289695760962,419.5800000000002,0.3735408560311284
2024-01-01 00:55:03.000000,2024-01-01 00:55:07.000000,9,5.732178988326848,3.11,36.27555797187636,0.05859375,3391.050640128013,1473.17,0.622568093385214
2024-01-01 00:55:06.000000,2024-01-01 00:55:10.000000,9,-0.6011284046692608,5.69,30.094443902485608,0.05078125,3300.163815442111,154.48999999999984,0.622568093385214
2024-01-01 00:55:09.000000,2024-01-01 00:55:13.000000,9,0.7453696498054477,8.67,32.91966911747796,0.0390625,3841.8043257742193,191.55999999999972,0.622568093385214
2024-01-01 00:55:12.000000,2024-01-01 00:55:16.000000,9,-2.8198832684824904,2.83,31.442827847272184,0.0390625,3706.968716233556,724.7099999999998,-0.7470817120622568
2024-01-01 00:55:15.000000,2024-01-01 00:55:19.000000,9,1.780544747081714,3.57,63.23146372788504,0.0390625,7802.827227855893,457.5999999999998,0.622568093385214
2024-01-01 00:55:18.000000,2024-01-01 00:55:22.000000,9,-6.604591439688716,0.43,56.82776768110449,0.0390625,5479.14648975509,1697.3799999999997,0.4980544747081712
2024-01-01 00:55:21.000000,2024-01-01 00:55:25.000000,9,3.7369260700389098,7.73,48.485648531920454,0.05859375,3082.57438622283,960.3899999999999,-0.3735408560311284
2024-01-01 00:55:24.000000,2024-01-01 00:55:28.000000,9,3.986070038910506,16.52,86.14203251685963,0.0390625,8281.369118617982,1024.42,0.3735408560311284
2024-01-01 00:55:27.000000,2024-01-01 00:55:31.000000,9,2.4802723735408563,1.59,42.87394115314858,0.08203125,2851.9003488870408,637.43,1.4941634241245136
2024-01-01 00:55:30.000000,2024-01-01 00:55:34.000000,9,1.1450972762645912,-0.02,27.127035740325674,0.078125,1833.17581433856,294.28999999999985,0.7470817120622568
2024-01-01 00:55:33.000000,2024-01-01 00:55:37.000000,9,-1.3122568093385214,-6.48,49.260530230976165,0.0625,4353.912950120682,337.24999999999943,-0.622568093385214
2024-01-01 00:55:36.000000,2024-01-01 00:55:40.000000,9,0.05599221789883252,-6.01,41.87878258904578,0.0546875,3738.7948889439695,14.389999999999787,0.7470817120622568
2024-01-01 00:55:39.000000,2024-01-01 00:55:43.000000,9,-3.3227626459143975,1.52,59.4828815033985,0.03515625,7173.981535383817,853.9499999999998,0.622568093385214
2024-01-01 00:55:42.000000,2024-01-01 00:55:46.000000,9,5.745836575875484,9.91,50.513460947504484,0.04296875,5078.445768881932,1476.6799999999996,-0.2490272373540856
2024-01-01 00:55:45.000000,2024-01-01 00:55:49.000000,9,9.493579766536964,30.65,50.99657490438909,0.03125,5428.141193782419,2439.8499999999995,0.1245136186770428
2024-01-01 00:55:48.000000,2024-01-01 00:55:52.000000,9,0.6789883268482495,6.98,49.981836432760964,0.04296875,4813.4467913814515,174.5,-0.2490272373540856
2024-01-01 00:55:51.000000,2024-01-01 00:55:55.000000,9,4.119143968871595,8.92,77.29563489786696,0.046875,7834.110494845599,1058.6200000000001,0.622568093385214
2024-01-01 00:55:54.000000,2024-01-01 00:55:58.000000,9,-7.494591439688718,-1.35,68.82612858291051,0.04296875,6776.643065553879,1926.11,0.2490272373540856
2024-01-01 00:55:57.000000,2024-01-01 00:56:01.000000,9,-7.783968871595331,10.22,62.399978958572376,0.03125,8918.732341930261,2000.4799999999996,0.622568093385214
2024-01-01 00:56:00.000000,2024-01-01 00:56:04.000000,9,0.08400778210116655,2.85,49.90769279270045,0.05859375,5180.906303933595,21.589999999999982,0.7470817120622568
2024-01-01 00:56:03.000000,2024-01-01 00:56:07.000000,9,-0.06828793774319071,-0.23,56.66474458681203,0.0390625,6219.0208203342045,17.549999999999983,0.622568093385214
2024-01-01 00:56:06.000000,2024-01-01 00:56:10.000000,9,0.7956420233463037,4.92,37.35529773961255,0.03515625,4401.514283529833,204.4799999999995,0.622568093385214
2024-01-01 00:56:09.000000,2024-01-01 00:56:13.000000,9,-1.386186770428016,1.43,51.66903741690936,0.05078125,4771.980134241594,356.25,0.622568093385214
2024-01-01 00:56:12.000000,2024-01-01 00:56:16.000000,9,6.1177042801556425,1.05,55.823250537463856,0.05859375,5141.416576113443,1572.2499999999998,-0.622568093385214
2024-01-01 00:56:15.000000,2024-01-01 00:56:19.000000,9,0.42976653696497985,-5.14,61.233577606634945,0.046875,6751.533215131557,110.45000000000003,0.4980544747081712
2024-01-01 00:56:18.000000,2024-01-01 00:56:22.000000,9,-8.431284046692607,-5.44,40.544298963268666,0.046875,4410.405522585622,2166.8399999999997,0.622568093385214
2024-01-01 00:56:21.000000,2024-01-01 00:56:25.000000,9,4.829571984435799,7.21,46.42399644903981,0.0546875,4729.343600052812,1241.1999999999998,-0.622568093385214
2024-01-01 00:56:24.000000,2024-01-01 00:56:28.000000,9,-0.7257587548638158,0.12,72.27177301893836,0.03515625,8635.23841811062,186.51999999999967,-0.4980544747081712
2024-01-01 00:56:27.000000,2024-01-01 00:56:31.000000,9,-7.622256809338523,-6.07,51.68220298927298,0.0390625,5653.7605429654795,1958.9199999999996,0.4980544747081712
2024-01-01 00:56:30.000000,2024-01-01 00:56:34.000000,9,1.9941245136186776,2.16,47.2838909882048,0.05078125,4335.743059081731,512.4900000000001,0.622568093385214
2024-01-01 00:56:33.000000,2024-01-01 00:56:37.000000,9,-3.9219844357976656,5.1,43.194886935547785,0.03515625,5332.673566848345,1007.9500000000003,0.622568093385214
2024-01-01 00:56:36.000000,2024-01-01 00:56:40.000000,9,0.05241245136186748,2.16,57.35996944680666,0.0546875,7675.64290559012,13.469999999999793,0.622568093385214
2024-01-01 00:56:39.000000,2024-01-01 00:56:43.000000,9,-2.3601945525291836,3.54,37.93404234090241,0.05078125,3388.158677682821,606.5699999999999,0.3735408560311284
2024-01-01 00:56:42.000000,2024-01-01 00:56:46.000000,9,1.5140466926070035,3.54,43.851086297808095,0.05078125,4608.737360706188,389.1099999999998,0.3735408560311284
2024-01-01 00:56:45.000000,2024-01-01 00:56:49.000000,9,-1.2026459143968875,7.91,42.64579326047929,0.03515625,5607.942474827405,309.0799999999999,0.622568093385214
2024-01-01 00:56:48.000000,2024-01-01 00:56:52.000000,9,2.338210116731518,8.32,51.05891159272595,0.05859375,4489.821891884986,600.9199999999997,0.622568093385214
2024-01-01 00:56:51.000000,2024-01-01 00:56:55.000000,9,4.469416342412452,3.15,37.955215716007174,0.0625,4306.234223702231,1148.64,0.4980544747081712
2024-01-01 00:56:54.000000,2024-01-01 00:56:58.000000,9,-1.6261089494163419,0.34,57.95922193626166,0.04296875,6068.01126957863,417.9100000000001,0.622568093385214
2024-01-01 00:56:57.000000,2024-01-01 00:57:01.000000,9,-1.5467315175097283,-7.61,53.00538335920739,0.046875,5144.121186333447,397.51,0.2490272373540856
2024-01-01 00:57:00.000000,2024-01-01 00:57:04.000000,9,-4.489221789883269,-9.63,55.94346855184054,0.0390625,7606.851611978919,1153.7299999999998,0.622568093385214
2024-01-01 00:57:03.000000,2024-01-01 00:57:07.000000,9,-3.3571984435797657,-5.26,52.52788757765367,0.07421875,5045.330451145701,862.7999999999997,0.8715953307392996
2024-01-01 00:57:06.000000,2024-01-01 00:57:10.000000,9,2.1867315175097275,-3.09,68.65495115562709,0.0390625,9628.195288928951,561.9900000000002,-0.622568093385214
2024-01-01 00:57:09.000000,2024-01-01 00:57:13.000000,9,-11.08887159533074,-12.95,44.35031301735485,0.03515625,3907.414582945838,2849.8399999999997,0.622568093385214
2024-01-01 00:57:12.000000,2024-01-01 00:57:16.000000,9,-0.3878988326848242,-6.31,58.47507117304648,0.046875,5944.762659630099,99.69000000000001,0.3735408560311284
2024-01-01 00:57:15.000000,2024-01-01 00:57:19.000000,9,-2.1059143968871594,-0.01,38.80374220889678,0.05078125,4163.08127692397,541.2200000000003,0.622568093385214
2024-01-01 00:57:18.000000,2024-01-01 00:57:22.000000,9,5.176692607003891,7.65,47.578555933545815,0.03125,5222.19816297897,1330.4099999999999,-0.3735408560311284
2024-01-01 00:57:21.000000,2024-01-01 00:57:25.000000,9,2.3375875486381323,5.72,55.65531853179976,0.0390625,5135.211167613702,600.76,-0.7470817120622568
2024-01-01 00:57:24.000000,2024-01-01 00:57:28.000000,9,-3.528054474708171,-11.52,58.863228986090256,0.03515625,4532.886611884253,906.71,0.7470817120622568
2024-01-01 00:57:27.000000,2024-01-01 00:57:31.000000,9,-0.21661478599221773,-0.47,35.23186414861109,0.046875,3061.3376552942727,55.669999999999945,0.2490272373540856
2024-01-01 00:57:30.000000,2024-01-01 00:57:34.000000,9,-0.06217898832684854,1.19,38.20646532839322,0.0703125,3147.834753921042,15.980000000000203,-0.622568093385214
2024-01-01 00:57:33.000000,2024-01-01 00:57:37.000000,9,0.8694163424124511,11.7,48.92391610691174,0.03515625,7218.394600574468,223.4399999999999,0.622568093385214
2024-01-01 00:57:36.000000,2024-01-01 00:57:40.000000,9,2.2540856031128405,7.86,46.782577411449545,0.046875,5573.710248946517,579.3000000000002,0.622568093385214
2024-01-01 00:57:39.000000,2024-01-01 00:57:43.000000,9,-2.555214007782102,-3.4,46.755396906618465,0.07421875,3576.304805536565,656.69,1.1206225680933852
2024-01-01 00:57:42.000000,2024-01-01 00:57:46.000000,9,-0.3347081712062256,-12.73,56.60422608736612,0.05078125,5013.034796814654,86.02000000000027,0.4980544747081712
2024-01-01 00:57:45.000000,2024-01-01 00:57:49.000000,9,1.3211673151750971,5.74,62.49507744520405,0.03515625,6995.873027831797,339.54,-0.622568093385214
2024-01-01 00:57:48.000000,2024-01-01 00:57:52.000000,9,4.030933852140077,3.25,53.70278375203899,0.046875,7039.505095006081,1035.9499999999998,0.622568093385214
2024-01-01 00:57:51.000000,2024-01-01 00:57:55.000000,9,-2.169455252918289,-1.68,54.01596327720715,0.06640625,5176.708770019681,557.5500000000002,-0.7470817120622568
2024-01-01 00:57:54.000000,2024-01-01 00:57:58.000000,9,10.731400778210118,12.4,54.898936753127586,0.04296875,6103.385545160731,2757.9700000000003,0.3735408560311284
2024-01-01 00:57:57.000000,2024-01-01 00:58:01.000000,9,4.950817120622568,8.76,65.14833470891892,0.05078125,4732.830529689465,1272.3599999999997,0.4980544747081712
2024-01-01 00:58:00.000000,2024-01-01 00:58:04.000000,9,4.507431906614785,5.02,46.40696615209439,0.0703125,4029.6101843709353,1158.4099999999999,0.622568093385214
2024-01-01 00:58:03.000000,2024-01-01 00:58:07.000000,9,-3.462762645914396,2.2,51.63576244272084,0.0390625,6591.298966347343,889.9299999999997,0.622568093385214
2024-01-01 00:58:06.000000,2024-01-01 00:58:10.000000,9,-2.252684824902722,9.68,48.26451577502809,0.04296875,4604.476344727661,578.9400000000002,0.3735408560311284
2024-01-01 00:58:09.000000,2024-01-01 00:58:13.000000,9,-2.209221789883269,11.87,49.41899128262355,0.04296875,7031.492819177887,567.7700000000002,-0.622568093385214
2024-01-01 00:58:12.000000,2024-01-01 00:58:16.000000,9,1.4294163424124515,-1.68,50.81514456573096,0.0390625,6171.709345213708,367.3599999999999,0.622568093385214
2024-01-01 00:58:15.000000,2024-01-01 00:58:19.000000,9,1.6917898832684823,11.16,58.222496731848025,0.04296875,8062.179039229389,434.79000000000013,-0.622568093385214
2024-01-01 00:58:18.000000,2024-01-01 00:58:22.000000,9,1.3268871595330736,3.93,32.8663949948861,0.04296875,3301.012732876394,341.01000000000005,0.3735408560311284
2024-01-01 00:58:21.000000,2024-01-01 00:58:25.000000,9,-2.955369649805448,-0.65,45.161492203928354,0.0390625,4576.361262585293,759.53,0.4980544747081712
2024-01-01 00:58:24.000000,2024-01-01 00:58:28.000000,9,-6.933618677042801,-17.52,63.371108409074324,0.04296875,6588.6914577264115,1781.94,0.622568093385214
2024-01-01 00:58:27.000000,2024-01-01 00:58:31.000000,9,-2.15408560311284,-6.62,83.09881513826335,0.04296875,9240.646589760614,553.6000000000003,0.622568093385214
2024-01-01 00:58:30.000000,2024-01-01 00:58:34.000000,9,-3.849260700389105,9.05,83.35152373193712,0.04296875,8018.569371681767,989.2599999999996,0.7470817120622568
2024-01-01 00:58:33.000000,2024-01-01 00:58:37.000000,9,-3.0145914396887155,-5.0,79.89227273095679,0.0546875,6582.887006173256,774.7499999999999,0.7470817120622568
2024-01-01 00:58:36.000000,2024-01-01 00:58:40.000000,9,-1.3535408560311284,-2.15,27.225458650709417,0.05859375,2362.2767273117042,347.86,-0.7470817120622568
2024-01-01 00:58:39.000000,2024-01-01 00:58:43.000000,9,0.8665369649805449,-8.29,33.97486537741787,0.046875,4835.648988440173,222.70000000000016,0.622568093385214
2024-01-01 00:58:42.000000,2024-01-01 00:58:46.000000,9,-0.8850972762645913,4.02,64.36983871975218,0.04296875,8035.37772924262,227.47000000000017,-0.622568093385214
2024-01-01 00:58:45.000000,2024-01-01 00:58:49.000000,9,0.1436575875486382,5.67,41.843554749444934,0.046875,5173.957648495738,36.92000000000001,0.622568093385214
2024-01-01 00:58:48.000000,2024-01-01 00:58:52.000000,9,-0.8231517509727625,8.35,56.09316003683768,0.04296875,6197.621758788391,211.54999999999993,-0.622568093385214
2024-01-01 00:58:51.000000,2024-01-01 00:58:55.000000,9,-4.290194552529183,-0.01,50.45101403102694,0.04296875,4699.077951581351,1102.58,0.622568093385214
2024-01-01 00:58:54.000000,2024-01-01 00:58:58.000000,9,-0.47093385214007816,-2.17,64.58111282937732,0.03515625,8263.147696555545,121.03000000000041,0.622568093385214
2024-01-01 00:58:57.000000,2024-01-01 00:59:01.000000,9,-3.986575875486382,-5.31,44.52934611661529,0.04296875,5353.725446430128,1024.5499999999997,-0.622568093385214
2024-01-01 00:59:00.000000,2024-01-01 00:59:04.000000,9,2.8184435797665373,-12.11,69.27982679462396,0.0390625,7084.703398226376,724.3399999999996,0.2490272373540856
2024-01-01 00:59:03.000000,2024-01-01 00:59:07.000000,9,4.6338910505836575,3.65,46.685107465007874,0.0546875,5177.552653698886,1190.9099999999999,0.622568093385214
2024-01-01 00:59:06.000000,2024-01-01 00:59:10.000000,9,-2.5230739299610896,-12.52,77.28983029277474,0.03125,8712.968196675429,648.4299999999994,0.3735408560311284
2024-01-01 00:59:09.000000,2024-01-01 00:59:13.000000,9,7.734319066147861,-9.09,82.19495455037627,0.03125,7603.70484766228,1987.7199999999998,0.2490272373540856
2024-01-01 00:59:12.000000,2024-01-01 00:59:16.000000,9,-5.181322957198443,-4.93,32.798986321404776,0.0546875,3607.796078934089,1331.6,0.622568093385214
2024-01-01 00:59:15.000000,2024-01-01 00:59:19.000000,9,-5.660505836575877,-8.95,45.07520645379792,0.04296875,4467.14853772788,1454.75,-0.622568093385214
2024-01-01 00:59:18.000000,2024-01-01 00:59:22.000000,9,1.4681712062256818,-3.47,47.45873023943353,0.046875,4517.975043746622,377.32,-0.622568093385214
2024-01-01 00:59:21.000000,2024-01-01 00:59:25.000000,9,-1.3180933852140082,-0.25,29.285781117250313,0.05078125,3585.3885178875553,338.75000000000006,-0.622568093385214
2024-01-01 00:59:24.000000,2024-01-01 00:59:28.000000,9,3.0563813229571974,13.84,41.526854467105366,0.0390625,6294.445792908558,785.4899999999999,0.622568093385214
2024-01-01 00:59:27.000000,2024-01-01 00:59:31.000000,9,0.5005058365758754,12.61,37.193190375255604,0.0390625,5556.836726291634,128.62999999999982,-0.622568093385214
2024-01-01 00:59:30.000000,2024-01-01 00:59:34.000000,9,-3.245136186770429,13.64,45.73795018995754,0.03515625,5065.843058759105,833.9999999999998,0.4980544747081712
2024-01-01 00:59:33.000000,2024-01-01 00:59:37.000000,9,2.7966536964980535,15.09,46.14932042270245,0.046875,5741.923114816505,718.7399999999999,0.622568093385214
2024-01-01 00:59:36.000000,2024-01-01 00:59:40.000000,9,1.6089883268482488,7.22,36.82955100320285,0.05859375,3267.156978301745,413.5099999999998,-0.622568093385214
2024-01-01 00:59:39.000000,2024-01-01 00:59:43.000000,9,0.9218287937743189,1.27,41.19930309068435,0.04296875,3962.3943662121255,236.90999999999985,0.4980544747081712
2024-01-01 00:59:42.000000,2024-01-01 00:59:46.000000,9,0.5053307392996096,-7.0,50.96899585305846,0.0390625,5903.282329003394,129.87000000000006,0.622568093385214
2024-01-01 00:59:45.000000,2024-01-01 00:59:49.000000,9,2.816653696498055,2.24,41.66366545597329,0.046875,3831.044087525709,723.8800000000001,0.3735408560311284
2024-01-01 00:59:48.000000,2024-01-01 00:59:52.000000,9,-0.510233463035019,-5.77,34.162566924215916,0.04296875,3042.5165117690285,131.1300000000001,0.622568093385214
2024-01-01 00:59:51.000000,2024-01-01 00:59:55.000000,9,2.076498054474709,-5.41,37.91132815574023,0.04296875,4027.24405779316,533.6600000000003,-0.622568093385214
2024-01-01 00:59:54.000000,2024-01-01 00:59:58.000000,9,-0.6553307392996109,-3.14,38.743026539708914,0.04296875,5097.299344284545,168.42000000000013,0.7470817120622568
2024-01-01 00:59:57.000000,2024-01-01 01:00:01.000000,9,-1.8273540856031132,-3.14,61.0764989199245,0.0390625,5793.015459874641,469.63000000000005,-0.622568093385214
2024-01-01 01:00:00.000000,2024-01-01 01:00:04.000000,9,-3.0799221789883267,-6.01,56.71257396810401,0.03515625,7530.625976055436,791.54,0.3735408560311284
2024-01-01 01:00:03.000000,2024-01-01 01:00:07.000000,9,0.4444357976653698,2.22,55.36289298175573,0.05859375,7135.985646892721,114.22000000000041,0.3735408560311284
2024-01-01 01:00:06.000000,2024-01-01 01:00:10.000000,9,2.0519066147859926,4.14,50.239243265884724,0.046875,5825.938118127827,527.3399999999999,0.4980544747081712
2024-01-01 01:00:09.000000,2024-01-01 01:00:13.000000,9,2.460856031128405,8.77,42.71592196251999,0.05859375,5522.811553029817,632.4399999999997,-0.622568093385214
2024-01-01 01:00:12.000000,2024-01-01 01:00:16.000000,9,4.137821011673152,17.88,39.10673989723143,0.0390625,5531.970855540818,1063.42,0.622568093385214
2024-01-01 01:00:15.000000,2024-01-01 01:00:19.000000,9,-1.3743579766536962,7.95,35.522571088184236,0.05078125,3243.420604317307,353.2099999999999,0.3735408560311284
2024-01-01 01:00:18.000000,2024-01-01 01:00:22.000000,9,3.3295330739299613,11.8,47.023105372185164,0.04296875,5497.354564474086,855.6899999999998,-0.4980544747081712
2024-01-01 01:00:21.000000,2024-01-01 01:00:25.000000,9,0.41019455252918274,11.48,49.47884512006245,0.046875,5677.109774072224,105.41999999999996,-0.622568093385214
2024-01-01 01:00:24.000000,2024-01-01 01:00:28.000000,9,-0.2685214007782105,-2.56,43.01289473437244,0.046875,5151.54433458592,69.00999999999999,-0.622568093385214
2024-01-01 01:00:27.000000,2024-01-01 01:00:31.000000,9,4.473929961089495,5.83,55.61362037148094,0.0546875,4877.225415938985,1149.7999999999995,-0.622568093385214
2024-01-01 01:00:30.000000,2024-01-01 01:00:34.000000,9,-1.7115953307392997,-1.85,41.42086356488241,0.05078125,5202.293491017426,439.8800000000003,0.3735408560311284
2024-01-01 01:00:33.000000,2024-01-01 01:00:37.000000,9,1.9051750972762649,1.11,30.346983762877944,0.06640625,3285.330723772654,489.63,0.7470817120622568
2024-01-01 01:00:36.000000,2024-01-01 01:00:40.000000,9,2.8780155642023346,0.46,35.40788425663141,0.07421875,3508.104284007527,739.6499999999999,0.8715953307392996
2024-01-01 01:00:39.000000,2024-01-01 01:00:43.000000,9,-2.460155642023347,0.91,39.12884572721807,0.046875,4962.850042656152,632.2600000000002,0.622568093385214
2024-01-01 01:00:42.000000,2024-01-01 01:00:46.000000,9,-3.519922178988327,-4.26,43.299524742919175,0.0390625,4905.901782699031,904.6199999999998,0.622568093385214
2024-01-01 01:00:45.000000,2024-01-01 01:00:49.000000,9,-4.276653696498054,-2.18,64.24279044917036,0.046875,6124.349627340511,1099.1,-0.7470817120622568
2024-01-01 01:00:48.000000,2024-01-01 01:00:52.000000,9,-2.4557587548638127,0.03,39.34162633650201,0.05078125,4062.816737684598,631.1299999999998,-0.3735408560311284
2024-01-01 01:00:51.000000,2024-01-01 01:00:55.000000,9,6.013501945525291,7.96,42.12778325598763,0.04296875,3506.7652313296176,1545.4699999999998,-0.2490272373540856
2024-01-01 01:00:54.000000,2024-01-01 01:00:58.000000,9,7.097120622568092,11.96,46.825392745168735,0.03515625,4235.119168210049,1823.9599999999996,-0.4980544747081712
2024-01-01 01:00:57.000000,2024-01-01 01:01:01.000000,9,2.5359922178988326,11.44,34.40903709033884,0.03515625,4763.387455000289,651.7500000000002,-0.4980544747081712
2024-01-01 01:01:00.000000,2024-01-01 01:01:04.000000,9,-3.6935797665369656,3.09,31.172588049903126,0.03515625,4274.498582054933,949.2500000000001,0.4980544747081712
2024-01-01 01:01:03.000000,2024-01-01 01:01:07.000000,9,-0.0360311284046695,9.21,35.43339175656243,0.03515625,4668.501676770682,9.259999999999906,0.622568093385214
2024-01-01 01:01:06.000000,2024-01-01 01:01:10.000000,9,-3.176964980544747,6.07,30.61079265047174,0.0390625,4613.001244118363,816.4799999999998,-0.622568093385214
2024-01-01 01:01:09.000000,2024-01-01 01:01:13.000000,9,2.0522957198443574,10.89,41.27143554535883,0.03515625,4166.481771379151,527.4399999999997,0.3735408560311284
2024-01-01 01:01:12.000000,2024-01-01 01:01:16.000000,9,-2.4223346303501945,-4.97,34.68364372704315,0.03125,4967.171125516057,622.5399999999997,-0.4980544747081712
2024-01-01 01:01:15.000000,2024-01-01 01:01:19.000000,9,-4.308326848249027,1.8,28.287775392256517,0.046875,3518.3692105577384,1107.2399999999998,0.622568093385214
2024-01-01 01:01:18.000000,2024-01-01 01:01:22.000000,9,1.6071984435797668,3.49,43.18618973152034,0.0625,3476.159292976392,413.04999999999995,-0.622568093385214
2024-01-01 01:01:21.000000,2024-01-01 01:01:25.000000,9,-3.321517509727626,-2.31,26.148186638561466,0.0625,2243.1079704017343,853.6299999999999,0.9961089494163424
2024-01-01 01:01:24.000000,2024-01-01 01:01:28.000000,9,-0.18579766536964937,-0.38,54.58210961554986,0.04296875,5502.79762282515,47.75000000000019,0.622568093385214
2024-01-01 01:01:27.000000,2024-01-01 01:01:31.000000,9,2.424319066147861,0.46,72.70809093307413,0.04296875,6227.543044469968,623.0500000000005,0.7470817120622568
2024-01-01 01:01:30.000000,2024-01-01 01:01:34.000000,9,-0.6206225680933857,-1.38,54.290328403912284,0.02734375,5520.340716459543,159.49999999999977,0.2490272373540856
2024-01-01 01:01:33.000000,2024-01-01 01:01:37.000000,9,-5.8436575875486385,-15.69,57.4642120408524,0.03125,5612.745596919478,1501.8199999999997,-0.622568093385214
2024-01-01 01:01:36.000000,2024-01-01 01:01:40.000000,9,3.2272373540856036,3.17,41.69956046205522,0.046875,4673.828381289417,829.4000000000001,-0.622568093385214
2024-01-01 01:01:39.000000,2024-01-01 01:01:43.000000,9,1.6252529182879385,2.66,38.64548110956429,0.05859375,4225.220842584128,417.6899999999998,-0.2490272373540856
2024-01-01 01:01:42.000000,2024-01-01 01:01:46.000000,9,4.894124513618677,9.45,45.46286369235261,0.05078125,4489.026558330702,1257.79,0.2490272373540856
2024-01-01 01:01:45.000000,2024-01-01 01:01:49.000000,9,-3.1877821011673153,1.81,39.81202102517006,0.0859375,3221.685158004221,819.2600000000001,0.3735408560311284
2024-01-01 01:01:48.000000,2024-01-01 01:01:52.000000,9,2.780972762645914,-0.08,38.30965313937744,0.0625,4194.995533110447,714.71,0.622568093385214
2024-01-01 01:01:51.000000,2024-01-01 01:01:55.000000,9,1.0778599221789886,-3.07,43.8247937157758,0.04296875,5519.380949991484,277.0100000000001,-0.622568093385214
2024-01-01 01:01:54.000000,2024-01-01 01:01:58.000000,9,0.9189105058365764,9.2,34.002465644451654,0.04296875,3375.4584410079156,236.1599999999999,-0.622568093385214
2024-01-01 01:01:57.000000,2024-01-01 01:02:01.000000,9,2.0990661478599217,6.5,26.994522286929126,0.05078125,3868.452581450281,539.4599999999999,-0.622568093385214
2024-01-01 01:02:00.000000,2024-01-01 01:02:04.000000,9,-1.1733463035019454,-3.04,49.82692361448285,0.04296875,5024.4205159386265,301.54999999999984,-0.622568093385214
2024-01-01 01:02:03.000000,2024-01-01 01:02:07.000000,9,-1.664941634241245,0.53,27.130777655422754,0.04296875,2263.1228724272655,427.88999999999976,1.3696498054474708
2024-01-01 01:02:06.000000,2024-01-01 01:02:10.000000,9,1.2289105058365748,8.29,41.735549271899096,0.0546875,3282.174786110286,315.82999999999987,0.4980544747081712
2024-01-01 01:02:09.000000,2024-01-01 01:02:13.000000,9,-1.5161089494163424,6.13,40.270957369509276,0.0546875,4478.817054206574,389.6400000000001,-0.622568093385214
2024-01-01 01:02:12.000000,2024-01-01 01:02:16.000000,9,1.3743579766536966,9.85,35.75774472049869,0.05078125,3298.8789262545365,353.21000000000015,0.622568093385214
2024-01-01 01:02:15.000000,2024-01-01 01:02:19.000000,9,-1.8674708171206227,-0.24,35.67054704909039,0.03515625,3281.9502784588194,479.94,0.3735408560311284
2024-01-01 01:02:18.000000,2024-01-01 01:02:22.000000,9,3.3847470817120637,6.91,38.914247561975145,0.04296875,3712.0684280738174,869.8799999999999,0.2490272373540856
2024-01-01 01:02:21.000000,2024-01-01 01:02:25.000000,9,8.503307392996108,9.12,35.65994535456128,0.046875,3113.8640489474346,2185.35,-0.2490272373540856
2024-01-01 01:02:24.000000,2024-01-01 01:02:28.000000,9,-6.649260700389106,-0.1,32.883896144209814,0.0390625,4905.004284948606,1708.8600000000001,0.622568093385214
2024-01-01 01:02:27.000000,2024-01-01 01:02:31.000000,9,0.31066147859922194,4.24,59.52383905930137,0.0390625,6081.672171963296,79.84000000000023,-0.622568093385214
2024-01-01 01:02:30.000000,2024-01-01 01:02:34.000000,9,10.98941634241245,9.28,55.85805539393928,0.046875,7258.815603985933,2824.2799999999997,0.622568093385214
2024-01-01 01:02:33.000000,2024-01-01 01:02:37.000000,9,-6.891245136186771,7.09,61.72475342958918,0.0390625,5998.514658383207,1771.05,0.3735408560311284
2024-01-01 01:02:36.000000,2024-01-01 01:02:40.000000,9,4.199105058365758,10.26,56.31134194474346,0.0390625,7240.259428642617,1079.1699999999998,0.622568093385214
2024-01-01 01:02:39.000000,2024-01-01 01:02:43.000000,9,-2.0111284046692606,0.42,34.38610990765172,0.03515625,2910.2841045446294,516.86,0.4980544747081712
2024-01-01 01:02:42.000000,2024-01-01 01:02:46.000000,9,-0.7276653696498045,8.9,55.45289784044844,0.0390625,8275.078377544329,187.00999999999985,0.622568093385214
2024-01-01 01:02:45.000000,2024-01-01 01:02:49.000000,9,5.705175097276265,18.82,40.97145499351501,0.03515625,4454.112111774258,1466.2299999999998,0.622568093385214
2024-01-01 01:02:48.000000,2024-01-01 01:02:52.000000,9,-4.524163424124515,-6.95,41.159564077138405,0.0390625,4638.298637150085,1162.71,-0.622568093385214
2024-01-01 01:02:51.000000,2024-01-01 01:02:55.000000,9,2.1375486381322957,2.6,20.32284234354232,0.0703125,1417.3037445441914,549.3499999999998,0.8715953307392996
2024-01-01 01:02:54.000000,2024-01-01 01:02:58.000000,9,1.488249027237354,7.95,34.41523729760182,0.05078125,3472.827092343852,382.4799999999999,0.3735408560311284
2024-01-01 01:02:57.000000,2024-01-01 01:03:01.000000,9,5.121245136186771,4.94,40.95178233689689,0.04296875,2987.820588850619,1316.1599999999999,-0.8715953307392996
2024-01-01 01:03:00.000000,2024-01-01 01:03:04.000000,9,4.39373540856031,2.83,47.88615762662753,0.0625,5741.798540320959,1129.19,0.622568093385214
2024-01-01 01:03:03.000000,2024-01-01 01:03:07.000000,9,1.987937743190662,5.75,43.37482079425354,0.05859375,4267.856194937746,510.89999999999964,0.7470817120622568
2024-01-01 01:03:06.000000,2024-01-01 01:03:10.000000,9,-0.38198443579766544,7.6,37.90927685194295,0.04296875,4719.098730550995,98.16999999999999,-0.622568093385214
2024-01-01 01:03:09.000000,2024-01-01 01:03:13.000000,9,2.961673151750973,14.57,59.15595699810378,0.03515625,5861.5829054178175,761.15,0.7470817120622568
2024-01-01 01:03:12.000000,2024-01-01 01:03:16.000000,9,1.9682101167315174,6.99,48.25482336548133,0.03125,4841.869299107408,505.8299999999999,0.4980544747081712
2024-01-01 01:03:15.000000,2024-01-01 01:03:19.000000,9,-2.1819844357976663,-4.77,74.85969299629645,0.046875,7540.310133930931,560.7700000000003,0.622568093385214
2024-01-01 01:03:18.000000,2024-01-01 01:03:22.000000,9,-2.147665369649806,3.92,30.386226294728665,0.05078125,3594.448338520634,551.9500000000002,0.622568093385214
2024-01-01 01:03:21.000000,2024-01-01 01:03:25.000000,9,-1.5352140077821004,2.72,38.123376154620374,0.0546875,3828.7843305023357,394.54999999999995,0.7470817120622568
2024-01-01 01:03:24.000000,2024-01-01 01:03:28.000000,9,3.3800000000000003,6.49,36.4664066406501,0.046875,3476.112707500637,868.6600000000002,0.4980544747081712
2024-01-01 01:03:27.000000,2024-01-01 01:03:31.000000,9,-4.645097276264591,-9.19,34.02621737481493,0.046875,3590.0300068109996,1193.7899999999997,-0.3735408560311284
2024-01-01 01:03:30.000000,2024-01-01 01:03:34.000000,9,0.9205447470817122,-1.07,31.09510830724974,0.03515625,3519.3504483936094,236.57999999999987,-0.622568093385214
2024-01-01 01:03:33.000000,2024-01-01 01:03:37.000000,9,-3.2300000000000004,-9.28,39.66858431113972,0.046875,4109.881010741677,830.1100000000002,-0.622568093385214
2024-01-01 01:03:36.000000,2024-01-01 01:03:40.000000,9,1.184863813229572,1.66,33.64993507494164,0.05859375,3304.762279659831,304.51000000000005,0.622568093385214
2024-01-01 01:03:39.000000,2024-01-01 01:03:43.000000,9,-0.09077821011673168,0.98,29.72558176236041,0.05078125,4207.554570041513,23.329999999999913,0.622568093385214
2024-01-01 01:03:42.000000,2024-01-01 01:03:46.000000,9,3.542568093385214,8.29,43.75620448438294,0.0390625,5104.5364325831,910.4400000000002,-0.622568093385214
2024-01-01 01:03:45.000000,2024-01-01 01:03:49.000000,9,2.8264202334630353,2.0,37.95195253472098,0.04296875,4934.412529418518,726.3899999999999,-0.622568093385214
2024-01-01 01:03:48.000000,2024-01-01 01:03:52.000000,9,1.9125291828793773,-1.95,40.38402571601017,0.0390625,4716.199376358208,491.5199999999998,-0.622568093385214
2024-01-01 01:03:51.000000,2024-01-01 01:03:55.000000,9,-2.979377431906615,6.98,39.15737252483108,0.03515625,5682.894205980577,765.6999999999999,-0.622568093385214
2024-01-01 01:03:54.000000,2024-01-01 01:03:58.000000,9,3.6283657587548634,10.68,39.361819595263526,0.0390625,4377.316060750951,932.49,-0.622568093385214
2024-01-01 01:03:57.000000,2024-01-01 01:04:01.000000,9,-0.886147859922179,3.93,48.393324447889256,0.046875,4905.142344410565,227.7400000000001,0.622568093385214
2024-01-01 01:04:00.000000,2024-01-01 01:04:04.000000,9,-1.3308171206225676,4.35,46.77459478079775,0.05078125,5425.998479670369,342.0199999999999,-0.622568093385214
2024-01-01 01:04:03.000000,2024-01-01 01:04:07.000000,9,-1.2970817120622573,-2.05,28.28580443377832,0.07421875,2759.783999320051,333.35,0.3735408560311284
2024-01-01 01:04:06.000000,2024-01-01 01:04:10.000000,9,2.718832684824902,-0.36,33.137740206233175,0.06640625,3603.7300869970572,698.7399999999999,0.622568093385214
2024-01-01 01:04:09.000000,2024-01-01 01:04:13.000000,9,2.4767315175097266,3.85,42.33569524194732,0.078125,4364.905590139935,636.5199999999998,1.245136186770428
2024-01-01 01:04:12.000000,2024-01-01 01:04:16.000000,9,3.3931128404669284,14.58,54.18226087380788,0.05078125,5165.7104657525215,872.0299999999996,0.3735408560311284
2024-01-01 01:04:15.000000,2024-01-01 01:04:19.000000,9,-9.890739299610896,-8.73,57.89705047537547,0.0390625,5153.085643831272,2541.9199999999996,0.622568093385214
2024-01-01 01:04:18.000000,2024-01-01 01:04:22.000000,9,6.03591439688716,6.57,45.18169778663997,0.046875,3468.3347026270744,1551.2299999999996,0.7470817120622568
2024-01-01 01:04:21.000000,2024-01-01 01:04:25.000000,9,-0.7940856031128406,5.9,28.72497629800186,0.0390625,2466.7171390698036,204.0799999999998,0.622568093385214
2024-01-01 01:04:24.000000,2024-01-01 01:04:28.000000,0,-5.392412451361867,1.6,34.52627885621826,0.046875,3569.3975330813023,1385.8499999999997,0.2490272373540856
2024-01-01 01:04:27.000000,2024-01-01 01:04:31.000000,0,5.584747081712061,14.86,39.07126633676516,0.04296875,3969.9109425832585,1435.28,0.622568093385214
2024-01-01 01:04:30.000000,2024-01-01 01:04:34.000000,0,-2.7645525291828794,5.75,37.67109808787957,0.0390625,5205.2247098218395,710.4900000000002,0.622568093385214
2024-01-01 01:04:33.000000,2024-01-01 01:04:37.000000,0,2.011712062256809,11.2,29.718719298531237,0.0390625,3871.905221466342,517.0099999999998,0.622568093385214
2024-01-01 01:04:36.000000,2024-01-01 01:04:40.000000,0,2.8622178988326854,12.29,42.66426716032205,0.04296875,4350.547879759063,735.59,0.622568093385214
2024-01-01 01:04:39.000000,2024-01-01 01:04:43.000000,0,-1.1819844357976648,15.14,43.91874714885156,0.0390625,5792.986842108113,303.7700000000002,-0.622568093385214
2024-01-01 01:04:42.000000,2024-01-01 01:04:46.000000,0,0.21463035019455262,15.99,35.532963579495174,0.0390625,4856.472271641053,55.16000000000018,-0.622568093385214
2024-01-01 01:04:45.000000,2024-01-01 01:04:49.000000,0,0.46875486381322945,14.18,38.1749129522561,0.04296875,4979.39058352379,120.47,0.622568093385214
2024-01-01 01:04:48.000000,2024-01-01 01:04:52.000000,0,2.108832684824903,10.0,38.38916753184813,0.0390625,5497.001154628301,541.97,0.622568093385214
2024-01-01 01:04:51.000000,2024-01-01 01:04:55.000000,0,4.1690272373540855,15.13,36.40206434397866,0.03515625,3948.260354067542,1071.4399999999998,-0.622568093385214
2024-01-01 01:04:54.000000,2024-01-01 01:04:58.000000,0,-0.9746692607003892,6.2,41.60421875190774,0.0390625,4599.754802384486,250.4899999999998,0.4980544747081712
2024-01-01 01:04:57.000000,2024-01-01 01:05:01.000000,0,-2.3938132295719847,11.62,35.35186580466766,0.0390625,5237.51906518592,615.2099999999999,0.622568093385214
2024-01-01 01:05:00.000000,2024-01-01 01:05:04.000000,0,-0.3026070038910505,3.04,40.269099193024005,0.046875,4860.178336604774,77.76999999999968,-0.622568093385214
2024-01-01 01:05:03.000000,2024-01-01 01:05:07.000000,0,-1.0786770428015562,-1.7,38.41580249136347,0.03515625,3541.644978404145,277.2200000000001,-0.4980544747081712
2024-01-01 01:05:06.000000,2024-01-01 01:05:10.000000,0,4.800194552529184,15.65,37.47283065197205,0.0390625,5361.3423221666,1233.6499999999996,0.622568093385214
2024-01-01 01:05:09.000000,2024-01-01 01:05:13.000000,0,0.29182879377432,9.07,33.16788176273582,0.05078125,4058.682746113188,75.00000000000003,0.622568093385214
2024-01-01 01:05:12.000000,2024-01-01 01:05:16.000000,0,1.3759143968871592,9.36,51.16115373603314,0.0390625,5817.178441486222,353.6099999999998,-0.622568093385214
2024-01-01 01:05:15.000000,2024-01-01 01:05:19.000000,0,-1.2921400778210117,2.36,44.34920996702256,0.0390625,6466.4783487427485,332.0799999999998,0.622568093385214
2024-01-01 01:05:18.000000,2024-01-01 01:05:22.000000,0,1.4929571984435794,14.7,36.280836504562814,0.03515625,4553.499504224084,383.6899999999998,-0.622568093385214
2024-01-01 01:05:21.000000,2024-01-01 01:05:25.000000,0,-3.9713229571984434,3.16,52.78188192154999,0.04296875,3950.819307863173,1020.6299999999999,0.622568093385214
2024-01-01 01:05:24.000000,2024-01-01 01:05:28.000000,0,-3.2331128404669274,-8.77,75.72072753065949,0.0546875,7032.373685498984,830.909999999999,0.7470817120622568
2024-01-01 01:05:27.000000,2024-01-01 01:05:31.000000,0,-3.537470817120623,12.49,102.02929852758653,0.03515625,9315.503775321873,909.13,0.3735408560311284
2024-01-01 01:05:30.000000,2024-01-01 01:05:34.000000,0,-8.455408560311284,-0.08,99.4669762758541,0.0390625,10165.637918892024,2173.039999999999,-0.622568093385214
2024-01-01 01:05:33.000000,2024-01-01 01:05:37.000000,0,2.37023346303502,9.19,39.973566870905856,0.0390625,5651.90661849397,609.1499999999999,-0.622568093385214
2024-01-01 01:05:36.000000,2024-01-01 01:05:40.000000,0,-1.568171206225681,5.42,29.60816667326473,0.04296875,3663.788631251119,403.02,-0.622568093385214
2024-01-01 01:05:39.000000,2024-01-01 01:05:43.000000,0,1.5067315175097278,9.6,29.141519607881484,0.04296875,3837.0644872860853,387.2299999999999,-0.622568093385214
2024-01-01 01:05:42.000000,2024-01-01 01:05:46.000000,0,-1.146848249027237,5.04,31.48348489108277,0.0546875,3512.495875797793,294.73999999999995,0.622568093385214
2024-01-01 01:05:45.000000,2024-01-01 01:05:49.000000,0,2.2087937743190658,4.24,41.39355835330796,0.0625,3264.438510213624,567.6600000000001,-1.245136186770428
2024-01-01 01:05:48.000000,2024-01-01 01:05:52.000000,0,-3.7206225680933853,-3.25,77.15408333582965,0.05859375,7389.241883947503,956.1999999999996,0.7470817120622568
2024-01-01 01:05:51.000000,2024-01-01 01:05:55.000000,0,2.119455252918287,12.26,60.07568184966435,0.03125,6565.750349105875,544.6999999999998,0.3735408560311284
2024-01-01 01:05:54.000000,2024-01-01 01:05:58.000000,0,-4.111284046692607,5.36,43.305178930156934,0.04296875,4847.967907942364,1056.5999999999997,-0.622568093385214
2024-01-01 01:05:57.000000,2024-01-01 01:06:01.000000,0,4.133190661478599,5.91,55.37396815431338,0.0625,4997.182753673656,1062.23,0.4980544747081712
2024-01-01 01:06:00.000000,2024-01-01 01:06:04.000000,0,-0.9664980544747086,-3.07,48.74957907062862,0.046875,6624.850216679911,248.3900000000002,-0.622568093385214
2024-01-01 01:06:03.000000,2024-01-01 01:06:07.000000,0,2.597587548638133,-3.97,29.048559055826573,0.06640625,2230.0215153309637,667.58,-0.622568093385214
2024-01-01 01:06:06.000000,2024-01-01 01:06:10.000000,0,3.8881322957198443,9.96,43.59739034547315,0.05859375,3970.1121275560295,999.2499999999998,0.3735408560311284
2024-01-01 01:06:09.000000,2024-01-01 01:06:13.000000,0,-10.81198443579767,5.62,66.58002203903591,0.0234375,7216.183199949604,2778.6800000000003,0.2490272373540856
2024-01-01 01:06:12.000000,2024-01-01 01:06:16.000000,0,-7.344824902723735,-17.11,94.02939489315628,0.02734375,8474.395228482816,1887.6200000000003,0.3735408560311284
2024-01-01 01:06:15.000000,2024-01-01 01:06:19.000000,0,-4.637237354085603,-5.63,62.920839929359666,0.046875,7315.204888300569,1191.7699999999995,0.3735408560311284
2024-01-01 01:06:18.000000,2024-01-01 01:06:22.000000,0,0.1796108949416328,1.11,63.20460737634564,0.04296875,5044.8917851321285,46.160000000000366,-0.2490272373540856
2024-01-01 01:06:21.000000,2024-01-01 01:06:25.000000,0,6.364474708171206,7.76,50.52070133997693,0.07421875,4388.26233902763,1635.6699999999996,0.7470817120622568
2024-01-01 01:06:24.000000,2024-01-01 01:06:28.000000,0,-2.2615953307392997,-4.48,50.040115292239314,0.05859375,3761.598580022698,581.2299999999998,0.622568093385214
2024-01-01 01:06:27.000000,2024-01-01 01:06:31.000000,0,-4.189182879377431,0.67,62.85542885414975,0.04296875,5298.923206383566,1076.62,-0.7470817120622568
2024-01-01 01:06:30.000000,2024-01-01 01:06:34.000000,0,-0.19595330739299616,5.44,71.77947620771596,0.0546875,6233.565322176457,50.359999999999864,0.622568093385214
2024-01-01 01:06:33.000000,2024-01-01 01:06:37.000000,0,-1.4497276264591437,-8.18,48.636457562433534,0.07421875,4985.31092652807,372.5800000000004,-0.7470817120622568
2024-01-01 01:06:36.000000,2024-01-01 01:06:40.000000,0,0.08035019455252865,-8.2,48.5888193426354,0.0546875,4415.834071560839,20.65000000000012,0.622568093385214
2024-01-01 01:06:39.000000,2024-01-01 01:06:43.000000,0,1.2729961089494162,-2.29,45.25269572395815,0.046875,4491.133864615191,327.15999999999997,0.622568093385214
2024-01-01 01:06:42.000000,2024-01-01 01:06:46.000000,0,-1.881556420233463,4.6,36.09543896359126,0.046875,3425.312456160466,483.5600000000002,0.622568093385214
2024-01-01 01:06:45.000000,2024-01-01 01:06:49.000000,0,0.3792996108949417,0.55,42.18067056174889,0.078125,4158.204427021986,97.47999999999999,-0.4980544747081712
2024-01-01 01:06:48.000000,2024-01-01 01:06:52.000000,0,-1.21035019455253,-4.48,45.017943795210805,0.046875,6218.877388731912,311.06000000000006,0.622568093385214
2024-01-01 01:06:51.000000,2024-01-01 01:06:55.000000,0,-8.717354085603114,13.61,98.03043361153483,0.0390625,9162.619627400953,2240.36,0.622568093385214
2024-01-01 01:06:54.000000,2024-01-01 01:06:58.000000,0,-4.5474319066147855,16.77,114.97375665411819,0.0390625,13210.387751515995,1168.69,-0.622568093385214
2024-01-01 01:06:57.000000,2024-01-01 01:07:01.000000,0,0.15291828793774212,5.54,82.79682103251882,0.046875,12187.493937862266,39.29999999999984,0.622568093385214
2024-01-01 01:07:00.000000,2024-01-01 01:07:04.000000,0,1.6656420233463023,1.78,89.74426154876896,0.0625,10982.968974853893,428.0699999999999,0.622568093385214
2024-01-01 01:07:03.000000,2024-01-01 01:07:07.000000,0,5.636381322957199,26.11,99.88793620334442,0.046875,11454.099756109077,1448.5499999999993,-0.622568093385214
2024-01-01 01:07:06.000000,2024-01-01 01:07:10.000000,0,-6.281128404669261,19.68,116.15223414117935,0.0390625,17129.38194218664,1614.2499999999993,0.622568093385214
2024-01-01 01:07:09.000000,2024-01-01 01:07:13.000000,0,3.356342412451361,33.37,101.50208813973259,0.03515625,14631.045587741062,862.58,0.622568093385214
2024-01-01 01:07:12.000000,2024-01-01 01:07:16.000000,0,5.45793774319066,25.08,68.48526210088824,0.03515625,7695.92250163478,1402.6899999999998,0.622568093385214
2024-01-01 01:07:15.000000,2024-01-01 01:07:19.000000,0,-2.2027626459143965,14.3,81.96418765749833,0.03515625,11358.681709152033,566.1099999999997,0.622568093385214
2024-01-01 01:07:18.000000,2024-01-01 01:07:22.000000,0,-1.0145136186770434,24.66,83.794503487424,0.04296875,11938.250908448561,260.7300000000006,-0.622568093385214
2024-01-01 01:07:21.000000,2024-01-01 01:07:25.000000,0,2.920272373540855,21.07,62.00750826137829,0.0390625,8940.481934150104,750.51,0.622568093385214
2024-01-01 01:07:24.000000,2024-01-01 01:07:28.000000,0,4.76673151750973,15.73,82.110501266169,0.0390625,7929.942525637357,1225.0500000000002,-0.622568093385214
2024-01-01 01:07:27.000000,2024-01-01 01:07:31.000000,0,0.4074319066147879,15.86,61.74174479564361,0.0390625,9239.74708292739,104.71000000000015,-0.622568093385214
2024-01-01 01:07:30.000000,2024-01-01 01:07:34.000000,0,1.9185214007782116,9.47,92.43928183369992,0.0390625,8931.030353267985,493.05999999999966,0.4980544747081712
2024-01-01 01:07:33.000000,2024-01-01 01:07:37.000000,0,3.960505836575875,14.18,39.34685782176584,0.0390625,4888.889962546166,1017.8499999999999,0.622568093385214
2024-01-01 01:07:36.000000,2024-01-01 01:07:40.000000,0,-0.9066926070038912,4.81,31.393396765925115,0.0390625,4377.388688013653,233.01999999999978,0.622568093385214
2024-01-01 01:07:39.000000,2024-01-01 01:07:43.000000,0,-0.11708171206225715,4.64,26.11911060346338,0.0390625,3633.0895526123654,30.089999999999968,0.622568093385214
2024-01-01 01:07:42.000000,2024-01-01 01:07:46.000000,0,0.3349027237354085,2.9,22.402921424881328,0.05859375,2246.0515930582187,86.07000000000008,0.622568093385214
2024-01-01 01:07:45.000000,2024-01-01 01:07:49.000000,0,3.3745136186770432,8.21,23.674386885227158,0.0390625,2448.122834584633,867.2499999999998,0.622568093385214
2024-01-01 01:07:48.000000,2024-01-01 01:07:52.000000,0,-0.6220233463035018,0.18,27.03867898983006,0.03125,4114.9408306205105,159.85999999999984,-0.4980544747081712
2024-01-01 01:07:51.000000,2024-01-01 01:07:55.000000,0,-3.5912062256809336,4.82,69.59336058282578,0.04296875,6207.211016695735,922.94,-0.622568093385214
2024-01-01 01:07:54.000000,2024-01-01 01:07:58.000000,0,1.319571984435798,8.86,66.64279523878004,0.046875,6544.168016085745,339.13000000000045,-0.622568093385214
2024-01-01 01:07:57.000000,2024-01-01 01:08:01.000000,0,1.5268871595330735,-0.24,30.865766427344287,0.05078125,2362.3286002586237,392.4099999999999,0.4980544747081712
2024-01-01 01:08:00.000000,2024-01-01 01:08:04.000000,0,0.9714007782101166,6.4,31.857321157175242,0.046875,3002.2440924719085,249.6499999999998,0.622568093385214
2024-01-01 01:08:03.000000,2024-01-01 01:08:07.000000,0,-1.7435019455252918,-0.63,29.684112388843175,0.046875,3947.695809374107,448.07999999999987,0.622568093385214
2024-01-01 01:08:06.000000,2024-01-01 01:08:10.000000,0,1.3121400778210117,-1.62,30.276496513059453,0.0625,3120.613374999625,337.21999999999986,0.4980544747081712
2024-01-01 01:08:09.000000,2024-01-01 01:08:13.000000,0,-0.9742023346303498,-4.74,64.553617808107,0.06640625,4767.552124673641,250.3700000000003,-0.622568093385214
2024-01-01 01:08:12.000000,2024-01-01 01:08:16.000000,0,5.346459143968872,1.18,65.6930769539606,0.03515625,6332.246503350328,1374.0400000000004,0.4980544747081712
2024-01-01 01:08:15.000000,2024-01-01 01:08:19.000000,0,3.918988326848249,15.64,52.621670253067066,0.0390625,7769.687741629122,1007.1800000000001,-0.4980544747081712
2024-01-01 01:08:18.000000,2024-01-01 01:08:22.000000,0,-0.5850972762645914,3.45,54.80940545791987,0.03515625,5297.981651587261,150.3700000000001,0.622568093385214
2024-01-01 01:08:21.000000,2024-01-01 01:08:25.000000,0,5.366614785992218,5.44,63.55952240920464,0.0546875,7795.786324862523,1379.2199999999998,0.622568093385214
2024-01-01 01:08:24.000000,2024-01-01 01:08:28.000000,0,1.4201167315175098,10.48,66.27601785385451,0.05078125,6130.3788525510545,364.9699999999999,0.7470817120622568
2024-01-01 01:08:27.000000,2024-01-01 01:08:31.000000,0,-5.519571984435797,11.32,85.9199289412486,0.04296875,8496.828418163113,1418.5300000000002,-0.2490272373540856
2024-01-01 01:08:30.000000,2024-01-01 01:08:34.000000,0,-1.907198443579765,0.3,73.95535463792072,0.05078125,6346.904786723298,490.1500000000002,0.622568093385214
2024-01-01 01:08:33.000000,2024-01-01 01:08:37.000000,0,-3.595992217898832,-4.47,46.58395111466033,0.0546875,4423.685927613495,924.1699999999997,0.8715953307392996
2024-01-01 01:08:36.000000,2024-01-01 01:08:40.000000,0,-3.3258754863813236,-5.94,22.53145622547921,0.0625,2038.164976204965,854.75,0.7470817120622568
2024-01-01 01:08:39.000000,2024-01-01 01:08:43.000000,0,-3.390038910505836,-11.46,32.86076800421143,0.05078125,3918.5092245190126,871.2399999999998,0.7470817120622568
2024-01-01 01:08:42.000000,2024-01-01 01:08:46.000000,0,-0.45844357976653716,-5.72,33.530281042467315,0.05078125,3814.6583980611795,117.81999999999996,0.8715953307392996
2024-01-01 01:08:45.000000,2024-01-01 01:08:49.000000,0,0.6468871595330739,2.74,36.82216394319967,0.0625,4335.0060764456675,166.2499999999999,0.8715953307392996
2024-01-01 01:08:48.000000,2024-01-01 01:08:52.000000,0,0.09151750972762683,2.58,74.75757650012835,0.0625,7168.243533918895,23.520000000000152,0.7470817120622568
2024-01-01 01:08:51.000000,2024-01-01 01:08:55.000000,0,11.969338521400777,13.68,106.13557473057219,0.05859375,8746.339423364137,3076.1199999999994,0.4980544747081712
2024-01-01 01:08:54.000000,2024-01-01 01:08:58.000000,0,1.9718287937743186,-7.6,58.84735441166257,0.03515625,5070.316312735013,506.76,-0.4980544747081712
2024-01-01 01:08:57.000000,2024-01-01 01:09:01.000000,0,0.8012840466926069,0.74,43.4471809839736,0.0546875,3372.200972238343,205.92999999999972,0.3735408560311284
2024-01-01 01:09:00.000000,2024-01-01 01:09:04.000000,0,-0.7411284046692608,-1.77,23.531628264951276,0.0625,2125.9278341037043,190.4699999999999,0.7470817120622568
2024-01-01 01:09:03.000000,2024-01-01 01:09:07.000000,0,-0.5147470817120625,-0.44,26.981951028112075,0.0625,2488.4592764408926,132.2900000000002,0.622568093385214
2024-01-01 01:09:06.000000,2024-01-01 01:09:10.000000,0,0.0845525291828795,3.39,26.804233659706522,0.06640625,2817.1737547854505,21.72999999999997,0.7470817120622568
2024-01-01 01:09:09.000000,2024-01-01 01:09:13.000000,0,-0.06400778210116716,2.24,28.461037605985382,0.05078125,3093.9086572427705,16.449999999999925,0.7470817120622568
2024-01-01 01:09:12.000000,2024-01-01 01:09:16.000000,0,-0.03595330739299664,5.32,27.35568523744765,0.0546875,3311.328411851968,9.240000000000244,0.7470817120622568
2024-01-01 01:09:15.000000,2024-01-01 01:09:19.000000,0,-2.501750972762646,-2.65,32.8432358970267,0.05859375,3780.961830298292,642.95,0.8715953307392996
2024-01-01 01:09:18.000000,2024-01-01 01:09:22.000000,0,-0.7468871595330733,-4.76,40.718607027268554,0.078125,3653.6593615519005,191.95000000000002,0.8715953307392996
2024-01-01 01:09:21.000000,2024-01-01 01:09:25.000000,0,0.5000389105058365,0.08,41.419054524854324,0.078125,3124.715220201108,128.51000000000002,0.8715953307392996
2024-01-01 01:09:24.000000,2024-01-01 01:09:28.000000,0,-2.5591439688715947,-0.29,40.862652273522926,0.05859375,4314.275800575027,657.7000000000002,0.7470817120622568
2024-01-01 01:09:27.000000,2024-01-01 01:09:31.000000,0,-0.37887159533073933,-2.71,40.13396903130943,0.0703125,4240.332011639961,97.36999999999986,1.3696498054474708
2024-01-01 01:09:30.000000,2024-01-01 01:09:34.000000,0,-1.0635797665369648,-4.08,29.71431088735214,0.0703125,2546.3217172289455,273.33999999999986,1.3696498054474708
2024-01-01 01:09:33.000000,2024-01-01 01:09:37.000000,0,2.837315175097276,6.13,35.00898736437806,0.05859375,3423.851328059419,729.19,1.3696498054474708
2024-01-01 01:09:36.000000,2024-01-01 01:09:40.000000,0,-2.293268482490272,1.85,36.53812703952602,0.0546875,2667.3649218048486,589.37,0.9961089494163424
2024-01-01 01:09:39.000000,2024-01-01 01:09:43.000000,0,-0.7159533073929957,-1.36,35.768884052662465,0.05078125,5183.260572086479,183.9999999999999,0.8715953307392996
2024-01-01 01:09:42.000000,2024-01-01 01:09:46.000000,0,-1.8575486381322956,-2.55,31.69729524120277,0.0703125,2868.4163900311232,477.3899999999998,-0.8715953307392996
2024-01-01 01:09:45.000000,2024-01-01 01:09:49.000000,0,0.4501945525291828,0.82,28.704406135689798,0.07421875,2902.614377073985,115.70000000000012,1.3696498054474708
2024-01-01 01:09:48.000000,2024-01-01 01:09:52.000000,0,-0.9912062256809339,2.38,26.038061123189667,0.0546875,3342.183511696111,254.74000000000007,0.7470817120622568
2024-01-01 01:09:51.000000,2024-01-01 01:09:55.000000,0,1.610622568093385,1.34,27.776663436095877,0.05859375,3747.213142942899,413.92999999999995,-0.7470817120622568
2024-01-01 01:09:54.000000,2024-01-01 01:09:58.000000,0,-0.6339299610894942,2.29,27.650371912814304,0.0546875,3316.383024179421,162.92000000000016,-0.7470817120622568
2024-01-01 01:09:57.000000,2024-01-01 01:10:01.000000,0,-1.2396887159533074,0.83,31.249476756563052,0.0546875,3056.7635323439154,318.5999999999999,0.7470817120622568
2024-01-01 01:10:00.000000,2024-01-01 01:10:04.000000,0,-3.37715953307393,-2.18,36.02948514901866,0.0625,3400.3438985733183,867.93,0.4980544747081712
2024-01-01 01:10:03.000000,2024-01-01 01:10:07.000000,0,1.5269260700389096,5.74,40.86877240745273,0.0390625,4031.8574837271626,392.4199999999996,-0.4980544747081712
2024-01-01 01:10:06.000000,2024-01-01 01:10:10.000000,0,1.7702334630350194,0.38,28.818052094265195,0.05859375,3406.662403125309,454.9499999999999,0.7470817120622568
2024-01-01 01:10:09.000000,2024-01-01 01:10:13.000000,0,-1.3884435797665369,-2.61,22.300704513240007,0.05859375,2105.547730626244,356.8299999999999,-0.7470817120622568
2024-01-01 01:10:12.000000,2024-01-01 01:10:16.000000,0,-0.30610894941634226,-4.4,22.95757262975734,0.06640625,3041.1667141783064,78.67000000000006,0.7470817120622568
2024-01-01 01:10:15.000000,2024-01-01 01:10:19.000000,0,0.39299610894941656,-3.67,24.613465984804762,0.06640625,2792.2446466303563,101.00000000000001,0.7470817120622568
2024-01-01 01:10:18.000000,2024-01-01 01:10:22.000000,0,-0.25377431906614795,3.64,40.197185323906616,0.0546875,3439.4198010819664,65.22000000000001,0.7470817120622568
2024-01-01 01:10:21.000000,2024-01-01 01:10:25.000000,0,-2.3416342412451363,2.11,37.347551433796475,0.0625,3655.204559403611,601.7999999999997,0.7470817120622568
2024-01-01 01:10:24.000000,2024-01-01 01:10:28.000000,0,0.8219066147859924,0.78,21.640950292298744,0.0703125,2312.8460618624454,211.23000000000002,-0.7470817120622568
2024-01-01 01:10:27.000000,2024-01-01 01:10:31.000000,0,2.409571984435797,-0.85,35.48331738587463,0.05859375,2868.515630477373,619.26,0.8715953307392996
2024-01-01 01:10:30.000000,2024-01-01 01:10:34.000000,0,0.997743190661478,-2.95,37.70415935128264,0.05078125,3562.260016873766,256.4199999999997,-0.622568093385214
2024-01-01 01:10:33.000000,2024-01-01 01:10:37.000000,0,2.4306225680933844,-2.35,31.81674680030384,0.05859375,2424.34965513676,624.6699999999996,1.3696498054474708
2024-01-01 01:10:36.000000,2024-01-01 01:10:40.000000,0,-0.07696498054474753,-7.75,41.20500390732509,0.05078125,3716.5313805385804,19.780000000000037,0.4980544747081712
2024-01-01 01:10:39.000000,2024-01-01 01:10:43.000000,0,-1.2467315175097278,8.34,34.899809670778176,0.04296875,3595.810366655331,320.4099999999999,0.4980544747081712
2024-01-01 01:10:42.000000,2024-01-01 01:10:46.000000,0,-0.7965758754863812,3.35,31.867110861134265,0.05078125,3251.3699726317413,204.72000000000008,0.4980544747081712
2024-01-01 01:10:45.000000,2024-01-01 01:10:49.000000,0,2.440505836575875,4.28,33.30972109857728,0.05078125,3454.674038875387,627.2099999999999,-0.4980544747081712
2024-01-01 01:10:48.000000,2024-01-01 01:10:52.000000,0,2.024980544747082,9.42,41.027531877658404,0.046875,5420.883585353959,520.4200000000003,-0.4980544747081712
2024-01-01 01:10:51.000000,2024-01-01 01:10:55.000000,0,0.6134630350194551,-2.07,40.39606628328639,0.0625,4079.3170117852246,157.66000000000017,-0.4980544747081712
2024-01-01 01:10:54.000000,2024-01-01 01:10:58.000000,0,-0.5361478599221792,-4.57,33.247176999896205,0.0546875,3945.8660940575364,137.78999999999985,0.4980544747081712
2024-01-01 01:10:57.000000,2024-01-01 01:11:01.000000,0,-1.4243190661478604,3.47,30.60262887667373,0.046875,3032.304904873308,366.05,0.4980544747081712
2024-01-01 01:11:00.000000,2024-01-01 01:11:04.000000,0,-1.5688715953307388,1.01,27.535600817734196,0.05078125,2720.6943608607794,403.20000000000005,0.4980544747081712
2024-01-01 01:11:03.000000,2024-01-01 01:11:07.000000,0,1.4178988326848248,3.8,26.317957336775798,0.0625,2211.274923575464,364.4,0.8715953307392996
2024-01-01 01:11:06.000000,2024-01-01 01:11:10.000000,0,1.1752140077821012,-1.37,29.47972505153632,0.06640625,2592.4153694045576,302.0300000000001,0.8715953307392996
2024-01-01 01:11:09.000000,2024-01-01 01:11:13.000000,0,-0.05027237354085631,3.72,29.467089804833932,0.0625,2619.1119998881572,12.920000000000083,-0.4980544747081712
2024-01-01 01:11:12.000000,2024-01-01 01:11:16.000000,0,-2.066147859922179,0.08,27.309782379555443,0.05078125,2281.908722246715,531.0,0.4980544747081712
2024-01-01 01:11:15.000000,2024-01-01 01:11:19.000000,0,-0.8549027237354087,-1.46,22.032768868083885,0.046875,1949.946688847012,219.7100000000001,0.4980544747081712
2024-01-01 01:11:18.000000,2024-01-01 01:11:22.000000,0,1.3329182879377428,7.59,30.794913763736275,0.0546875,4005.5635854063207,342.5600000000001,0.7470817120622568
2024-01-01 01:11:21.000000,2024-01-01 01:11:25.000000,0,-1.8989883268482486,-0.29,38.68209360128753,0.06640625,3741.8847921375423,488.0399999999998,-0.7470817120622568
2024-01-01 01:11:24.000000,2024-01-01 01:11:28.000000,0,-3.462140077821011,-3.28,29.540731369675008,0.05859375,2711.8427755295916,889.7699999999998,0.622568093385214
2024-01-01 01:11:27.000000,2024-01-01 01:11:31.000000,0,-1.4950972762645913,0.95,33.3727973771402,0.078125,2386.936826245537,384.2399999999997,-0.7470817120622568
2024-01-01 01:11:30.000000,2024-01-01 01:11:34.000000,0,0.3091439688715954,-6.38,54.04397842453725,0.0703125,5699.139383564416,79.44999999999997,0.8715953307392996
2024-01-01 01:11:33.000000,2024-01-01 01:11:37.000000,0,-0.5364980544747079,-8.59,45.82529569975214,0.0546875,4431.119331565247,137.87999999999982,0.8715953307392996
2024-01-01 01:11:36.000000,2024-01-01 01:11:40.000000,0,0.41190661478599183,-3.76,47.46276254066177,0.0625,5840.116519556293,105.85999999999976,0.7470817120622568
2024-01-01 01:11:39.000000,2024-01-01 01:11:43.000000,0,-0.9749416342412454,2.11,64.21943826346886,0.0546875,8487.050172883184,250.56000000000031,-0.622568093385214
2024-01-01 01:11:42.000000,2024-01-01 01:11:46.000000,0,-1.463657587548638,3.17,40.98174105441405,0.04296875,3612.3234577171957,376.1599999999996,-0.4980544747081712
2024-01-01 01:11:45.000000,2024-01-01 01:11:49.000000,0,1.3656809338521398,5.83,25.735973372177405,0.05078125,3264.290557000187,350.9800000000002,-0.7470817120622568
2024-01-01 01:11:48.000000,2024-01-01 01:11:52.000000,0,1.5298832684824903,3.21,26.727241640121512,0.0625,2905.993510262877,393.18,0.622568093385214
2024-01-01 01:11:51.000000,2024-01-01 01:11:55.000000,0,-1.1957198443579764,1.8,17.894642844890935,0.0625,1946.4487602622303,307.30000000000007,-0.7470817120622568
2024-01-01 01:11:54.000000,2024-01-01 01:11:58.000000,0,1.0775875486381326,1.45,18.76735901691669,0.0625,1930.621975775954,276.94,0.622568093385214
2024-01-01 01:11:57.000000,2024-01-01 01:12:01.000000,0,-0.2213618677042802,-0.08,14.705552605561829,0.05859375,1369.4244927007437,56.89000000000002,0.7470817120622568
2024-01-01 01:12:00.000000,2024-01-01 01:12:04.000000,0,-0.3784046692607006,-0.49,27.486839297277385,0.0546875,2440.3205311695137,97.24999999999997,-0.4980544747081712
2024-01-01 01:12:03.000000,2024-01-01 01:12:07.000000,0,-1.5685214007782102,-0.76,30.981442936037592,0.04296875,2839.8861988855015,403.1099999999999,0.7470817120622568
2024-01-01 01:12:06.000000,2024-01-01 01:12:10.000000,0,1.487237354085603,2.03,15.175667373417202,0.046875,1655.903890329022,382.21999999999997,-0.622568093385214
2024-01-01 01:12:09.000000,2024-01-01 01:12:13.000000,0,-0.09739299610894975,2.99,16.470191819393207,0.0625,1884.1122995591074,25.030000000000115,-0.622568093385214
2024-01-01 01:12:12.000000,2024-01-01 01:12:16.000000,0,0.45941634241245116,5.59,38.03789542456166,0.05859375,3545.682904484998,118.07000000000022,0.4980544747081712
2024-01-01 01:12:15.000000,2024-01-01 01:12:19.000000,0,-0.21101167315175093,-2.81,31.828259120787923,0.0703125,2715.6519323026555,54.22999999999998,1.4941634241245136
2024-01-01 01:12:18.000000,2024-01-01 01:12:22.000000,0,-3.6077821011673157,-2.25,39.475664291226124,0.078125,2865.0477001778395,927.2,-0.4980544747081712
2024-01-01 01:12:21.000000,2024-01-01 01:12:25.000000,0,0.16443579766536962,-1.21,30.96000553531666,0.06640625,2649.226745375782,42.26000000000009,-0.7470817120622568
2024-01-01 01:12:24.000000,2024-01-01 01:12:28.000000,0,2.4976653696498055,1.21,25.08384613084107,0.046875,2450.4728867205317,641.8999999999999,0.8715953307392996
2024-01-01 01:12:27.000000,2024-01-01 01:12:31.000000,0,-0.36661478599221725,-0.74,41.86201284404437,0.05078125,3478.7639517532475,94.21999999999979,0.4980544747081712
2024-01-01 01:12:30.000000,2024-01-01 01:12:34.000000,0,-3.773073929961089,-3.64,40.31433658953933,0.0546875,3660.3965811410812,969.68,-0.3735408560311284
2024-01-01 01:12:33.000000,2024-01-01 01:12:37.000000,0,0.9345914396887162,3.68,30.678823899680093,0.0625,2686.8409997543577,240.19000000000005,0.4980544747081712
2024-01-01 01:12:36.000000,2024-01-01 01:12:40.000000,0,-1.15284046692607,-1.7,27.202354636310552,0.0625,2407.51851150943,296.27999999999975,-0.4980544747081712
2024-01-01 01:12:39.000000,2024-01-01 01:12:43.000000,0,-1.4303891050583661,0.93,17.025901999909014,0.0625,1888.6190333512502,367.61,0.622568093385214
2024-01-01 01:12:42.000000,2024-01-01 01:12:46.000000,0,-0.95568093385214,-0.3,23.718323292096855,0.0703125,2165.4633455695666,245.61,0.8715953307392996
2024-01-01 01:12:45.000000,2024-01-01 01:12:49.000000,0,0.4824513618677043,5.02,25.34337759865437,0.05859375,2223.043667803516,123.99000000000002,0.7470817120622568
2024-01-01 01:12:48.000000,2024-01-01 01:12:52.000000,0,-3.8987159533073923,2.15,31.216221874378206,0.04296875,3247.901008672928,1001.9700000000003,0.7470817120622568
2024-01-01 01:12:51.000000,2024-01-01 01:12:55.000000,0,-1.2039299610894945,6.95,33.042724422018395,0.04296875,3056.567756474978,309.40999999999997,0.8715953307392996
2024-01-01 01:12:54.000000,2024-01-01 01:12:58.000000,0,-1.43420233463035,6.18,34.80895174138258,0.046875,4143.4907369509665,368.5899999999999,-0.4980544747081712
2024-01-01 01:12:57.000000,2024-01-01 01:13:01.000000,0,-2.7784824902723737,-3.17,27.392768299499117,0.07421875,2599.8618920516915,714.0699999999998,-0.8715953307392996
2024-01-01 01:13:00.000000,2024-01-01 01:13:04.000000,0,-2.4323346303501956,-3.0,33.82764362816985,0.046875,3546.1057254552447,625.1100000000001,-0.622568093385214
2024-01-01 01:13:03.000000,2024-01-01 01:13:07.000000,0,-3.40272373540856,-1.63,31.311009538715542,0.0546875,3703.1158079444035,874.4999999999999,0.7470817120622568
2024-01-01 01:13:06.000000,2024-01-01 01:13:10.000000,0,1.074124513618677,1.62,30.61797968182969,0.078125,2682.664370032835,276.04999999999984,-0.4980544747081712
2024-01-01 01:13:09.000000,2024-01-01 01:13:13.000000,0,-3.6204280155642015,5.86,51.065988339113375,0.078125,3244.8924922288184,930.4500000000003,-0.9961089494163424
2024-01-01 01:13:12.000000,2024-01-01 01:13:16.000000,0,-2.086070038910505,0.96,53.14941014675705,0.0859375,3828.824484393264,536.1200000000002,1.4941634241245136
2024-01-01 01:13:15.000000,2024-01-01 01:13:19.000000,0,2.3656809338521403,-5.96,40.31622740063452,0.0625,2979.619520749909,607.9800000000002,0.7470817120622568
2024-01-01 01:13:18.000000,2024-01-01 01:13:22.000000,0,2.2652140077821015,-3.89,36.81190133284585,0.05859375,3655.2040182021965,582.1599999999995,-0.7470817120622568
2024-01-01 01:13:21.000000,2024-01-01 01:13:25.000000,0,-3.359416342412451,-3.2,41.87707951051371,0.0625,5789.770398266738,863.3699999999998,0.622568093385214
2024-01-01 01:13:24.000000,2024-01-01 01:13:28.000000,0,3.127782101167315,-6.09,51.02933080575898,0.04296875,5715.617149866004,803.8399999999999,-0.622568093385214
2024-01-01 01:13:27.000000,2024-01-01 01:13:31.000000,0,2.303657587548638,1.93,37.565412052359356,0.0390625,3296.058134191767,592.0399999999998,0.622568093385214
2024-01-01 01:13:30.000000,2024-01-01 01:13:34.000000,0,-5.281984435797666,9.52,67.25313643034431,0.046875,5763.158895387902,1357.4700000000003,0.622568093385214
2024-01-01 01:13:33.000000,2024-01-01 01:13:37.000000,0,-2.15420233463035,-3.99,72.82292112821622,0.0625,7665.039818125784,553.6299999999993,-0.7470817120622568
2024-01-01 01:13:36.000000,2024-01-01 01:13:40.000000,0,-5.053657587548638,-8.0,28.88988643335753,0.0625,2142.8102408200684,1298.79,1.3696498054474708
2024-01-01 01:13:39.000000,2024-01-01 01:13:43.000000,0,2.5908171206225687,-1.31,26.34179372395378,0.046875,2540.5355422145517,665.8399999999997,0.2490272373540856
2024-01-01 01:13:42.000000,2024-01-01 01:13:46.000000,0,-2.618560311284046,1.05,51.20425032587454,0.0703125,3617.315950143659,672.97,0.4980544747081712
2024-01-01 01:13:45.000000,2024-01-01 01:13:49.000000,0,0.15984435797665342,-2.26,47.92965821591503,0.0625,4413.067796638126,41.079999999999885,0.3735408560311284
2024-01-01 01:13:48.000000,2024-01-01 01:13:52.000000,0,1.9163035019455248,0.49,37.883181428051344,0.0546875,3070.13500972861,492.4900000000002,0.7470817120622568
2024-01-01 01:13:51.000000,2024-01-01 01:13:55.000000,0,-0.5798832684824902,0.67,17.363851110192858,0.0546875,1733.5718959094147,149.03000000000003,0.7470817120622568
2024-01-01 01:13:54.000000,2024-01-01 01:13:58.000000,0,-1.291206225680934,-1.6,11.841024410337608,0.05859375,1196.213436707306,331.8400000000001,0.7470817120622568
2024-01-01 01:13:57.000000,2024-01-01 01:14:01.000000,0,-0.5171984435797664,2.96,29.552912873490534,0.0703125,2017.522068762035,132.92,-0.622568093385214
2024-01-01 01:14:00.000000,2024-01-01 01:14:04.000000,0,-3.640155642023346,0.18,32.601149950587335,0.05078125,3326.1240017208193,935.5199999999996,0.9961089494163424
2024-01-01 01:14:03.000000,2024-01-01 01:14:07.000000,0,-4.009533073929962,-0.9,30.95884426238128,0.046875,2677.537479358085,1030.4499999999998,-0.2490272373540856
2024-01-01 01:14:06.000000,2024-01-01 01:14:10.000000,0,-3.129883268482491,-1.33,38.57394028520998,0.05078125,3636.1244327027734,804.38,0.8715953307392996
2024-01-01 01:14:09.000000,2024-01-01 01:14:13.000000,0,-0.3431128404669265,-2.12,33.08872196870669,0.0546875,3869.9045442300835,88.17999999999999,-0.7470817120622568
2024-01-01 01:14:12.000000,2024-01-01 01:14:16.000000,0,-0.969377431906615,-1.72,59.28216060516979,0.04296875,5932.066854932349,249.1299999999999,0.3735408560311284
2024-01-01 01:14:15.000000,2024-01-01 01:14:19.000000,0,-0.08595330739299645,1.54,18.615706657056062,0.0703125,1925.526863961363,22.09000000000003,-0.7470817120622568
2024-01-01 01:14:18.000000,2024-01-01 01:14:22.000000,0,0.645136186770428,1.95,13.471388027650933,0.05078125,1358.8567792067997,165.8,0.4980544747081712
2024-01-01 01:14:21.000000,2024-01-01 01:14:25.000000,0,-1.0715953307393,2.95,25.676837130439235,0.04296875,1797.7412387755808,275.4,-0.4980544747081712
2024-01-01 01:14:24.000000,2024-01-01 01:14:28.000000,0,-2.381828793774319,-8.17,34.46042591240456,0.0390625,3847.051467718988,612.1300000000001,0.4980544747081712
2024-01-01 01:14:27.000000,2024-01-01 01:14:31.000000,0,1.1416731517509726,0.43,41.43524403646614,0.05078125,3229.8577014332222,293.40999999999997,0.2490272373540856
2024-01-01 01:14:30.000000,2024-01-01 01:14:34.000000,0,-2.639027237354086,2.49,33.43620447588454,0.078125,2985.1835553724554,678.2300000000002,0.7470817120622568
2024-01-01 01:14:33.000000,2024-01-01 01:14:37.000000,0,1.2234630350194555,2.12,36.07875120276709,0.0546875,4159.6159252503085,314.4300000000003,0.4980544747081712
2024-01-01 01:14:36.000000,2024-01-01 01:14:40.000000,0,1.4838521400778213,-1.91,40.13191471213936,0.046875,4006.1904590174445,381.34999999999997,0.622568093385214
2024-01-01 01:14:39.000000,2024-01-01 01:14:43.000000,0,-0.5948249027237352,-2.77,18.454732690034486,0.0546875,1757.187160956057,152.86999999999995,-0.8715953307392996
2024-01-01 01:14:42.000000,2024-01-01 01:14:46.000000,0,-2.855214007782101,-6.78,16.702428740543336,0.03515625,1457.092886138924,733.7899999999998,0.4980544747081712
2024-01-01 01:14:45.000000,2024-01-01 01:14:49.000000,0,1.2377431906614786,2.66,10.786772152996758,0.0546875,1058.9288850215535,318.1,0.622568093385214
2024-01-01 01:14:48.000000,2024-01-01 01:14:52.000000,0,-0.0622568093385214,2.43,8.72685463164801,0.0546875,1055.5096706140673,16.000000000000007,0.7470817120622568
2024-01-01 01:14:51.000000,2024-01-01 01:14:55.000000,0,0.65272373540856,1.92,38.115406676907384,0.05078125,3270.4033169185273,167.7500000000002,0.4980544747081712
2024-01-01 01:14:54.000000,2024-01-01 01:14:58.000000,0,-1.3864980544747079,-2.9,31.27997003177069,0.078125,3174.3331634101405,356.33,0.7470817120622568
2024-01-01 01:14:57.000000,2024-01-01 01:15:01.000000,0,1.8195330739299609,-5.13,30.52192851203259,0.05859375,3238.7031503294374,467.6199999999999,0.622568093385214
2024-01-01 01:15:00.000000,2024-01-01 01:15:04.000000,0,-3.198443579766537,-1.5,19.83090777137655,0.0625,2380.6439568501587,822.0,0.622568093385214
2024-01-01 01:15:03.000000,2024-01-01 01:15:07.000000,0,0.06941634241245137,3.09,37.83682698920641,0.05078125,3131.8873273083614,17.83999999999999,-0.2490272373540856
2024-01-01 01:15:06.000000,2024-01-01 01:15:10.000000,0,-2.411789883268482,3.05,37.50017581087192,0.04296875,3339.0128429816614,619.8299999999999,0.2490272373540856
2024-01-01 01:15:09.000000,2024-01-01 01:15:13.000000,0,-3.0805447470817127,-1.12,21.882573592835037,0.05859375,1801.0504397458783,791.6999999999999,-0.4980544747081712
2024-01-01 01:15:12.000000,2024-01-01 01:15:16.000000,0,1.2229571984435805,-1.02,32.751376435324325,0.03125,2889.428158172007,314.29999999999995,0.4980544747081712
2024-01-01 01:15:15.000000,2024-01-01 01:15:19.000000,0,-0.20793774319066125,-1.09,27.594201553992455,0.05859375,2604.412140804584,53.43999999999986,-0.4980544747081712
2024-01-01 01:15:18.000000,2024-01-01 01:15:22.000000,0,-1.7909727626459144,-2.89,24.661183636373003,0.05078125,1837.5675196958161,460.27999999999986,0.3735408560311284
2024-01-01 01:15:21.000000,2024-01-01 01:15:25.000000,0,0.9959143968871593,-0.04,20.501015562698804,0.07421875,1358.1548418852865,255.95000000000005,0.2490272373540856
2024-01-01 01:15:24.000000,2024-01-01 01:15:28.000000,0,-0.8308171206225682,-2.91,18.25547860065796,0.08984375,1195.5514338816804,213.52000000000015,0.7470817120622568
2024-01-01 01:15:27.000000,2024-01-01 01:15:31.000000,0,0.8891439688715954,0.6,18.192409884051866,0.0546875,1989.833360918033,228.50999999999996,0.622568093385214
2024-01-01 01:15:30.000000,2024-01-01 01:15:34.000000,0,-0.5026848249027235,2.41,15.532326025033498,0.0390625,1930.2455282334827,129.18999999999997,-0.622568093385214
2024-01-01 01:15:33.000000,2024-01-01 01:15:37.000000,0,1.9590661478599225,4.28,11.653782844778931,0.0625,1220.2108552557406,503.4800000000001,-0.622568093385214
2024-01-01 01:15:36.000000,2024-01-01 01:15:40.000000,0,0.11649805447470817,2.1,11.186903972993278,0.046875,1418.6202641848292,29.939999999999973,0.7470817120622568
2024-01-01 01:15:39.000000,2024-01-01 01:15:43.000000,0,-0.3124902723735411,2.67,14.454728006540599,0.05078125,1427.3117304869506,80.31000000000002,0.7470817120622568
2024-01-01 01:15:42.000000,2024-01-01 01:15:46.000000,0,-3.803657587548638,-2.0,16.446165320745614,0.0546875,1216.8055699037345,977.5399999999997,0.2490272373540856
2024-01-01 01:15:45.000000,2024-01-01 01:15:49.000000,0,1.8462645914396887,3.08,15.15886320435896,0.0546875,1629.122687407136,474.48999999999995,0.622568093385214
2024-01-01 01:15:48.000000,2024-01-01 01:15:52.000000,0,0.8316342412451363,3.18,11.799237745775063,0.05078125,1586.9818497856247,213.73,0.622568093385214
2024-01-01 01:15:51.000000,2024-01-01 01:15:55.000000,0,-0.18385214007782102,1.76,11.86274971522948,0.05078125,1079.5193107057362,47.24999999999995,0.7470817120622568
2024-01-01 01:15:54.000000,2024-01-01 01:15:58.000000,0,0.817859922178988,1.79,12.815945470108772,0.046875,1299.5710346204578,210.1899999999999,0.622568093385214
2024-01-01 01:15:57.000000,2024-01-01 01:16:01.000000,0,-1.6247081712062257,-0.07,16.225324245979174,0.03125,1549.305305965654,417.5499999999999,0.622568093385214
2024-01-01 01:16:00.000000,2024-01-01 01:16:04.000000,0,1.2774708171206224,3.69,11.923737724078874,0.0390625,1541.3593862480782,328.31000000000006,0.622568093385214
2024-01-01 01:16:03.000000,2024-01-01 01:16:07.000000,0,0.3794941634241244,3.75,11.475841205931477,0.03515625,1556.4907928380408,97.52999999999992,0.622568093385214
2024-01-01 01:16:06.000000,2024-01-01 01:16:10.000000,0,0.26972762645914417,4.03,12.602275011774577,0.0390625,1888.8750009620937,69.32000000000001,-0.622568093385214
2024-01-01 01:16:09.000000,2024-01-01 01:16:13.000000,0,0.539727626459144,4.11,11.444769083675208,0.0390625,1619.6730029915943,138.70999999999998,0.622568093385214
2024-01-01 01:16:12.000000,2024-01-01 01:16:16.000000,0,-0.7477431906614784,1.24,9.684684125239517,0.04296875,1329.056115330776,192.16999999999993,0.622568093385214
2024-01-01 01:16:15.000000,2024-01-01 01:16:19.000000,0,-1.5248638132295722,-2.25,16.43102890924781,0.0546875,1729.9470901891289,391.89,0.3735408560311284
2024-01-01 01:16:18.000000,2024-01-01 01:16:22.000000,0,-0.15264591439688724,0.31,15.822501111053525,0.05078125,1664.1639757264472,39.23,-0.622568093385214
2024-01-01 01:16:21.000000,2024-01-01 01:16:25.000000,0,-0.124863813229572,-0.57,31.900612688830723,0.07421875,2492.5534712525455,32.09,0.622568093385214
2024-01-01 01:16:24.000000,2024-01-01 01:16:28.000000,0,0.14046692607003894,-2.67,32.021099620014276,0.09765625,2525.771441062934,36.100000000000186,0.622568093385214
2024-01-01 01:16:27.000000,2024-01-01 01:16:31.000000,0,3.2610894941634245,1.9,26.84425918426723,0.08203125,1742.6025788082088,838.1,-0.9961089494163424
2024-01-01 01:16:30.000000,2024-01-01 01:16:34.000000,0,2.3026070038910507,6.03,29.635997428256186,0.04296875,2722.5252609543327,591.7699999999999,0.622568093385214
2024-01-01 01:16:33.000000,2024-01-01 01:16:37.000000,0,0.45315175097276233,1.18,26.733852277698176,0.05078125,2067.9621205841668,116.45999999999978,-0.3735408560311284
2024-01-01 01:16:36.000000,2024-01-01 01:16:40.000000,0,1.333151750972763,5.27,47.873797698148906,0.046875,3431.0796448150604,342.62000000000023,0.2490272373540856
2024-01-01 01:16:39.000000,2024-01-01 01:16:43.000000,0,-2.739844357976654,-3.87,27.275371760311188,0.05078125,2657.292673917567,704.1399999999998,0.622568093385214
2024-01-01 01:16:42.000000,2024-01-01 01:16:46.000000,0,-0.43027237354085573,-0.08,21.43707370940349,0.04296875,2159.8368985494285,110.57999999999998,0.3735408560311284
2024-01-01 01:16:45.000000,2024-01-01 01:16:49.000000,0,-0.4684435797665369,1.11,10.394643410458743,0.04296875,1226.7914465383283,120.39,0.7470817120622568
2024-01-01 01:16:48.000000,2024-01-01 01:16:52.000000,0,0.09568093385213998,3.39,10.411623369805215,0.046875,1600.1294845941516,24.58999999999999,0.622568093385214
2024-01-01 01:16:51.000000,2024-01-01 01:16:55.000000,0,0.12155642023346293,1.63,10.187214677260581,0.046875,1343.312195835578,31.23999999999997,-0.622568093385214
2024-01-01 01:16:54.000000,2024-01-01 01:16:58.000000,0,-0.680194552529183,-0.51,8.343309091878742,0.0546875,690.4386466095567,174.80999999999997,-0.622568093385214
2024-01-01 01:16:57.000000,2024-01-01 01:17:01.000000,0,2.249416342412451,3.61,13.130617162947368,0.0546875,1345.9646552464435,578.0999999999999,0.622568093385214
2024-01-01 01:17:00.000000,2024-01-01 01:17:04.000000,0,-0.791828793774319,-0.7,32.42122279708268,0.0546875,2951.538816792217,203.50000000000023,0.3735408560311284
2024-01-01 01:17:03.000000,2024-01-01 01:17:07.000000,0,0.545953307392997,-3.51,35.539226753656465,0.06640625,3051.504545188714,140.31000000000017,-0.7470817120622568
2024-01-01 01:17:06.000000,2024-01-01 01:17:10.000000,0,-2.1013618677042802,-5.03,80.21701445881013,0.0546875,7777.6670417314235,540.0500000000002,0.4980544747081712
2024-01-01 01:17:09.000000,2024-01-01 01:17:13.000000,0,-12.577548638132294,-5.03,74.46824826613508,0.0703125,6074.8920681113605,3232.4299999999994,0.8715953307392996
2024-01-01 01:17:12.000000,2024-01-01 01:17:16.000000,0,1.3535797665369655,2.95,54.066790288819746,0.0546875,5141.359970573311,347.86999999999955,-0.4980544747081712
2024-01-01 01:17:15.000000,2024-01-01 01:17:19.000000,0,4.75046692607004,2.44,54.29914521311434,0.07421875,3475.232308493094,1220.8700000000001,0.4980544747081712
2024-01-01 01:17:18.000000,2024-01-01 01:17:22.000000,0,0.7857198443579769,-3.23,37.46671002014597,0.078125,3146.9754894089865,201.92999999999992,-1.6186770428015564
2024-01-01 01:17:21.000000,2024-01-01 01:17:25.000000,0,0.7644357976653696,0.82,31.423973030603378,0.0859375,2565.936779038513,196.46,1.3696498054474708
2024-01-01 01:17:24.000000,2024-01-01 01:17:28.000000,0,-0.9665369649805446,-4.08,31.085120637853684,0.0625,2629.085903483008,248.39999999999992,0.9961089494163424
2024-01-01 01:17:27.000000,2024-01-01 01:17:31.000000,0,0.1818287937743188,4.83,49.12958083923905,0.0703125,4006.572922464856,46.72999999999979,1.3696498054474708
2024-01-01 01:17:30.000000,2024-01-01 01:17:34.000000,0,-2.40443579766537,-3.49,32.150958489745506,0.05078125,2749.4153283544183,617.9399999999998,0.622568093385214
2024-01-01 01:17:33.000000,2024-01-01 01:17:37.000000,0,0.12988326848249027,-5.26,64.56453629099103,0.0625,5751.603312997518,33.3800000000003,0.7470817120622568
2024-01-01 01:17:36.000000,2024-01-01 01:17:40.000000,0,0.8063035019455258,-7.53,54.828817076293475,0.05078125,5777.547130091083,207.22000000000008,0.8715953307392996
2024-01-01 01:17:39.000000,2024-01-01 01:17:43.000000,0,2.6410505836575875,2.47,32.73610474644298,0.05859375,2645.3006569134996,678.7500000000001,-0.7470817120622568
2024-01-01 01:17:42.000000,2024-01-01 01:17:46.000000,0,-1.6310505836575873,-9.11,39.92791185845232,0.046875,4045.5414722566575,419.18000000000006,0.7470817120622568
2024-01-01 01:17:45.000000,2024-01-01 01:17:49.000000,0,3.013696498054474,-2.0,34.484143479531305,0.0546875,3677.273120184884,774.52,0.7470817120622568
2024-01-01 01:17:48.000000,2024-01-01 01:17:52.000000,0,1.8382879377431904,-0.29,39.2734176283863,0.0703125,3419.77670433835,472.43999999999977,0.7470817120622568
2024-01-01 01:17:51.000000,2024-01-01 01:17:55.000000,0,2.9914007782101164,1.62,48.47862033991278,0.06640625,4884.445387987908,768.7899999999995,0.4980544747081712
2024-01-01 01:17:54.000000,2024-01-01 01:17:58.000000,0,-2.3935408560311284,-0.35,47.6983715932498,0.06640625,3782.438298440426,615.1399999999999,0.3735408560311284
2024-01-01 01:17:57.000000,2024-01-01 01:18:01.000000,0,-0.9367315175097275,-0.54,25.3415634733789,0.04296875,2617.9486298029833,240.73999999999995,0.4980544747081712
2024-01-01 01:18:00.000000,2024-01-01 01:18:04.000000,0,-0.019727626459143832,0.01,29.706558940175952,0.046875,2911.5927064750185,5.069999999999762,0.7470817120622568
2024-01-01 01:18:03.000000,2024-01-01 01:18:07.000000,0,0.22486381322957183,-0.19,19.20452555106574,0.078125,2035.6530004872232,57.790000000000035,-0.4980544747081712
2024-01-01 01:18:06.000000,2024-01-01 01:18:10.000000,0,-0.44521400778210113,-0.01,27.23730426825824,0.05078125,2585.37397068049,114.42000000000007,-0.3735408560311284
2024-01-01 01:18:09.000000,2024-01-01 01:18:13.000000,0,1.1080155642023348,3.77,28.090144393759473,0.05078125,2780.99000539103,284.7600000000001,0.7470817120622568
2024-01-01 01:18:12.000000,2024-01-01 01:18:16.000000,0,3.250661478599221,3.39,47.06060750625315,0.0703125,5035.852448930045,835.4200000000002,0.622568093385214
2024-01-01 01:18:15.000000,2024-01-01 01:18:19.000000,0,0.6452140077821011,2.12,27.49583867756952,0.0703125,2870.9766827270832,165.82,0.4980544747081712
2024-01-01 01:18:18.000000,2024-01-01 01:18:22.000000,0,-1.167470817120623,-4.26,32.45761718765136,0.04296875,4035.472813615796,300.04000000000036,0.7470817120622568
2024-01-01 01:18:21.000000,2024-01-01 01:18:25.000000,0,0.164669260700389,1.05,15.912261707378065,0.06640625,1584.016500922346,42.320000000000064,0.7470817120622568
2024-01-01 01:18:24.000000,2024-01-01 01:18:28.000000,0,0.5594941634241246,-0.21,25.23908785203033,0.0546875,2267.499542102656,143.79000000000013,-0.7470817120622568
2024-01-01 01:18:27.000000,2024-01-01 01:18:31.000000,0,0.4383657587548639,-0.08,23.459796370734406,0.0546875,2741.2046336318444,112.65999999999983,-0.7470817120622568
2024-01-01 01:18:30.000000,2024-01-01 01:18:34.000000,7,0.015564202334630073,-0.6,21.822787235979693,0.07421875,2009.906951295674,4.000000000000043,-0.7470817120622568
2024-01-01 01:18:33.000000,2024-01-01 01:18:37.000000,7,1.5442023346303497,2.35,27.47128851050949,0.078125,2989.1406708437553,396.8600000000001,0.622568093385214
2024-01-01 01:18:36.000000,2024-01-01 01:18:40.000000,7,-0.6426070038910507,-0.01,25.939340593827886,0.0703125,2170.922727665005,165.14999999999992,-0.2490272373540856
2024-01-01 01:18:39.000000,2024-01-01 01:18:43.000000,7,1.3112062256809338,-1.67,21.460332713636127,0.0390625,1891.3918982026655,336.98,0.3735408560311284
2024-01-01 01:18:42.000000,2024-01-01 01:18:46.000000,7,1.1484435797665369,1.46,19.8245929357476,0.046875,2111.181122371415,295.1500000000001,0.622568093385214
2024-01-01 01:18:45.000000,2024-01-01 01:18:49.000000,7,-0.4501556420233462,-2.01,18.99300325467068,0.0546875,2153.916219203698,115.69000000000014,0.7470817120622568
2024-01-01 01:18:48.000000,2024-01-01 01:18:52.000000,7,-0.877470817120623,-3.23,20.951150070613583,0.04296875,1742.8917837256768,225.5099999999998,-0.622568093385214
2024-01-01 01:18:51.000000,2024-01-01 01:18:55.000000,7,0.9643579766536966,2.91,17.908033693781185,0.04296875,2137.64679468598,247.8400000000001,0.4980544747081712
2024-01-01 01:18:54.000000,2024-01-01 01:18:58.000000,7,0.10922178988326857,0.81,13.336540447611334,0.05859375,1366.5970312813024,28.070000000000043,0.7470817120622568
2024-01-01 01:18:57.000000,2024-01-01 01:19:01.000000,7,-2.225447470817121,2.88,34.47736451585509,0.0546875,3072.171900783032,571.9399999999998,0.622568093385214
2024-01-01 01:19:00.000000,2024-01-01 01:19:04.000000,7,-0.47521400778210093,3.96,43.87471037178396,0.046875,5084.5888129743025,122.13000000000005,0.622568093385214
2024-01-01 01:19:03.000000,2024-01-01 01:19:07.000000,7,0.21564202334630356,0.04,26.975308683870566,0.06640625,2766.50948733454,55.41999999999982,0.7470817120622568
2024-01-01 01:19:06.000000,2024-01-01 01:19:10.000000,7,2.0171595330739303,1.47,13.907406051169495,0.05859375,1632.0496025814775,518.4100000000001,0.7470817120622568
2024-01-01 01:19:09.000000,2024-01-01 01:19:13.000000,7,0.16206225680933856,1.47,14.64691264490094,0.05078125,2003.9039344793455,41.64999999999998,0.7470817120622568
2024-01-01 01:19:12.000000,2024-01-01 01:19:16.000000,7,-0.09494163424124519,0.13,13.135984841285651,0.05859375,1444.9431279923701,24.39999999999998,-0.7470817120622568
2024-01-01 01:19:15.000000,2024-01-01 01:19:19.000000,7,-0.10968871595330738,-0.28,13.967515266332226,0.0625,1757.0164480793135,28.18999999999992,0.7470817120622568
2024-01-01 01:19:18.000000,2024-01-01 01:19:22.000000,7,0.009299610894941525,0.2,17.92536336734318,0.0703125,2209.6918909123997,2.3899999999999633,-0.7470817120622568
2024-01-01 01:19:21.000000,2024-01-01 01:19:25.000000,7,-0.025252918287937725,1.19,20.982809817704076,0.0546875,2555.036887764747,6.489999999999897,0.7470817120622568
2024-01-01 01:19:24.000000,2024-01-01 01:19:28.000000,7,0.40898832684824915,4.02,18.622307789584493,0.05078125,2078.7299387134544,105.11000000000007,0.7470817120622568
2024-01-01 01:19:27.000000,2024-01-01 01:19:31.000000,7,0.3451750972762647,1.05,20.693296111860167,0.0625,1936.5251825957496,88.70999999999987,0.7470817120622568
2024-01-01 01:19:30.000000,2024-01-01 01:19:34.000000,7,2.5425680933852144,0.05,24.900956111244682,0.078125,2242.1790995245537,653.44,1.4941634241245136
2024-01-01 01:19:33.000000,2024-01-01 01:19:37.000000,7,1.8975875486381324,5.04,32.01193931958972,0.04296875,3066.890066481797,487.67999999999995,0.3735408560311284
2024-01-01 01:19:36.000000,2024-01-01 01:19:40.000000,7,-0.7747470817120623,1.42,57.50718553637181,0.0546875,5046.071659249059,199.10999999999987,0.4980544747081712
2024-01-01 01:19:39.000000,2024-01-01 01:19:43.000000,7,1.4196108949416348,-2.9,47.71427174308549,0.05859375,3399.4263418031132,364.8399999999999,-0.622568093385214
2024-01-01 01:19:42.000000,2024-01-01 01:19:46.000000,7,-0.06933852140077819,-0.57,24.773413135635177,0.05859375,2161.94867936599,17.819999999999972,0.7470817120622568
2024-01-01 01:19:45.000000,2024-01-01 01:19:49.000000,7,0.282451361867704,2.52,24.441764921604513,0.046875,2261.759780694907,72.58999999999999,0.7470817120622568
2024-01-01 01:19:48.000000,2024-01-01 01:19:52.000000,7,-0.3878210116731518,3.92,21.056466474451817,0.04296875,2076.1963513868,99.66999999999985,0.622568093385214
2024-01-01 01:19:51.000000,2024-01-01 01:19:55.000000,7,-2.837237354085603,-2.07,34.39898320958918,0.046875,4254.650527990544,729.1699999999998,0.4980544747081712
2024-01-01 01:19:54.000000,2024-01-01 01:19:58.000000,7,0.7585214007782098,1.52,31.204501004846318,0.05078125,3010.3065268414266,194.94000000000023,-0.7470817120622568
2024-01-01 01:19:57.000000,2024-01-01 01:20:01.000000,7,-1.515214007782101,-6.44,32.51177989718384,0.05078125,3483.596442421825,389.41,-0.7470817120622568
2024-01-01 01:20:00.000000,2024-01-01 01:20:04.000000,7,-0.7255252918287938,-0.33,23.69971396469052,0.078125,2157.6020638851087,186.45999999999975,0.7470817120622568
2024-01-01 01:20:03.000000,2024-01-01 01:20:07.000000,7,-0.833035019455253,-0.95,24.603982943624693,0.0703125,2549.2942699788523,214.09000000000012,-0.7470817120622568
2024-01-01 01:20:06.000000,2024-01-01 01:20:10.000000,7,0.10968871595330738,-0.25,27.22378842396339,0.046875,2299.9286140817408,28.19000000000008,0.8715953307392996
2024-01-01 01:20:09.000000,2024-01-01 01:20:13.000000,7,-1.253112840466926,-7.31,36.227838490291184,0.04296875,2571.900086323119,322.0499999999998,-0.2490272373540856
2024-01-01 01:20:12.000000,2024-01-01 01:20:16.000000,7,-0.3388715953307394,-3.91,23.761701703841712,0.0625,1899.5511643700265,87.09,-0.622568093385214
2024-01-01 01:20:15.000000,2024-01-01 01:20:19.000000,7,0.485875486381323,-8.58,33.708610305131025,0.0546875,3119.0154517386673,124.87000000000018,0.622568093385214
2024-01-01 01:20:18.000000,2024-01-01 01:20:22.000000,7,-1.40124513618677,-5.09,39.797448361670504,0.04296875,3554.384074982033,360.1200000000002,0.8715953307392996
2024-01-01 01:20:21.000000,2024-01-01 01:20:25.000000,7,-2.7195719844357975,-5.09,46.74696265421115,0.07421875,4760.944974657518,698.9299999999995,0.8715953307392996
2024-01-01 01:20:24.000000,2024-01-01 01:20:28.000000,7,-0.02821011673151762,-0.12,25.857976961956126,0.05859375,2727.862400147365,7.249999999999959,-0.8715953307392996
2024-01-01 01:20:27.000000,2024-01-01 01:20:31.000000,7,11.297937743190662,6.11,56.78410949070488,0.04296875,6019.412252072292,2903.5699999999997,0.2490272373540856
2024-01-01 01:20:30.000000,2024-01-01 01:20:34.000000,7,1.0923346303501946,-6.84,83.02936478851599,0.05859375,8457.725227851552,280.7300000000002,-0.3735408560311284
2024-01-01 01:20:33.000000,2024-01-01 01:20:37.000000,7,-0.9565758754863812,-3.92,26.62217374867372,0.0703125,2334.9189480119567,245.83999999999995,0.4980544747081712
2024-01-01 01:20:36.000000,2024-01-01 01:20:40.000000,7,1.6543579766536969,0.6,42.50265390239005,0.05859375,4452.386200138907,425.16999999999996,0.8715953307392996
2024-01-01 01:20:39.000000,2024-01-01 01:20:43.000000,7,-1.2525680933852137,-1.56,25.325825651726223,0.0625,2480.134427477799,321.91000000000014,-0.622568093385214
2024-01-01 01:20:42.000000,2024-01-01 01:20:46.000000,7,-1.6328793774319064,0.62,20.08498948504329,0.0390625,1830.8411950068207,419.65000000000003,0.7470817120622568
2024-01-01 01:20:45.000000,2024-01-01 01:20:49.000000,7,2.581906614785992,0.67,30.062485574694996,0.05078125,2825.5116945747986,663.5500000000001,-0.7470817120622568
2024-01-01 01:20:48.000000,2024-01-01 01:20:52.000000,7,4.122373540856032,-1.79,43.6866963736951,0.0625,3849.0418135731975,1059.4499999999998,0.8715953307392996
2024-01-01 01:20:51.000000,2024-01-01 01:20:55.000000,7,-0.3343190661478602,12.09,60.71905081969475,0.0546875,5502.551246278588,85.91999999999992,0.7470817120622568
2024-01-01 01:20:54.000000,2024-01-01 01:20:58.000000,7,-0.30758754863813215,0.78,23.26603226677455,0.06640625,2822.8323855599933,79.04999999999997,0.7470817120622568
2024-01-01 01:20:57.000000,2024-01-01 01:21:01.000000,7,2.6517898832684823,7.02,56.79022224712238,0.046875,5234.452592559026,681.5100000000002,0.3735408560311284
2024-01-01 01:21:00.000000,2024-01-01 01:21:04.000000,7,1.4131128404669255,5.85,76.10193730363326,0.05078125,7123.05629321869,363.1700000000003,0.4980544747081712
2024-01-01 01:21:03.000000,2024-01-01 01:21:07.000000,7,1.1595330739299612,-0.36,43.73420127886044,0.04296875,3798.7093840425932,298.0000000000001,0.2490272373540856
2024-01-01 01:21:06.000000,2024-01-01 01:21:10.000000,7,0.4485214007782102,-3.24,49.78039523113193,0.046875,5782.902307656054,115.26999999999983,0.4980544747081712
2024-01-01 01:21:09.000000,2024-01-01 01:21:13.000000,7,1.5820233463035016,-4.37,50.42525557492324,0.046875,5997.619866711228,406.5799999999997,0.8715953307392996
2024-01-01 01:21:12.000000,2024-01-01 01:21:16.000000,7,1.7938910505836578,-0.13,42.21212528099105,0.05078125,3941.417045703947,461.03,-0.4980544747081712
2024-01-01 01:21:15.000000,2024-01-01 01:21:19.000000,7,-2.891206225680934,4.07,48.38145668014205,0.0390625,4150.789982461439,743.04,0.7470817120622568
2024-01-01 01:21:18.000000,2024-01-01 01:21:22.000000,7,-1.8201556420233453,8.45,75.63261390374646,0.046875,6497.379604876322,467.78000000000054,-0.622568093385214
2024-01-01 01:21:21.000000,2024-01-01 01:21:25.000000,7,-1.7448638132295726,3.96,58.47268981983416,0.0546875,5618.5313343428,448.4299999999994,0.7470817120622568
2024-01-01 01:21:24.000000,2024-01-01 01:21:28.000000,7,-0.4889883268482491,3.94,49.701924649014025,0.05859375,4116.883528199936,125.6700000000002,0.4980544747081712
2024-01-01 01:21:27.000000,2024-01-01 01:21:31.000000,7,0.7007392996108947,3.43,25.909852355053594,0.0703125,2217.8987307886805,180.08999999999997,1.4941634241245136
2024-01-01 01:21:30.000000,2024-01-01 01:21:34.000000,7,-0.9715175097276266,1.95,13.523908792072426,0.05078125,1275.0580994433633,249.68,0.7470817120622568
2024-01-01 01:21:33.000000,2024-01-01 01:21:37.000000,7,0.785214007782101,1.9,9.900847228037007,0.06640625,1090.124853210585,201.79999999999995,-0.7470817120622568
2024-01-01 01:21:36.000000,2024-01-01 01:21:40.000000,7,0.37929961089494163,1.99,9.105556612656306,0.04296875,1175.7977155547508,97.48000000000002,0.7470817120622568
2024-01-01 01:21:39.000000,2024-01-01 01:21:43.000000,7,-1.3063424124513618,0.45,8.650017016300938,0.04296875,1101.8011134848607,335.73,0.622568093385214
2024-01-01 01:21:42.000000,2024-01-01 01:21:46.000000,7,-0.7817898832684825,1.01,8.850524696807726,0.0625,924.0348541074748,200.91999999999996,0.7470817120622568
2024-01-01 01:21:45.000000,2024-01-01 01:21:49.000000,7,0.22544747081712072,1.83,9.519440875605245,0.0625,1196.2409718125118,57.93999999999996,0.7470817120622568
2024-01-01 01:21:48.000000,2024-01-01 01:21:52.000000,7,-0.6224124513618676,1.13,14.707507663004781,0.05078125,1293.7576119578766,159.95999999999992,-0.4980544747081712
2024-01-01 01:21:51.000000,2024-01-01 01:21:55.000000,7,0.6948249027237361,1.95,31.698157602286244,0.0625,2880.199975454603,178.56999999999988,0.7470817120622568
2024-01-01 01:21:54.000000,2024-01-01 01:21:58.000000,7,-6.261284046692607,-9.52,29.41436452044577,0.0546875,2161.5181193070785,1609.1499999999996,0.3735408560311284
2024-01-01 01:21:57.000000,2024-01-01 01:22:01.000000,7,0.5812062256809338,3.05,28.34207002505218,0.04296875,3685.9314263669567,149.37000000000015,0.7470817120622568
2024-01-01 01:22:00.000000,2024-01-01 01:22:04.000000,7,-0.13922178988326828,2.1,13.566626193236967,0.05078125,1441.3886323947775,35.78000000000006,0.7470817120622568
2024-01-01 01:22:03.000000,2024-01-01 01:22:07.000000,7,0.7481712062256799,1.6,45.9462168022496,0.046875,2790.3114602123082,192.28000000000006,-0.7470817120622568
2024-01-01 01:22:06.000000,2024-01-01 01:22:10.000000,7,-8.968910505836577,-8.75,39.10156361238468,0.0703125,2800.5688604361726,2305.0099999999998,1.245136186770428
2024-01-01 01:22:09.000000,2024-01-01 01:22:13.000000,7,-0.6857976653696503,-2.14,33.994986168774226,0.07421875,2565.7885426690023,176.24999999999997,-1.1206225680933852
2024-01-01 01:22:12.000000,2024-01-01 01:22:16.000000,7,0.2542412451361869,1.51,17.185518849119696,0.05078125,2239.23025407785,65.33999999999999,-0.622568093385214
2024-01-01 01:22:15.000000,2024-01-01 01:22:19.000000,7,-0.7351361867704278,-2.52,16.495789308874762,0.0390625,2149.179822798748,188.93000000000006,0.622568093385214
2024-01-01 01:22:18.000000,2024-01-01 01:22:22.000000,7,0.6863424124513618,2.94,21.727117665225308,0.046875,2422.7111712916944,176.38999999999984,0.622568093385214
2024-01-01 01:22:21.000000,2024-01-01 01:22:25.000000,7,-1.5379766536964983,-1.99,34.745134571027755,0.05859375,3841.017602048683,395.26000000000016,0.622568093385214
2024-01-01 01:22:24.000000,2024-01-01 01:22:28.000000,7,1.5843190661478594,4.95,36.343887526923616,0.05078125,2576.0134541759226,407.16999999999985,0.8715953307392996
2024-01-01 01:22:27.000000,2024-01-01 01:22:31.000000,7,-0.42945525291828796,-4.04,27.85066543777888,0.04296875,2726.486048308111,110.37000000000003,0.2490272373540856
2024-01-01 01:22:30.000000,2024-01-01 01:22:34.000000,7,-3.455447470817121,-0.89,16.426013545300453,0.03515625,2225.056673872282,888.05,-0.622568093385214
2024-01-01 01:22:33.000000,2024-01-01 01:22:37.000000,7,1.2387937743190653,-1.48,48.45551539677873,0.03515625,3976.927821666827,318.37000000000006,-0.4980544747081712
2024-01-01 01:22:36.000000,2024-01-01 01:22:40.000000,7,-1.1070428015564204,-4.94,34.40699845646692,0.03515625,3052.3275640769475,284.50999999999993,-0.622568093385214
2024-01-01 01:22:39.000000,2024-01-01 01:22:43.000000,7,3.1549805447470822,2.83,44.42737377701137,0.05859375,4216.190908915788,810.8299999999997,1.245136186770428
2024-01-01 01:22:42.000000,2024-01-01 01:22:46.000000,7,-1.9333463035019456,-3.94,39.01431505721345,0.07421875,3416.1306012110526,496.8699999999998,0.9961089494163424
2024-01-01 01:22:45.000000,2024-01-01 01:22:49.000000,7,-2.541945525291829,2.32,42.118895636491295,0.046875,4576.293377148007,653.28,0.4980544747081712
2024-01-01 01:22:48.000000,2024-01-01 01:22:52.000000,7,2.2759922178988323,6.63,33.078043520919046,0.04296875,2914.4893194859796,584.9300000000002,-0.622568093385214
2024-01-01 01:22:51.000000,2024-01-01 01:22:55.000000,7,-1.8628793774319068,-1.74,24.173837991500225,0.046875,2419.8677260171685,478.7600000000001,0.622568093385214
2024-01-01 01:22:54.000000,2024-01-01 01:22:58.000000,7,0.8599610894941634,3.7,17.51697017577825,0.0390625,2716.8111538710546,221.00999999999996,-0.622568093385214
2024-01-01 01:22:57.000000,2024-01-01 01:23:01.000000,7,-0.6282101167315176,5.32,15.565287849773396,0.0390625,2313.8361299961093,161.45,0.622568093385214
2024-01-01 01:23:00.000000,2024-01-01 01:23:04.000000,7,-0.7720622568093386,4.26,35.95746814852734,0.046875,3184.4736025866587,198.41999999999976,0.622568093385214
2024-01-01 01:23:03.000000,2024-01-01 01:23:07.000000,7,1.2938132295719846,-1.84,40.82050338175633,0.0703125,3712.3798258920715,332.51000000000005,0.8715953307392996
2024-01-01 01:23:06.000000,2024-01-01 01:23:10.000000,7,1.0432684824902725,2.13,28.1019564386813,0.0625,3368.5339069111583,268.1200000000001,0.4980544747081712
2024-01-01 01:23:09.000000,2024-01-01 01:23:13.000000,7,1.1059922178988326,2.13,21.301174114131932,0.05078125,2191.2988750368313,284.24,0.4980544747081712
2024-01-01 01:23:12.000000,2024-01-01 01:23:16.000000,7,1.5636186770428016,7.69,52.09411201638723,0.0625,5909.615330873566,401.85000000000014,0.4980544747081712
2024-01-01 01:23:15.000000,2024-01-01 01:23:19.000000,7,2.330544747081712,5.05,25.74890315653448,0.0546875,2228.3460019696718,598.95,0.7470817120622568
2024-01-01 01:23:18.000000,2024-01-01 01:23:22.000000,7,1.3144357976653693,6.47,27.068107685694216,0.04296875,3067.73689492286,337.8100000000001,0.622568093385214
2024-01-01 01:23:21.000000,2024-01-01 01:23:25.000000,7,-0.360077821011673,3.04,27.219846404327306,0.05078125,2964.5057632448484,92.53999999999996,0.622568093385214
2024-01-01 01:23:24.000000,2024-01-01 01:23:28.000000,7,0.5121011673151752,4.62,26.68984103208279,0.05078125,2963.383912694977,131.60999999999999,0.622568093385214
2024-01-01 01:23:27.000000,2024-01-01 01:23:31.000000,7,0.08027237354085569,1.53,20.932173639756048,0.05078125,1954.340849414868,20.629999999999903,0.8715953307392996
2024-01-01 01:23:30.000000,2024-01-01 01:23:34.000000,7,0.4655642023346305,-0.63,27.376914326843668,0.05078125,2315.384234986332,119.6500000000001,0.7470817120622568
2024-01-01 01:23:33.000000,2024-01-01 01:23:37.000000,7,-1.5132295719844358,-4.25,31.535426545708034,0.0859375,2007.1639054235372,388.8999999999999,-0.9961089494163424
2024-01-01 01:23:36.000000,2024-01-01 01:23:40.000000,7,0.1677821011673152,-1.82,46.105643450149714,0.0859375,3950.80590861893,43.12000000000001,1.1206225680933852
2024-01-01 01:23:39.000000,2024-01-01 01:23:43.000000,7,1.7517509727626457,-4.15,33.34532242731345,0.05859375,3370.310620789135,450.19999999999993,0.4980544747081712
2024-01-01 01:23:42.000000,2024-01-01 01:23:46.000000,7,2.882529182879378,0.13,39.04211491373923,0.06640625,3234.756583869086,740.8100000000001,-0.2490272373540856
2024-01-01 01:23:45.000000,2024-01-01 01:23:49.000000,7,-0.11046692607003863,-2.92,26.503053107139905,0.05859375,2543.9634480872605,28.390000000000015,0.622568093385214
2024-01-01 01:23:48.000000,2024-01-01 01:23:52.000000,7,5.195369649805447,10.02,54.851862782787336,0.03125,4923.133191073186,1335.21,0.622568093385214
2024-01-01 01:23:51.000000,2024-01-01 01:23:55.000000,7,3.127626459143969,-0.83,60.902013989819515,0.03125,6451.200556564201,803.7999999999995,0.2490272373540856
2024-01-01 01:23:54.000000,2024-01-01 01:23:58.000000,7,-3.7933852140077833,-2.66,68.03454615794418,0.04296875,5507.773586036202,974.9000000000001,-0.4980544747081712
2024-01-01 01:23:57.000000,2024-01-01 01:24:01.000000,7,-1.521128404669262,-8.3,61.53033808912765,0.04296875,6122.594383867056,390.92999999999995,0.1245136186770428
2024-01-01 01:24:00.000000,2024-01-01 01:24:04.000000,7,-15.54284046692607,4.38,84.29716720816961,0.0390625,11983.824934500422,3994.51,-0.622568093385214
2024-01-01 01:24:03.000000,2024-01-01 01:24:07.000000,7,-2.552217898832685,16.7,76.24678788407965,0.0390625,8082.13477867128,655.9199999999994,-0.622568093385214
2024-01-01 01:24:06.000000,2024-01-01 01:24:10.000000,7,-4.190155642023345,5.58,45.84906863292788,0.05078125,5809.531308039839,1076.87,0.622568093385214
2024-01-01 01:24:09.000000,2024-01-01 01:24:13.000000,7,-0.4780155642023356,2.52,46.11151118348602,0.0546875,3913.697988039083,122.8500000000002,0.4980544747081712
2024-01-01 01:24:12.000000,2024-01-01 01:24:16.000000,7,2.9526848249027235,-0.05,50.6048595835092,0.0546875,5934.591085771296,758.8400000000001,0.622568093385214
2024-01-01 01:24:15.000000,2024-01-01 01:24:19.000000,7,6.46136186770428,10.59,42.290336266072025,0.04296875,4130.268635977494,1660.5699999999995,0.622568093385214
2024-01-01 01:24:18.000000,2024-01-01 01:24:22.000000,7,-0.9090272373540847,13.99,46.911271710572514,0.0390625,6291.089811907771,233.62000000000018,0.622568093385214
2024-01-01 01:24:21.000000,2024-01-01 01:24:25.000000,7,0.1916342412451353,3.4,74.22777919586488,0.03125,7622.862847267088,49.25000000000001,0.3735408560311284
2024-01-01 01:24:24.000000,2024-01-01 01:24:28.000000,7,0.46136186770427984,-5.52,29.370708610960452,0.05078125,2184.123832503252,118.57,0.3735408560311284
2024-01-01 01:24:27.000000,2024-01-01 01:24:31.000000,7,-4.048910505836574,-17.07,62.81596101456511,0.04296875,6990.378517753891,1040.5699999999997,0.4980544747081712
2024-01-01 01:24:30.000000,2024-01-01 01:24:34.000000,7,-9.111167315175097,-7.84,40.308084237309686,0.06640625,3403.1294318404803,2341.5699999999997,-0.2490272373540856
2024-01-01 01:24:33.000000,2024-01-01 01:24:37.000000,7,5.408054474708172,-1.04,77.1257903380098,0.04296875,6794.079316399459,1389.87,0.3735408560311284
2024-01-01 01:24:36.000000,2024-01-01 01:24:40.000000,7,8.612295719844358,12.32,76.51150819141336,0.0390625,5901.769807890744,2213.3599999999997,0.3735408560311284
2024-01-01 01:24:39.000000,2024-01-01 01:24:43.000000,7,-0.13953307392996175,9.09,66.88469187199996,0.03515625,6339.826813470931,35.85999999999943,0.4980544747081712
2024-01-01 01:24:42.000000,2024-01-01 01:24:46.000000,7,-0.8579766536964998,-14.77,99.73015557516355,0.0546875,10100.652286551625,220.50000000000006,-0.622568093385214
2024-01-01 01:24:45.000000,2024-01-01 01:24:49.000000,7,-7.961750972762646,-0.63,79.93041555569755,0.05078125,8668.317845129128,2046.1699999999996,-0.622568093385214
2024-01-01 01:24:48.000000,2024-01-01 01:24:52.000000,7,-2.562373540856031,-3.19,26.26176797618397,0.05078125,2919.9522198264185,658.5299999999999,0.4980544747081712
2024-01-01 01:24:51.000000,2024-01-01 01:24:55.000000,7,-6.561906614785993,-4.64,96.9191419908433,0.046875,7306.740828097347,1686.4099999999999,-0.3735408560311284
2024-01-01 01:24:54.000000,2024-01-01 01:24:58.000000,7,7.028210116731517,-3.22,78.52875518263232,0.02734375,8849.134588972689,1806.2499999999998,0.3735408560311284
2024-01-01 01:24:57.000000,2024-01-01 01:25:01.000000,7,-1.5068093385214008,-2.96,27.336344753229408,0.03125,3022.5448657896563,387.25,-0.622568093385214
2024-01-01 01:25:00.000000,2024-01-01 01:25:04.000000,7,2.942140077821011,6.08,34.62141876352053,0.0390625,4629.759863708671,756.1299999999999,0.622568093385214
2024-01-01 01:25:03.000000,2024-01-01 01:25:07.000000,7,-1.6062645914396887,-2.05,53.18380967713263,0.04296875,4515.061338189908,412.81000000000006,0.4980544747081712
2024-01-01 01:25:06.000000,2024-01-01 01:25:10.000000,7,1.0266536964980542,9.6,42.94301280668092,0.03515625,4648.155436514492,263.85,0.622568093385214
2024-01-01 01:25:09.000000,2024-01-01 01:25:13.000000,7,-6.782217898832686,3.56,31.949047119727773,0.0390625,2924.551213933528,1743.03,-0.622568093385214
2024-01-01 01:25:12.000000,2024-01-01 01:25:16.000000,7,0.5482101167315176,6.43,19.308526247394013,0.0390625,2822.4156175590592,140.8900000000001,0.622568093385214
2024-01-01 01:25:15.000000,2024-01-01 01:25:19.000000,7,1.1158754863813232,6.08,18.093175296142352,0.03125,2747.063737885523,286.77999999999986,0.4980544747081712
2024-01-01 01:25:18.000000,2024-01-01 01:25:22.000000,7,-0.8554085603112838,3.92,17.884491905316537,0.03515625,2335.3107009435694,219.84000000000003,0.622568093385214
2024-01-01 01:25:21.000000,2024-01-01 01:25:25.000000,7,-1.14988326848249,5.1,15.475734546442236,0.0390625,2344.9995038522366,295.5199999999999,0.622568093385214
2024-01-01 01:25:24.000000,2024-01-01 01:25:28.000000,7,0.4294163424124515,5.98,13.873528611798372,0.04296875,1735.47658404688,110.36000000000001,-0.622568093385214
2024-01-01 01:25:27.000000,2024-01-01 01:25:31.000000,7,-1.101673151750973,-0.18,19.598272761559954,0.0390625,2163.119532987537,283.1299999999999,-0.622568093385214
2024-01-01 01:25:30.000000,2024-01-01 01:25:34.000000,7,-1.692295719844358,-0.15,15.688562432340897,0.04296875,2315.4452060590297,434.91999999999996,-0.622568093385214
2024-01-01 01:25:33.000000,2024-01-01 01:25:37.000000,7,-1.1724513618677042,5.1,16.450632130194165,0.0390625,2288.419155994283,301.31999999999994,0.622568093385214
2024-01-01 01:25:36.000000,2024-01-01 01:25:40.000000,7,0.7381322957198443,7.35,19.025903241483825,0.0390625,2984.405371159509,189.69999999999993,0.622568093385214
2024-01-01 01:25:39.000000,2024-01-01 01:25:43.000000,7,-0.947081712062257,3.42,22.17504290364403,0.046875,2844.094182664217,243.39999999999998,0.622568093385214
2024-01-01 01:25:42.000000,2024-01-01 01:25:46.000000,7,-2.337431906614786,4.39,65.97902563578735,0.046875,5502.653791491704,600.7199999999999,0.4980544747081712
2024-01-01 01:25:45.000000,2024-01-01 01:25:49.000000,7,0.6249416342412456,-3.28,80.69035176080057,0.0625,8365.120202195249,160.60999999999999,0.622568093385214
2024-01-01 01:25:48.000000,2024-01-01 01:25:52.000000,7,-0.9096108949416343,4.15,27.11301759829595,0.04296875,2292.268782039663,233.7699999999999,0.7470817120622568
2024-01-01 01:25:51.000000,2024-01-01 01:25:55.000000,7,0.06583657587548644,7.13,23.760800886545532,0.04296875,2419.161679917563,16.919999999999927,0.622568093385214
2024-01-01 01:25:54.000000,2024-01-01 01:25:58.000000,7,2.0266536964980544,4.39,19.338841958342844,0.03125,2702.0985340060297,520.8499999999999,0.4980544747081712
2024-01-01 01:25:57.000000,2024-01-01 01:26:01.000000,7,-2.9084046692607006,0.25,23.8035198984174,0.03515625,1969.6385730295694,747.4599999999999,0.622568093385214
2024-01-01 01:26:00.000000,2024-01-01 01:26:04.000000,7,-1.8896887159533073,5.28,21.408544965946984,0.0390625,2973.199992862223,485.64999999999986,0.622568093385214
2024-01-01 01:26:03.000000,2024-01-01 01:26:07.000000,7,1.636575875486381,9.54,21.994476063140766,0.04296875,3370.7441923918273,420.5999999999999,0.622568093385214
2024-01-01 01:26:06.000000,2024-01-01 01:26:10.000000,7,-0.9200778210116729,0.44,21.987216491780412,0.046875,2322.2760680061256,236.45999999999987,-0.622568093385214
2024-01-01 01:26:09.000000,2024-01-01 01:26:13.000000,7,0.8449805447470814,5.87,21.688901001659254,0.05078125,2045.094327778188,217.16000000000014,0.7470817120622568
2024-01-01 01:26:12.000000,2024-01-01 01:26:16.000000,7,4.99964980544747,8.26,22.89057006550426,0.0390625,3321.833301480598,1284.9099999999999,0.622568093385214
2024-01-01 01:26:15.000000,2024-01-01 01:26:19.000000,7,-2.464863813229572,-5.11,47.68433815780382,0.0390625,3982.756998435402,633.47,-0.4980544747081712
2024-01-01 01:26:18.000000,2024-01-01 01:26:22.000000,7,-0.25894941634241314,10.07,42.152026355147946,0.05078125,5057.863732666272,66.54999999999978,-0.622568093385214
2024-01-01 01:26:21.000000,2024-01-01 01:26:25.000000,7,-0.5470817120622569,0.06,25.81254135221295,0.05859375,2325.5935520820444,140.59999999999982,-0.4980544747081712
2024-01-01 01:26:24.000000,2024-01-01 01:26:28.000000,7,-2.0078988326848237,1.74,47.54126756144708,0.04296875,4984.523905376524,516.0299999999997,-0.3735408560311284
2024-01-01 01:26:27.000000,2024-01-01 01:26:31.000000,7,0.873385214007782,-0.16,22.05040073286507,0.046875,2262.1568614702287,224.46,0.4980544747081712
2024-01-01 01:26:30.000000,2024-01-01 01:26:34.000000,7,1.4829182879377427,5.84,17.292166885354572,0.046875,2452.619351065363,381.11,-0.622568093385214
2024-01-01 01:26:33.000000,2024-01-01 01:26:37.000000,7,1.329260700389105,5.42,14.309679137892163,0.03515625,1605.601115921402,341.6199999999999,-0.4980544747081712
2024-01-01 01:26:36.000000,2024-01-01 01:26:40.000000,7,-0.30136186770428003,1.55,12.866192470383243,0.0546875,1857.0256769049865,77.45000000000002,0.622568093385214
2024-01-01 01:26:39.000000,2024-01-01 01:26:43.000000,7,0.9949027237354086,4.97,15.370650835908245,0.05859375,1869.5450060596747,255.69,0.7470817120622568
2024-01-01 01:26:42.000000,2024-01-01 01:26:46.000000,7,-0.8093774319066145,7.34,44.17364182000557,0.0546875,3790.885255803913,208.00999999999976,-0.4980544747081712
2024-01-01 01:26:45.000000,2024-01-01 01:26:49.000000,7,0.9988715953307401,2.85,39.47322559604302,0.046875,3667.6401074641085,256.71000000000004,0.622568093385214
2024-01-01 01:26:48.000000,2024-01-01 01:26:52.000000,7,0.923463035019455,6.73,17.793768442418752,0.0390625,2597.8250787840025,237.33000000000004,0.622568093385214
2024-01-01 01:26:51.000000,2024-01-01 01:26:55.000000,7,-1.0358365758754866,6.31,19.80379089391886,0.0390625,3032.891158948688,266.2099999999999,0.622568093385214
2024-01-01 01:26:54.000000,2024-01-01 01:26:58.000000,7,2.3959143968871595,8.85,21.110791191403003,0.0390625,3052.2491648180116,615.7499999999999,0.622568093385214
2024-01-01 01:26:57.000000,2024-01-01 01:27:01.000000,7,-0.0080544747081714,7.05,18.584608448932837,0.04296875,2120.0479929821695,2.0699999999999648,-0.622568093385214
2024-01-01 01:27:00.000000,2024-01-01 01:27:04.000000,7,-0.18867704280155645,7.07,15.969459298116435,0.0390625,2385.545916859932,48.48999999999994,-0.622568093385214
2024-01-01 01:27:03.000000,2024-01-01 01:27:07.000000,7,-0.5233852140077822,6.21,16.9416750337352,0.0390625,2736.8811102430873,134.50999999999996,-0.622568093385214
2024-01-01 01:27:06.000000,2024-01-01 01:27:10.000000,7,-0.33365758754863817,4.24,17.677883689119746,0.0390625,2442.6019991936764,85.74999999999999,0.622568093385214
2024-01-01 01:27:09.000000,2024-01-01 01:27:13.000000,7,-1.2403112840466926,1.44,18.091363268220654,0.04296875,2055.359821984509,318.76,0.622568093385214
2024-01-01 01:27:12.000000,2024-01-01 01:27:16.000000,7,-1.2050583657587548,-0.66,16.487170583342568,0.046875,1498.3042097841374,309.7,0.2490272373540856
2024-01-01 01:27:15.000000,2024-01-01 01:27:19.000000,7,2.222762645914397,9.29,21.1355309678063,0.05078125,2477.345412255081,571.25,0.7470817120622568
2024-01-01 01:27:18.000000,2024-01-01 01:27:22.000000,7,0.8354474708171203,5.66,19.807078336806622,0.03125,3081.7114855472287,214.70999999999992,0.4980544747081712
2024-01-01 01:27:21.000000,2024-01-01 01:27:25.000000,7,0.14377431906614793,8.78,23.936916135088165,0.03125,3487.3364950495334,36.949999999999946,0.4980544747081712
2024-01-01 01:27:24.000000,2024-01-01 01:27:28.000000,7,-1.0082490272373543,10.38,26.327873501177294,0.0390625,3853.825929683411,259.12,0.622568093385214
2024-01-01 01:27:27.000000,2024-01-01 01:27:31.000000,7,-0.6305447470817119,8.07,22.49890142489387,0.0390625,3440.5446227572916,162.05000000000007,0.622568093385214
2024-01-01 01:27:30.000000,2024-01-01 01:27:34.000000,7,-0.2912062256809337,5.6,18.581703190536945,0.0390625,2677.873851261896,74.84000000000003,-0.622568093385214
2024-01-01 01:27:33.000000,2024-01-01 01:27:37.000000,7,-1.6896108949416344,-2.09,22.245435746839302,0.0390625,3193.7538847413725,434.22999999999996,0.622568093385214
2024-01-01 01:27:36.000000,2024-01-01 01:27:40.000000,7,-5.554357976653698,-8.03,54.41724304933228,0.046875,6499.545441559587,1427.4699999999998,0.622568093385214
2024-01-01 01:27:39.000000,2024-01-01 01:27:43.000000,7,1.0626070038910507,12.47,48.722231167854545,0.04296875,5369.041715973713,273.08999999999975,0.622568093385214
2024-01-01 01:27:42.000000,2024-01-01 01:27:46.000000,7,-1.0566147859922177,4.74,17.836623966187855,0.0390625,2540.4353941275435,271.55,0.622568093385214
2024-01-01 01:27:45.000000,2024-01-01 01:27:49.000000,7,-1.045252918287938,4.41,17.112441381446388,0.0390625,2768.382195603815,268.62999999999994,0.622568093385214
2024-01-01 01:27:48.000000,2024-01-01 01:27:52.000000,7,-0.1255642023346305,4.43,15.206714869485731,0.0390625,2297.984560728813,32.26999999999995,-0.622568093385214
2024-01-01 01:27:51.000000,2024-01-01 01:27:55.000000,7,-0.39782101167315176,4.56,17.720842025944005,0.04296875,2809.7722886345805,102.23999999999988,0.622568093385214
2024-01-01 01:27:54.000000,2024-01-01 01:27:58.000000,7,-0.06042801556420237,5.29,15.929905353821539,0.0390625,2525.8418051152216,15.530000000000129,0.622568093385214
2024-01-01 01:27:57.000000,2024-01-01 01:28:01.000000,7,0.04089494163424099,3.93,14.323900548744598,0.04296875,2177.485911111909,10.510000000000003,0.622568093385214
2024-01-01 01:28:00.000000,2024-01-01 01:28:04.000000,7,0.5564980544747081,5.79,16.442768838108524,0.0390625,2311.7894220576613,143.01999999999992,0.622568093385214
2024-01-01 01:28:03.000000,2024-01-01 01:28:07.000000,7,0.02428015564202316,2.69,15.716673482601406,0.03515625,1668.2819668596583,6.2400000000000055,0.622568093385214
2024-01-01 01:28:06.000000,2024-01-01 01:28:10.000000,7,-0.20992217898832702,5.12,16.544530180702324,0.03515625,2419.42916106164,53.94999999999999,0.622568093385214
2024-01-01 01:28:09.000000,2024-01-01 01:28:13.000000,7,0.20859922178988322,4.17,16.920947711864596,0.03515625,2410.4199691924027,53.60999999999997,0.622568093385214
2024-01-01 01:28:12.000000,2024-01-01 01:28:16.000000,7,0.5018677042801555,0.76,18.43026532884984,0.04296875,2109.0788974836446,128.97999999999988,-0.622568093385214
2024-01-01 01:28:15.000000,2024-01-01 01:28:19.000000,7,2.671167315175097,10.34,18.018886126112314,0.0390625,2289.783785334786,686.49,-0.622568093385214
2024-01-01 01:28:18.000000,2024-01-01 01:28:22.000000,7,-2.0038132295719846,4.06,15.22001974464818,0.0390625,2207.4595702388574,514.9799999999999,-0.622568093385214
2024-01-01 01:28:21.000000,2024-01-01 01:28:25.000000,7,1.3526459143968872,8.19,15.155260045089623,0.0390625,1731.8662550014733,347.63,0.622568093385214
2024-01-01 01:28:24.000000,2024-01-01 01:28:28.000000,7,1.260311284046693,6.6,15.466037284247179,0.04296875,1829.7036289958548,323.9,0.622568093385214
2024-01-01 01:28:27.000000,2024-01-01 01:28:31.000000,7,-3.5022957198443585,0.58,28.230909834784065,0.05078125,2703.1860341969336,900.0899999999998,0.3735408560311284
2024-01-01 01:28:30.000000,2024-01-01 01:28:34.000000,7,7.074980544747081,2.85,35.17879250748632,0.04296875,2987.218009909634,1818.2699999999998,-0.622568093385214
2024-01-01 01:28:33.000000,2024-01-01 01:28:37.000000,7,-2.4924902723735403,1.38,35.30056543933565,0.04296875,2907.4754927858435,640.57,-0.622568093385214
2024-01-01 01:28:36.000000,2024-01-01 01:28:40.000000,7,4.439961089494164,7.1,26.841494542878102,0.03515625,2816.459398534163,1141.0699999999997,-0.4980544747081712
2024-01-01 01:28:39.000000,2024-01-01 01:28:43.000000,7,-3.4769649805447473,2.36,17.760894943391087,0.03515625,2065.1747587654804,893.5799999999999,0.622568093385214
2024-01-01 01:28:42.000000,2024-01-01 01:28:46.000000,7,-0.612568093385214,4.17,18.753675025788528,0.03515625,2676.8640407004154,157.4300000000001,-0.622568093385214
2024-01-01 01:28:45.000000,2024-01-01 01:28:49.000000,7,0.28595330739299635,7.32,18.779098773578323,0.03515625,3048.934089810644,73.48999999999995,-0.622568093385214
2024-01-01 01:28:48.000000,2024-01-01 01:28:52.000000,7,-0.6216731517509725,6.78,19.603400014066516,0.0390625,3170.16134507526,159.76999999999995,0.622568093385214
2024-01-01 01:28:51.000000,2024-01-01 01:28:55.000000,7,0.8307003891050586,9.07,19.602975407321175,0.04296875,3005.3189385430305,213.49000000000007,0.622568093385214
2024-01-01 01:28:54.000000,2024-01-01 01:28:58.000000,7,0.45147859922178996,6.49,17.59809291848705,0.0390625,2665.438878235873,116.03000000000004,0.622568093385214
2024-01-01 01:28:57.000000,2024-01-01 01:29:01.000000,7,-1.77011673151751,1.35,19.805753296913384,0.03515625,2151.453036323639,454.9199999999998,-0.4980544747081712
2024-01-01 01:29:00.000000,2024-01-01 01:29:04.000000,7,-3.2354474708171197,3.14,47.32000229378844,0.04296875,3595.4838913643543,831.5100000000001,0.7470817120622568
2024-01-01 01:29:03.000000,2024-01-01 01:29:07.000000,7,-0.23011673151750967,-4.24,60.19182722296645,0.046875,6456.5687838326085,59.140000000000654,-0.622568093385214
2024-01-01 01:29:06.000000,2024-01-01 01:29:10.000000,7,3.623268482490272,6.09,19.85776354147268,0.05078125,2789.8086514782376,931.1800000000001,-0.622568093385214
2024-01-01 01:29:09.000000,2024-01-01 01:29:13.000000,7,-2.6813618677042803,-0.15,14.573945719714908,0.03515625,1503.6656576894698,689.1099999999999,-0.4980544747081712
2024-01-01 01:29:12.000000,2024-01-01 01:29:16.000000,7,0.11828793774319057,5.05,16.060546311960962,0.0390625,2280.9606945012206,30.399999999999963,0.622568093385214
2024-01-01 01:29:15.000000,2024-01-01 01:29:19.000000,7,0.7198832684824905,5.23,18.16662037059853,0.0390625,2887.262049471917,185.01000000000002,-0.622568093385214
2024-01-01 01:29:18.000000,2024-01-01 01:29:22.000000,7,-1.430972762645914,1.32,15.200894769203927,0.03515625,1644.0590837916197,367.76,-0.4980544747081712
2024-01-01 01:29:21.000000,2024-01-01 01:29:25.000000,7,-0.37587548638132284,4.95,15.503450425935377,0.03515625,2454.5910317312764,96.5999999999999,-0.622568093385214
2024-01-01 01:29:24.000000,2024-01-01 01:29:28.000000,7,-0.5227237354085602,4.33,13.485491493955122,0.0390625,1993.4211315568432,134.33999999999992,-0.622568093385214
2024-01-01 01:29:27.000000,2024-01-01 01:29:31.000000,7,-1.277704280155642,1.55,12.40380321361993,0.0390625,1701.2260061106203,328.36999999999995,0.622568093385214
2024-01-01 01:29:30.000000,2024-01-01 01:29:34.000000,7,-0.31163424124513633,3.19,14.337971482224152,0.0390625,1557.6142009170321,80.08999999999995,-0.622568093385214
2024-01-01 01:29:33.000000,2024-01-01 01:29:37.000000,7,-0.32443579766536973,3.58,14.177772924214453,0.03515625,1455.0912505839635,83.37999999999998,0.622568093385214
2024-01-01 01:29:36.000000,2024-01-01 01:29:40.000000,7,-0.5143579766536962,3.77,14.76903257228963,0.0390625,2318.1372827147934,132.18999999999997,0.622568093385214
2024-01-01 01:29:39.000000,2024-01-01 01:29:43.000000,7,-1.6293774319066145,0.24,13.29972437161368,0.0390625,1944.9797618371194,418.75,0.622568093385214
2024-01-01 01:29:42.000000,2024-01-01 01:29:46.000000,7,0.660272373540856,3.34,16.099607293460544,0.04296875,2155.0045749382316,169.68999999999997,0.622568093385214
2024-01-01 01:29:45.000000,2024-01-01 01:29:49.000000,7,-1.1231906614785996,1.47,13.468259936510451,0.03515625,1550.448482146845,288.65999999999997,-0.622568093385214
2024-01-01 01:29:48.000000,2024-01-01 01:29:52.000000,7,-0.2497276264591438,5.04,13.573482546537125,0.0390625,2114.282485920181,64.18000000000004,-0.622568093385214
2024-01-01 01:29:51.000000,2024-01-01 01:29:55.000000,7,-0.007276264591439651,5.93,13.836712106829646,0.0390625,2170.56911155044,1.8699999999999193,-0.622568093385214
2024-01-01 01:29:54.000000,2024-01-01 01:29:58.000000,7,0.3947470817120624,5.85,14.440829757875369,0.0390625,2327.9762681995007,101.4500000000001,0.622568093385214
2024-01-01 01:29:57.000000,2024-01-01 01:30:01.000000,7,0.17754863813229577,6.49,14.456234213626544,0.03515625,1784.1631112160055,45.62999999999996,0.4980544747081712
2024-01-01 01:30:00.000000,2024-01-01 01:30:04.000000,7,-0.16428015564202333,3.93,13.89170018221154,0.0390625,1888.7570229304233,42.21999999999992,-0.622568093385214
2024-01-01 01:30:03.000000,2024-01-01 01:30:07.000000,7,0.020933852140078025,1.22,12.133249283972274,0.05859375,1418.4685984490184,5.380000000000049,0.622568093385214
2024-01-01 01:30:06.000000,2024-01-01 01:30:10.000000,7,-1.2369260700389104,0.89,13.468100603775556,0.046875,1828.722792054744,317.89,0.622568093385214
2024-01-01 01:30:09.000000,2024-01-01 01:30:13.000000,7,-0.08848249027237358,1.9,15.580537025927375,0.04296875,2252.032158189162,22.740000000000048,0.622568093385214
2024-01-01 01:30:12.000000,2024-01-01 01:30:16.000000,7,-0.42365758754863814,0.5,15.268778955389516,0.03515625,1846.2667639072235,108.88,0.4980544747081712
2024-01-01 01:30:15.000000,2024-01-01 01:30:19.000000,7,0.4857976653696498,5.07,14.379942528228366,0.0390625,2267.5661614037767,124.84999999999998,0.622568093385214
2024-01-01 01:30:18.000000,2024-01-01 01:30:22.000000,7,-0.47058365758754855,4.41,16.26364019019537,0.0390625,2228.4533125286316,120.94000000000004,0.622568093385214
2024-01-01 01:30:21.000000,2024-01-01 01:30:25.000000,7,1.946731517509728,6.8,19.757686642489087,0.0390625,2351.5634596163577,500.3099999999999,0.622568093385214
2024-01-01 01:30:24.000000,2024-01-01 01:30:28.000000,7,-1.6782101167315175,0.76,36.56948876457741,0.0390625,5186.40352321357,431.2999999999998,-0.622568093385214
2024-01-01 01:30:27.000000,2024-01-01 01:30:31.000000,7,2.60704280155642,-0.63,33.54224163697646,0.05078125,3257.2998329634474,670.0099999999998,0.7470817120622568
2024-01-01 01:30:30.000000,2024-01-01 01:30:34.000000,7,0.009182879377431738,0.27,36.0565171233174,0.05078125,3245.6346682806957,2.3600000000000882,0.3735408560311284
2024-01-01 01:30:33.000000,2024-01-01 01:30:37.000000,7,-0.2815953307392992,12.47,62.77979844159151,0.0390625,7579.427186787101,72.37000000000036,-0.622568093385214
2024-01-01 01:30:36.000000,2024-01-01 01:30:40.000000,7,6.0183268482490275,4.76,31.7642672410604,0.05859375,2140.6290767305622,1546.7099999999996,-0.2490272373540856
2024-01-01 01:30:39.000000,2024-01-01 01:30:43.000000,7,-5.976459143968872,-2.46,43.45206863952496,0.05078125,3482.9090746113534,1535.95,0.4980544747081712
2024-01-01 01:30:42.000000,2024-01-01 01:30:46.000000,7,3.565175097276265,5.16,39.72544993732769,0.046875,3841.1928997050654,916.2499999999999,0.4980544747081712
2024-01-01 01:30:45.000000,2024-01-01 01:30:49.000000,7,-4.3068871595330736,-6.34,30.70977364461716,0.03125,3092.442352902315,1106.8700000000001,0.4980544747081712
2024-01-01 01:30:48.000000,2024-01-01 01:30:52.000000,7,2.2631517509727628,4.46,23.12280801664318,0.03515625,1956.8302984851896,581.6300000000002,-0.3735408560311284
2024-01-01 01:30:51.000000,2024-01-01 01:30:55.000000,7,2.7483657587548644,5.79,46.052673727755206,0.05859375,3794.5386876635775,706.33,0.622568093385214
2024-01-01 01:30:54.000000,2024-01-01 01:30:58.000000,7,-4.10408560311284,3.96,44.66379314398037,0.04296875,3610.1937382595734,1054.7500000000002,-0.622568093385214
2024-01-01 01:30:57.000000,2024-01-01 01:31:01.000000,7,0.5809338521400781,-0.05,26.278553739209332,0.046875,2201.4977940212134,149.3,0.8715953307392996
2024-01-01 01:31:00.000000,2024-01-01 01:31:04.000000,7,-1.0945525291828795,-2.31,15.8404790229934,0.04296875,1607.7164023406044,281.29999999999995,0.622568093385214
2024-01-01 01:31:03.000000,2024-01-01 01:31:07.000000,7,-1.2054863813229582,0.19,30.171111167454796,0.05859375,2071.3689191223084,309.81000000000006,0.622568093385214
2024-01-01 01:31:06.000000,2024-01-01 01:31:10.000000,7,-5.235564202334631,-7.51,44.91877213819507,0.046875,5982.378213474973,1345.54,-0.622568093385214
2024-01-01 01:31:09.000000,2024-01-01 01:31:13.000000,7,3.687354085603112,9.59,24.561811011391033,0.0390625,3473.718838081477,947.6500000000001,-0.622568093385214
2024-01-01 01:31:12.000000,2024-01-01 01:31:16.000000,7,-1.6028015564202334,0.57,11.733447114259416,0.046875,1691.417872227103,411.92,0.622568093385214
2024-01-01 01:31:15.000000,2024-01-01 01:31:19.000000,7,0.37649805447470813,3.78,13.592008372375393,0.046875,1506.4741968958435,96.75999999999999,0.622568093385214
2024-01-01 01:31:18.000000,2024-01-01 01:31:22.000000,7,0.006342412451361878,4.17,14.097017437468674,0.03125,1900.0135380441486,1.6299999999998764,-0.4980544747081712
2024-01-01 01:31:21.000000,2024-01-01 01:31:25.000000,7,-0.10961089494163424,3.11,14.621856654867942,0.03515625,1997.0014193307647,28.16999999999997,-0.4980544747081712
2024-01-01 01:31:24.000000,2024-01-01 01:31:28.000000,7,-0.7645914396887155,5.13,13.776716740531207,0.03515625,2195.1657323924587,196.49999999999994,0.622568093385214
2024-01-01 01:31:27.000000,2024-01-01 01:31:31.000000,7,0.32019455252918294,2.7,10.869013526540781,0.03515625,1284.2444645124115,82.29000000000006,0.622568093385214
2024-01-01 01:31:30.000000,2024-01-01 01:31:34.000000,7,-0.6005058365758755,1.44,11.752092871165756,0.046875,1643.8144507530442,154.33000000000007,-0.622568093385214
2024-01-01 01:31:33.000000,2024-01-01 01:31:37.000000,7,0.9848638132295721,3.49,13.52336326456133,0.04296875,1907.32003232393,253.11000000000004,-0.622568093385214
2024-01-01 01:31:36.000000,2024-01-01 01:31:40.000000,7,0.13482490272373543,-0.42,32.54567814152714,0.07421875,3280.013521831215,34.649999999999864,-0.8715953307392996
2024-01-01 01:31:39.000000,2024-01-01 01:31:43.000000,7,2.2635408560311285,4.54,38.96844045976807,0.0703125,3473.327531888244,581.7300000000001,0.4980544747081712
2024-01-01 01:31:42.000000,2024-01-01 01:31:46.000000,7,-1.5746303501945529,2.09,71.74742747429507,0.0546875,6771.789856007227,404.67999999999995,0.7470817120622568
2024-01-01 01:31:45.000000,2024-01-01 01:31:49.000000,7,2.905097276264592,2.85,127.63723841636856,0.05078125,14273.88519625185,746.6099999999994,-0.622568093385214
2024-01-01 01:31:48.000000,2024-01-01 01:31:52.000000,7,0.37171206225680903,-0.83,44.42582694989925,0.05859375,3554.6347933731463,95.52999999999987,0.9961089494163424
2024-01-01 01:31:51.000000,2024-01-01 01:31:55.000000,7,3.010894941634241,7.85,21.409340405949592,0.03515625,2552.87137804696,773.8000000000002,0.4980544747081712
2024-01-01 01:31:54.000000,2024-01-01 01:31:58.000000,7,0.269299610894942,4.97,14.538414722126305,0.0390625,2333.513937648508,69.21000000000004,0.622568093385214
2024-01-01 01:31:57.000000,2024-01-01 01:32:01.000000,7,-0.36645914396887186,4.69,14.713759859744831,0.03515625,1597.3986365944606,94.18000000000004,-0.622568093385214
2024-01-01 01:32:00.000000,2024-01-01 01:32:04.000000,7,0.28186770428015573,4.44,13.677189396191913,0.046875,1985.0222426540115,72.44000000000007,0.622568093385214
2024-01-01 01:32:03.000000,2024-01-01 01:32:07.000000,7,0.7463813229571984,7.47,14.495337954007823,0.04296875,1930.371794320065,191.82,-0.622568093385214
2024-01-01 01:32:06.000000,2024-01-01 01:32:10.000000,7,-0.2891439688715953,6.46,20.37788844668648,0.0390625,2341.5496191796224,74.31000000000013,0.622568093385214
2024-01-01 01:32:09.000000,2024-01-01 01:32:13.000000,7,1.5289883268482483,1.57,36.364680470083464,0.05859375,4178.574614205485,392.94999999999993,0.622568093385214
2024-01-01 01:32:12.000000,2024-01-01 01:32:16.000000,7,-2.4396108949416346,2.1,85.55977427088916,0.04296875,9418.691237739396,626.98,-0.622568093385214
2024-01-01 01:32:15.000000,2024-01-01 01:32:19.000000,7,8.31591439688716,4.41,56.75815089490026,0.0625,4927.761516534887,2137.1899999999996,-0.622568093385214
2024-01-01 01:32:18.000000,2024-01-01 01:32:22.000000,7,5.1466926070038905,16.23,32.70702230651771,0.0390625,3440.6501099433403,1322.7000000000003,-0.4980544747081712
2024-01-01 01:32:21.000000,2024-01-01 01:32:25.000000,7,-2.3312062256809343,6.39,63.55778717552013,0.03515625,6124.922927374386,599.1199999999997,-0.4980544747081712
2024-01-01 01:32:24.000000,2024-01-01 01:32:28.000000,7,-2.3022178988326845,-6.91,29.876132982948697,0.05078125,2289.6960621895896,591.6699999999998,-0.622568093385214
2024-01-01 01:32:27.000000,2024-01-01 01:32:31.000000,7,-1.8563035019455254,-1.76,33.0739119357788,0.06640625,3439.3768436361706,477.07000000000016,0.622568093385214
2024-01-01 01:32:30.000000,2024-01-01 01:32:34.000000,7,0.15945525291828844,-0.37,57.49897339177754,0.0546875,4786.780756380683,40.97999999999987,-0.3735408560311284
2024-01-01 01:32:33.000000,2024-01-01 01:32:37.000000,7,2.9864591439688715,-7.32,43.94210079387407,0.04296875,4701.6143208773765,767.5200000000001,-0.3735408560311284
2024-01-01 01:32:36.000000,2024-01-01 01:32:40.000000,7,0.8114785992217899,0.92,23.56068614024122,0.0703125,1921.4168619334582,208.54999999999993,-0.622568093385214
2024-01-01 01:32:39.000000,2024-01-01 01:32:43.000000,7,1.1233852140077805,2.82,40.37233523302109,0.05859375,3705.2035737158594,288.7100000000001,0.8715953307392996
2024-01-01 01:32:42.000000,2024-01-01 01:32:46.000000,7,3.036303501945526,5.59,61.61191671425588,0.04296875,5385.731031935039,780.3299999999999,-0.622568093385214
2024-01-01 01:32:45.000000,2024-01-01 01:32:49.000000,7,-0.4363035019455248,7.23,76.77458442242232,0.0390625,7238.150072362807,112.1299999999995,0.4980544747081712
2024-01-01 01:32:48.000000,2024-01-01 01:32:52.000000,7,2.807120622568094,-0.02,35.08520907138862,0.04296875,3270.772737821525,721.4299999999998,0.622568093385214
2024-01-01 01:32:51.000000,2024-01-01 01:32:55.000000,7,-0.670739299610895,3.04,22.96140878935626,0.0546875,3214.1277450754646,172.37999999999994,0.622568093385214
2024-01-01 01:32:54.000000,2024-01-01 01:32:58.000000,7,-0.841906614785992,3.59,23.20926288058272,0.03515625,3002.0646362394004,216.36999999999995,-0.622568093385214
2024-01-01 01:32:57.000000,2024-01-01 01:33:01.000000,7,0.01431906614786017,4.95,16.579100537489182,0.03515625,1886.9217887778798,3.679999999999927,0.622568093385214
2024-01-01 01:33:00.000000,2024-01-01 01:33:04.000000,7,-3.3108171206225685,2.7,22.930616484878477,0.03515625,2428.08132231127,850.8799999999999,0.3735408560311284
2024-01-01 01:33:03.000000,2024-01-01 01:33:07.000000,7,2.3715175097276266,7.03,19.20522531314835,0.05078125,2048.7623407117762,609.48,0.4980544747081712
2024-01-01 01:33:06.000000,2024-01-01 01:33:10.000000,7,-1.8415953307392992,2.71,18.430446494641767,0.046875,2400.0734860541515,473.2900000000001,0.622568093385214
2024-01-01 01:33:09.000000,2024-01-01 01:33:13.000000,7,3.625719844357977,11.16,20.52897653811452,0.0390625,2903.698219983743,931.81,0.622568093385214
2024-01-01 01:33:12.000000,2024-01-01 01:33:16.000000,7,-2.7086381322957203,-2.64,22.427041035822064,0.046875,2221.3589415302717,696.12,0.622568093385214
2024-01-01 01:33:15.000000,2024-01-01 01:33:19.000000,7,-0.16731517509727625,3.22,18.415317932645983,0.04296875,2416.968175820717,43.00000000000009,0.622568093385214
2024-01-01 01:33:18.000000,2024-01-01 01:33:22.000000,7,-0.5585992217898833,3.65,16.257758207588328,0.0390625,2341.608990899755,143.55999999999995,0.622568093385214
2024-01-01 01:33:21.000000,2024-01-01 01:33:25.000000,7,0.5692217898832688,6.04,18.385007951066356,0.046875,2697.953148970452,146.29000000000002,-0.622568093385214
2024-01-01 01:33:24.000000,2024-01-01 01:33:28.000000,7,-0.1445525291828793,4.37,20.260213895320646,0.04296875,2084.1035915425546,37.15000000000009,-0.7470817120622568
2024-01-01 01:33:27.000000,2024-01-01 01:33:31.000000,7,0.22708171206225708,4.86,24.477576896972536,0.03515625,3531.7067264168186,58.360000000000014,0.4980544747081712
2024-01-01 01:33:30.000000,2024-01-01 01:33:34.000000,7,-1.3305447470817122,1.66,15.719622108477713,0.0546875,1845.5308514462545,341.95000000000005,-0.622568093385214
2024-01-01 01:33:33.000000,2024-01-01 01:33:37.000000,7,1.279805447470817,5.83,18.06389478722339,0.04296875,1725.0708754733503,328.90999999999997,0.622568093385214
2024-01-01 01:33:36.000000,2024-01-01 01:33:40.000000,7,-0.7807003891050583,2.85,18.57009771635677,0.05859375,1990.3087359662575,200.64000000000004,0.622568093385214
2024-01-01 01:33:39.000000,2024-01-01 01:33:43.000000,7,1.2219455252918288,10.08,23.077626545669638,0.0390625,2835.339421229552,314.03999999999996,0.622568093385214
2024-01-01 01:33:42.000000,2024-01-01 01:33:46.000000,7,-1.7890661478599221,2.02,21.99635168398986,0.04296875,2658.2978363013112,459.78999999999996,0.622568093385214
2024-01-01 01:33:45.000000,2024-01-01 01:33:49.000000,7,-1.2101167315175096,3.21,18.844915479763912,0.046875,2060.6314495315487,311.00000000000006,-0.622568093385214
2024-01-01 01:33:48.000000,2024-01-01 01:33:52.000000,7,0.579727626459144,4.51,15.844370535300477,0.0390625,2300.353700684856,148.98999999999998,0.622568093385214
2024-01-01 01:33:51.000000,2024-01-01 01:33:55.000000,7,-1.221089494163424,3.04,16.9600289392697,0.03515625,1961.150233638965,313.81999999999994,0.622568093385214
2024-01-01 01:33:54.000000,2024-01-01 01:33:58.000000,7,1.2992607003891055,4.19,16.651745399264485,0.0390625,2161.4783166877705,333.90999999999985,0.622568093385214
2024-01-01 01:33:57.000000,2024-01-01 01:34:01.000000,7,-1.1856420233463036,3.02,19.607097837807423,0.05078125,2361.248903703154,304.71000000000015,-0.7470817120622568
2024-01-01 01:34:00.000000,2024-01-01 01:34:04.000000,7,5.116459143968871,12.48,28.31094890051795,0.03515625,3633.44454763034,1314.9299999999998,0.4980544747081712
2024-01-01 01:34:03.000000,2024-01-01 01:34:07.000000,7,-0.37626459143968866,5.15,23.806783009096755,0.03125,3631.710777831406,96.69999999999995,-0.4980544747081712
2024-01-01 01:34:06.000000,2024-01-01 01:34:10.000000,7,-2.1575486381322957,0.32,56.737273908850945,0.046875,5246.304002607501,554.49,0.622568093385214
2024-01-01 01:34:09.000000,2024-01-01 01:34:13.000000,7,1.2626070038910489,16.05,69.9835080559528,0.05859375,5653.388570934598,324.49000000000024,-0.7470817120622568
2024-01-01 01:34:12.000000,2024-01-01 01:34:16.000000,7,3.2592607003891065,-3.8,51.32801265815456,0.07421875,4586.463751716701,837.6299999999998,0.7470817120622568
2024-01-01 01:34:15.000000,2024-01-01 01:34:19.000000,7,-2.701284046692607,1.35,27.299320867544644,0.0546875,2300.921601876352,694.2299999999997,0.7470817120622568
2024-01-01 01:34:18.000000,2024-01-01 01:34:22.000000,7,0.21774319066147874,3.76,16.01893504709868,0.05859375,2089.3428758715468,55.959999999999994,-0.622568093385214
2024-01-01 01:34:21.000000,2024-01-01 01:34:25.000000,7,2.189649805447471,7.76,16.957616267808984,0.04296875,1416.3863224678464,562.74,0.3735408560311284
2024-01-01 01:34:24.000000,2024-01-01 01:34:28.000000,7,1.6907392996108952,4.88,16.83387075302131,0.05078125,2295.3783223116134,434.5199999999999,0.7470817120622568
2024-01-01 01:34:27.000000,2024-01-01 01:34:31.000000,7,0.8863035019455252,6.76,16.956139143151123,0.03125,2639.7943267406645,227.78,0.4980544747081712
2024-01-01 01:34:30.000000,2024-01-01 01:34:34.000000,7,-0.3321011673151751,3.39,13.237584493558483,0.03515625,1879.9581546262477,85.34999999999998,0.4980544747081712
2024-01-01 01:34:33.000000,2024-01-01 01:34:37.000000,7,0.3205058365758757,3.59,15.435388169600886,0.046875,2091.8071078021867,82.37000000000005,-0.622568093385214
2024-01-01 01:34:36.000000,2024-01-01 01:34:40.000000,7,1.8891439688715952,6.95,16.004437203533538,0.046875,1957.3704516029359,485.5099999999999,0.622568093385214
2024-01-01 01:34:39.000000,2024-01-01 01:34:43.000000,7,0.44501945525291836,5.25,15.119612964326377,0.0390625,2214.149342637718,114.37000000000002,0.622568093385214
2024-01-01 01:34:42.000000,2024-01-01 01:34:46.000000,7,-0.8068871595330738,4.42,14.660556578064266,0.03515625,2299.6635456413987,207.36999999999998,0.622568093385214
2024-01-01 01:34:45.000000,2024-01-01 01:34:49.000000,7,-1.6358365758754863,2.49,13.94176695405978,0.0390625,2138.10163923969,420.40999999999997,-0.622568093385214
2024-01-01 01:34:48.000000,2024-01-01 01:34:52.000000,7,-0.8641245136186771,2.65,16.066416379071153,0.05078125,1653.322166493035,222.08000000000004,0.7470817120622568
2024-01-01 01:34:51.000000,2024-01-01 01:34:55.000000,7,-0.5567315175097275,3.49,16.076032171187073,0.03515625,1759.964108724872,143.07999999999993,-0.622568093385214
2024-01-01 01:34:54.000000,2024-01-01 01:34:58.000000,7,-0.13879377431906595,4.25,15.49913000659105,0.03515625,2151.2152177916714,35.67000000000009,-0.622568093385214
2024-01-01 01:34:57.000000,2024-01-01 01:35:01.000000,7,-1.2596887159533074,2.43,16.69462438920007,0.04296875,1466.2331303801836,323.74,0.7470817120622568
2024-01-01 01:35:00.000000,2024-01-01 01:35:04.000000,7,1.109027237354086,5.59,15.147152251022684,0.0390625,2204.0167135150755,285.02,0.622568093385214
2024-01-01 01:35:03.000000,2024-01-01 01:35:07.000000,7,-1.8482101167315172,-2.92,15.406634525710132,0.0390625,2152.3835608129266,474.99,-0.622568093385214
2024-01-01 01:35:06.000000,2024-01-01 01:35:10.000000,7,-1.0342023346303504,2.84,13.788157291318909,0.04296875,2119.634640484739,265.79,0.622568093385214
2024-01-01 01:35:09.000000,2024-01-01 01:35:13.000000,7,-0.812101167315175,4.24,14.761974729405287,0.0390625,1899.8682042962616,208.70999999999992,0.622568093385214
2024-01-01 01:35:12.000000,2024-01-01 01:35:16.000000,7,0.5922178988326849,6.32,15.28981667286546,0.0390625,2364.323566358656,152.19999999999996,0.622568093385214
2024-01-01 01:35:15.000000,2024-01-01 01:35:19.000000,7,0.36206225680933857,5.61,14.993746171191136,0.0390625,2322.897935675378,93.05000000000001,0.622568093385214
2024-01-01 01:35:18.000000,2024-01-01 01:35:22.000000,7,-0.9088326848249025,3.1,13.532499833994184,0.03515625,2101.472214105811,233.57000000000005,-0.622568093385214
2024-01-01 01:35:21.000000,2024-01-01 01:35:25.000000,7,-0.29968871595330754,0.57,15.89119060880033,0.02734375,1683.9944882473405,77.02,-0.622568093385214
2024-01-01 01:35:24.000000,2024-01-01 01:35:28.000000,7,-0.7943190661478601,2.31,14.429287153465834,0.0390625,1512.34550407199,204.14000000000004,0.622568093385214
2024-01-01 01:35:27.000000,2024-01-01 01:35:31.000000,7,2.2056420233463037,9.38,19.669829403082076,0.0390625,2878.5251350678677,566.8499999999999,0.622568093385214
2024-01-01 01:35:30.000000,2024-01-01 01:35:34.000000,7,0.15256809338521382,3.39,18.387297108102487,0.03515625,2176.497960158215,39.21000000000002,0.622568093385214
2024-01-01 01:35:33.000000,2024-01-01 01:35:37.000000,7,-2.19579766536965,2.5,14.897136897409203,0.03515625,1477.1972322844854,564.3199999999999,0.622568093385214
2024-01-01 01:35:36.000000,2024-01-01 01:35:40.000000,7,-0.03256809338521414,3.86,15.286134892170557,0.0390625,2219.6853180090816,8.370000000000035,0.622568093385214
2024-01-01 01:35:39.000000,2024-01-01 01:35:43.000000,7,0.2112062256809338,5.0,15.80743492569117,0.0390625,2241.8605054003483,54.28,0.622568093385214
2024-01-01 01:35:42.000000,2024-01-01 01:35:46.000000,7,-1.2848249027237357,2.02,15.63325717035249,0.03515625,1510.9082605495835,330.1999999999999,-0.4980544747081712
2024-01-01 01:35:45.000000,2024-01-01 01:35:49.000000,7,0.8536186770428014,7.21,17.740570925872138,0.03515625,2172.8902112598516,219.37999999999994,-0.622568093385214
2024-01-01 01:35:48.000000,2024-01-01 01:35:52.000000,7,-1.463657587548638,2.52,16.294445056361873,0.03515625,1680.485674516734,376.15999999999997,-0.4980544747081712
2024-01-01 01:35:51.000000,2024-01-01 01:35:55.000000,7,-1.0578210116731517,1.74,15.618638602514725,0.046875,2195.1980578659536,271.86,0.622568093385214
2024-01-01 01:35:54.000000,2024-01-01 01:35:58.000000,7,1.6035019455252917,7.02,16.58675561727557,0.0390625,2293.287170998978,412.1,0.622568093385214
2024-01-01 01:35:57.000000,2024-01-01 01:36:01.000000,7,1.2107003891050585,4.54,31.46776774000325,0.0390625,3651.665723174468,311.15,0.4980544747081712
2024-01-01 01:36:00.000000,2024-01-01 01:36:04.000000,7,1.0706614785992217,-3.47,42.61019907928572,0.04296875,4421.0330906493355,275.15999999999997,0.622568093385214
2024-01-01 01:36:03.000000,2024-01-01 01:36:07.000000,7,-1.448988326848249,4.93,42.49223846117391,0.0390625,3936.232724720402,372.3899999999999,-0.622568093385214
2024-01-01 01:36:06.000000,2024-01-01 01:36:10.000000,7,1.8117509727626466,1.89,42.77751529133317,0.046875,4820.795376982342,465.61999999999966,0.7470817120622568
2024-01-01 01:36:09.000000,2024-01-01 01:36:13.000000,7,0.4587548638132296,4.61,21.341054716492565,0.04296875,2827.5453888364887,117.89999999999995,0.622568093385214
2024-01-01 01:36:12.000000,2024-01-01 01:36:16.000000,7,-0.7631128404669262,3.86,18.965945644196687,0.0390625,2771.9586007301464,196.1199999999999,0.622568093385214
2024-01-01 01:36:15.000000,2024-01-01 01:36:19.000000,7,0.9049805447470817,4.21,14.552383774996326,0.0390625,2220.927640433617,232.58,0.622568093385214
2024-01-01 01:36:18.000000,2024-01-01 01:36:22.000000,7,-0.3187159533073931,0.85,12.575147780609123,0.04296875,1128.791481223751,81.91000000000003,0.622568093385214
2024-01-01 01:36:21.000000,2024-01-01 01:36:25.000000,7,-0.116342412451362,3.43,16.145216609952797,0.046875,2346.857064222065,29.89999999999998,0.622568093385214
2024-01-01 01:36:24.000000,2024-01-01 01:36:28.000000,7,0.6188715953307391,3.85,13.901798553374455,0.0390625,2161.3477403623015,159.05,-0.622568093385214
2024-01-01 01:36:27.000000,2024-01-01 01:36:31.000000,7,-0.9499610894941634,2.92,12.273704536339269,0.04296875,1712.5603274598932,244.1399999999999,0.622568093385214
2024-01-01 01:36:30.000000,2024-01-01 01:36:34.000000,7,0.7627237354085602,5.69,14.003879469937468,0.0390625,1997.9455907556164,196.01999999999998,0.622568093385214
2024-01-01 01:36:33.000000,2024-01-01 01:36:37.000000,7,-1.3983268482490272,1.2,16.495868846062727,0.03515625,2149.355744327228,359.36999999999995,-0.622568093385214
2024-01-01 01:36:36.000000,2024-01-01 01:36:40.000000,7,0.5308949416342414,5.88,16.05020481447436,0.03515625,2157.7349216597618,136.43999999999988,0.622568093385214
2024-01-01 01:36:39.000000,2024-01-01 01:36:43.000000,7,-1.880544747081712,0.52,28.926586719371876,0.046875,2641.4444873634156,483.30000000000007,0.622568093385214
2024-01-01 01:36:42.000000,2024-01-01 01:36:46.000000,7,2.2528015564202337,0.34,33.878030029550445,0.0390625,3482.053514753845,578.9699999999998,-0.4980544747081712
2024-01-01 01:36:45.000000,2024-01-01 01:36:49.000000,7,-0.5096498054474706,2.28,30.71223100134553,0.0390625,3047.527637786688,130.98000000000016,0.622568093385214
2024-01-01 01:36:48.000000,2024-01-01 01:36:52.000000,7,1.8490661478599222,10.28,30.16598504627378,0.0390625,4675.5017764041095,475.21000000000004,0.622568093385214
2024-01-01 01:36:51.000000,2024-01-01 01:36:55.000000,7,1.962412451361868,9.86,26.323135180290443,0.0390625,3606.933074872049,504.33999999999975,-0.622568093385214
2024-01-01 01:36:54.000000,2024-01-01 01:36:58.000000,7,0.9225291828793776,9.52,26.7883098232722,0.05078125,3599.3490326388674,237.08999999999986,-0.622568093385214
2024-01-01 01:36:57.000000,2024-01-01 01:37:01.000000,7,-0.953307392996109,4.65,26.58500926338087,0.04296875,3202.3254680143095,245.00000000000003,-0.7470817120622568
2024-01-01 01:37:00.000000,2024-01-01 01:37:04.000000,7,-0.344591439688716,5.12,23.620417510441744,0.0546875,2237.722336408488,88.56000000000002,0.7470817120622568
2024-01-01 01:37:03.000000,2024-01-01 01:37:07.000000,7,-1.9693774319066153,0.3,28.091143086805765,0.04296875,3790.480813759756,506.12999999999994,-0.622568093385214
2024-01-01 01:37:06.000000,2024-01-01 01:37:10.000000,7,-1.0473540856031132,7.91,29.35479174582132,0.0390625,4316.6821856311735,269.1700000000001,-0.622568093385214
2024-01-01 01:37:09.000000,2024-01-01 01:37:13.000000,7,-0.3260700389105057,5.09,29.09236260996088,0.04296875,3708.3124913895226,83.79999999999988,0.622568093385214
2024-01-01 01:37:12.000000,2024-01-01 01:37:16.000000,7,1.094669260700389,5.44,27.60859562403692,0.046875,3372.762609774483,281.3299999999999,0.622568093385214
2024-01-01 01:37:15.000000,2024-01-01 01:37:19.000000,7,-1.5335019455252905,1.29,49.2510162985341,0.046875,5911.042517149013,394.1099999999997,-0.4980544747081712
2024-01-01 01:37:18.000000,2024-01-01 01:37:22.000000,7,-6.183579766536964,1.11,59.60393511897065,0.05859375,4956.122382201721,1589.1799999999998,0.8715953307392996
2024-01-01 01:37:21.000000,2024-01-01 01:37:25.000000,7,4.616809338521402,10.24,57.51252989782888,0.0625,4462.828425647952,1186.5199999999993,-1.245136186770428
2024-01-01 01:37:24.000000,2024-01-01 01:37:28.000000,7,-1.9393385214007783,-7.02,71.37925714612483,0.046875,8842.959111686949,498.4100000000001,0.4980544747081712
2024-01-01 01:37:27.000000,2024-01-01 01:37:31.000000,7,1.276498054474708,-0.75,60.50948675776778,0.03515625,5968.936658931222,328.06000000000006,-0.622568093385214
2024-01-01 01:37:30.000000,2024-01-01 01:37:34.000000,7,-1.4876264591439703,13.54,72.15171938602657,0.046875,8986.926881846866,382.3200000000002,-0.622568093385214
2024-01-01 01:37:33.000000,2024-01-01 01:37:37.000000,7,-4.735175097276265,-4.48,55.68786778137252,0.05859375,5183.231982719218,1216.9399999999996,0.8715953307392996
2024-01-01 01:37:36.000000,2024-01-01 01:37:40.000000,7,-2.8837743190661485,0.69,32.615435753194305,0.0546875,3023.9377906045706,741.1300000000001,-0.622568093385214
2024-01-01 01:37:39.000000,2024-01-01 01:37:43.000000,7,-1.4898443579766534,9.59,35.98431443187339,0.0390625,3105.6130420384056,382.88999999999993,0.4980544747081712
2024-01-01 01:37:42.000000,2024-01-01 01:37:46.000000,7,-3.4301945525291817,4.0,30.01275112414933,0.0390625,2999.5406038532988,881.56,0.622568093385214
2024-01-01 01:37:45.000000,2024-01-01 01:37:49.000000,7,-0.7140856031128406,0.51,12.290558083678235,0.04296875,1560.901539104164,183.51999999999995,0.622568093385214
2024-01-01 01:37:48.000000,2024-01-01 01:37:52.000000,7,-0.7317509727626459,0.01,13.53880826897232,0.0625,1317.94598761889,188.05999999999995,0.622568093385214
2024-01-01 01:37:51.000000,2024-01-01 01:37:55.000000,7,2.9037743190661476,4.65,15.897320804014248,0.0390625,2198.895714983601,746.2699999999998,0.622568093385214
2024-01-01 01:37:54.000000,2024-01-01 01:37:58.000000,7,-2.2928015564202333,-1.26,14.410856853276371,0.03515625,1968.281715058181,589.2499999999999,0.4980544747081712
2024-01-01 01:37:57.000000,2024-01-01 01:38:01.000000,7,0.33712062256809333,4.76,13.766395064905325,0.046875,1644.258591051144,86.63999999999997,0.622568093385214
2024-01-01 01:38:00.000000,2024-01-01 01:38:04.000000,7,-0.1441245136186769,3.58,14.295575504878625,0.05078125,1911.7949825716057,37.039999999999985,0.622568093385214
2024-01-01 01:38:03.000000,2024-01-01 01:38:07.000000,7,0.6066147859922179,2.31,16.951535530887366,0.046875,2161.8372768716004,155.89999999999986,0.622568093385214
2024-01-01 01:38:06.000000,2024-01-01 01:38:10.000000,7,-0.48408560311284077,2.82,53.229075341943215,0.0390625,4701.248719081526,124.41000000000003,-0.2490272373540856
2024-01-01 01:38:09.000000,2024-01-01 01:38:13.000000,7,-1.6079377431906612,-1.81,48.69303898238288,0.06640625,4531.5936970934845,413.23999999999955,0.622568093385214
2024-01-01 01:38:12.000000,2024-01-01 01:38:16.000000,7,0.22859922178988293,-0.71,23.24372488366819,0.06640625,2426.9085254223883,58.74999999999996,-0.622568093385214
2024-01-01 01:38:15.000000,2024-01-01 01:38:19.000000,7,-0.18848249027237376,2.51,21.078620806638273,0.0390625,2155.582762912069,48.44000000000011,0.622568093385214
2024-01-01 01:38:18.000000,2024-01-01 01:38:22.000000,7,-1.290389105058366,3.95,32.15638088901262,0.06640625,3067.525386008768,331.6299999999997,-0.4980544747081712
2024-01-01 01:38:21.000000,2024-01-01 01:38:25.000000,7,2.0170428015564204,3.22,34.882979203270715,0.0390625,3909.85529317228,518.3799999999999,-0.7470817120622568
2024-01-01 01:38:24.000000,2024-01-01 01:38:28.000000,7,0.2279766536964983,6.75,50.30557003313674,0.03515625,4227.802270914865,58.59000000000029,0.3735408560311284
2024-01-01 01:38:27.000000,2024-01-01 01:38:31.000000,7,2.070661478599222,8.43,20.02946908888531,0.0390625,2503.8149930880804,532.16,0.622568093385214
2024-01-01 01:38:30.000000,2024-01-01 01:38:34.000000,7,1.1217898832684825,4.33,15.152093112506055,0.03515625,1996.8130277017601,288.29999999999984,0.4980544747081712
2024-01-01 01:38:33.000000,2024-01-01 01:38:37.000000,7,0.7049027237354085,5.61,12.879809845283296,0.0390625,1703.8557066719554,181.16,0.622568093385214
2024-01-01 01:38:36.000000,2024-01-01 01:38:40.000000,7,0.7038910505836574,5.29,11.65231825595592,0.0390625,1464.7125629009686,180.89999999999998,0.622568093385214
2024-01-01 01:38:39.000000,2024-01-01 01:38:43.000000,7,-1.5554863813229574,2.44,14.127825901529066,0.05078125,1723.4522270612817,399.7599999999999,0.622568093385214
2024-01-01 01:38:42.000000,2024-01-01 01:38:46.000000,7,1.4133073929961069,-2.69,85.29038054110525,0.04296875,10536.058153218273,363.22000000000014,0.4980544747081712
2024-01-01 01:38:45.000000,2024-01-01 01:38:49.000000,7,9.132996108949415,4.65,63.344980593405296,0.0546875,4791.9218350034835,2347.1799999999994,0.4980544747081712
2024-01-01 01:38:48.000000,2024-01-01 01:38:52.000000,0,0.8889105058365756,5.45,15.443906476208205,0.03515625,2066.5173971109116,228.44999999999993,0.4980544747081712
2024-01-01 01:38:51.000000,2024-01-01 01:38:55.000000,6,1.7431906614785997,3.92,19.335674039483663,0.03125,2678.9957408392274,447.99999999999983,0.4980544747081712
2024-01-01 01:38:54.000000,2024-01-01 01:38:58.000000,6,0.6958754863813236,7.63,62.660492444527506,0.0625,6288.903251942471,178.84000000000003,-0.4980544747081712
2024-01-01 01:38:57.000000,2024-01-01 01:39:01.000000,6,3.928910505836576,2.66,52.00309519390037,0.06640625,5941.456535900821,1009.7300000000002,0.7470817120622568
2024-01-01 01:39:00.000000,2024-01-01 01:39:04.000000,6,-4.4615953307393,1.09,58.40240684406213,0.04296875,7010.33276790689,1146.63,0.7470817120622568
2024-01-01 01:39:03.000000,2024-01-01 01:39:07.000000,6,-0.9331517509727615,-2.34,93.27081328438595,0.03515625,10070.524475812908,239.8199999999994,0.622568093385214
2024-01-01 01:39:06.000000,2024-01-01 01:39:10.000000,6,-10.88980544747082,-11.73,83.59809968333686,0.03125,6672.922841162197,2798.6799999999994,0.7470817120622568
2024-01-01 01:39:09.000000,2024-01-01 01:39:13.000000,6,1.2461867704280154,12.92,47.01355147317877,0.04296875,4305.138177888307,320.26999999999975,0.2490272373540856
2024-01-01 01:39:12.000000,2024-01-01 01:39:16.000000,6,0.08754863813229528,0.21,23.225885592275628,0.05078125,1862.4458814459801,22.500000000000053,-0.622568093385214
2024-01-01 01:39:15.000000,2024-01-01 01:39:19.000000,6,-4.156887159533077,-5.92,48.591214126345655,0.03515625,3966.6860865753342,1068.3199999999997,-0.2490272373540856
2024-01-01 01:39:18.000000,2024-01-01 01:39:22.000000,6,-2.664513618677042,-4.91,50.302891946104026,0.04296875,4466.378701608759,684.7800000000003,0.7470817120622568
2024-01-01 01:39:21.000000,2024-01-01 01:39:25.000000,6,-1.8670038910505837,0.39,21.492371538470135,0.046875,1787.7306640957231,479.8199999999998,-0.622568093385214
2024-01-01 01:39:24.000000,2024-01-01 01:39:28.000000,6,-1.559066147859922,4.39,16.82109803099262,0.0390625,2657.6336623679185,400.67999999999995,0.622568093385214
2024-01-01 01:39:27.000000,2024-01-01 01:39:31.000000,6,-0.3031906614785992,4.7,15.040491959163514,0.0390625,2416.621683451619,77.91999999999994,-0.622568093385214
2024-01-01 01:39:30.000000,2024-01-01 01:39:34.000000,6,0.9648638132295719,4.87,12.807727071392756,0.0390625,1842.2391269530565,247.96999999999997,0.622568093385214
2024-01-01 01:39:33.000000,2024-01-01 01:39:37.000000,6,0.1814007782101167,4.21,12.489099011694382,0.0390625,1602.570909465108,46.619999999999976,0.622568093385214
2024-01-01 01:39:36.000000,2024-01-01 01:39:40.000000,6,0.4068093385214006,4.02,13.120803374266476,0.03515625,1821.6062300412575,104.55000000000003,0.622568093385214
2024-01-01 01:39:39.000000,2024-01-01 01:39:43.000000,6,-0.4308171206225682,2.8,11.869489367505697,0.0390625,1749.2619450732886,110.72000000000001,0.622568093385214
2024-01-01 01:39:42.000000,2024-01-01 01:39:46.000000,6,-0.6928015564202336,4.52,13.119617346101316,0.04296875,1678.6744049019574,178.04999999999998,0.7470817120622568
2024-01-01 01:39:45.000000,2024-01-01 01:39:49.000000,6,0.17334630350194552,5.73,13.7805671489243,0.03515625,2006.4480960518695,44.550000000000004,0.622568093385214
2024-01-01 01:39:48.000000,2024-01-01 01:39:52.000000,6,-0.5780544747081712,1.77,14.161962730767437,0.03515625,1692.1775350216146,148.56,0.4980544747081712
2024-01-01 01:39:51.000000,2024-01-01 01:39:55.000000,6,-0.6172762645914396,2.19,15.793381289397342,0.03515625,1748.9048505170642,158.6399999999999,0.622568093385214
2024-01-01 01:39:54.000000,2024-01-01 01:39:58.000000,6,0.6927237354085606,3.92,13.51535447610554,0.03515625,1902.0043323836915,178.02999999999992,0.622568093385214
2024-01-01 01:39:57.000000,2024-01-01 01:40:01.000000,6,-0.8659533073929961,2.54,11.63349803494466,0.0390625,1556.1773453570133,222.55000000000004,0.622568093385214
2024-01-01 01:40:00.000000,2024-01-01 01:40:04.000000,6,-0.807003891050584,7.36,54.45646816469685,0.0390625,6043.342986748485,207.3999999999999,-0.622568093385214
2024-01-01 01:40:03.000000,2024-01-01 01:40:07.000000,6,-2.040272373540856,1.97,52.50875227197748,0.0546875,5343.474270367935,524.3499999999999,0.622568093385214
2024-01-01 01:40:06.000000,2024-01-01 01:40:10.000000,6,1.4655642023346298,8.63,34.00272607081437,0.0546875,3145.443151021879,376.64999999999986,0.4980544747081712
2024-01-01 01:40:09.000000,2024-01-01 01:40:13.000000,6,1.4486770428015567,0.03,41.10470098144734,0.046875,3697.775692213286,372.3100000000001,0.8715953307392996
2024-01-01 01:40:12.000000,2024-01-01 01:40:16.000000,6,-1.7702334630350187,-2.96,47.29071668224412,0.05859375,4672.835546622157,454.95000000000005,0.7470817120622568
2024-01-01 01:40:15.000000,2024-01-01 01:40:19.000000,6,-4.4432295719844355,-7.14,29.49262161564307,0.07421875,2854.4276338925297,1141.9099999999999,-0.7470817120622568
2024-01-01 01:40:18.000000,2024-01-01 01:40:22.000000,6,5.809883268482491,7.22,43.33176026025188,0.07421875,2746.2773634231307,1493.1399999999999,0.2490272373540856
2024-01-01 01:40:21.000000,2024-01-01 01:40:25.000000,6,-1.134941634241245,21.57,121.37570763542632,0.02734375,9226.081596462589,291.6799999999999,0.4980544747081712
2024-01-01 01:40:24.000000,2024-01-01 01:40:28.000000,6,-1.1296887159533076,0.92,48.623587751627575,0.05859375,4643.254936734297,290.33,-0.8715953307392996
2024-01-01 01:40:27.000000,2024-01-01 01:40:31.000000,6,-1.5253307392996107,0.85,39.67553545031359,0.05859375,5169.9646081189785,392.00999999999976,0.7470817120622568
2024-01-01 01:40:30.000000,2024-01-01 01:40:34.000000,6,2.527081712062257,0.58,30.98906215249106,0.046875,3756.9720791737036,649.46,-0.7470817120622568
2024-01-01 01:40:33.000000,2024-01-01 01:40:37.000000,6,-3.2118677042801553,-6.13,23.866735210812863,0.046875,2463.3885652508143,825.4499999999999,0.7470817120622568
2024-01-01 01:40:36.000000,2024-01-01 01:40:40.000000,6,-3.122451361867705,7.95,48.70236892481952,0.03515625,4721.498018386655,802.4699999999998,-0.4980544747081712
2024-01-01 01:40:39.000000,2024-01-01 01:40:43.000000,6,-2.458677042801556,1.26,58.95537840413036,0.05078125,4282.516927464806,631.8800000000001,0.3735408560311284
2024-01-01 01:40:42.000000,2024-01-01 01:40:46.000000,6,-0.12416342412451369,-1.21,33.56026495381202,0.0546875,2806.571277191585,31.910000000000053,1.1206225680933852
2024-01-01 01:40:45.000000,2024-01-01 01:40:49.000000,6,-4.353657587548638,-3.51,34.04243245808891,0.08203125,2880.4617596846274,1118.8899999999999,1.1206225680933852
2024-01-01 01:40:48.000000,2024-01-01 01:40:52.000000,6,1.4426848249027246,-1.77,59.43940767993637,0.06640625,6006.713792412637,370.7700000000004,0.4980544747081712
2024-01-01 01:40:51.000000,2024-01-01 01:40:55.000000,6,-0.17587548638132303,4.65,44.843159753433255,0.046875,3987.6511334863812,45.20000000000016,-0.7470817120622568
2024-01-01 01:40:54.000000,2024-01-01 01:40:58.000000,6,1.7169260700389102,3.67,34.7753874030135,0.05859375,3009.7799849164003,441.25,0.7470817120622568
2024-01-01 01:40:57.000000,2024-01-01 01:41:01.000000,6,-1.7380155642023345,-1.49,29.845524442531694,0.046875,3749.66052446921,446.6700000000002,0.7470817120622568
2024-01-01 01:41:00.000000,2024-01-01 01:41:04.000000,6,2.6382879377431907,2.19,24.722928917199376,0.046875,3189.039252446511,678.04,0.622568093385214
2024-01-01 01:41:03.000000,2024-01-01 01:41:07.000000,6,-0.4831517509727625,2.89,24.63821843408706,0.04296875,2546.899129217211,124.16999999999996,-0.7470817120622568
2024-01-01 01:41:06.000000,2024-01-01 01:41:10.000000,6,-0.28163424124513636,-2.71,30.005858484845472,0.05078125,2628.3239649068914,72.37999999999991,-0.4980544747081712
2024-01-01 01:41:09.000000,2024-01-01 01:41:13.000000,6,-0.3551750972762646,-1.76,29.64878060685006,0.046875,2594.6378108188815,91.2799999999998,0.7470817120622568
2024-01-01 01:41:12.000000,2024-01-01 01:41:16.000000,6,1.7965369649805454,3.69,22.650454294724792,0.0625,2412.3191869497296,461.70999999999987,0.4980544747081712
2024-01-01 01:41:15.000000,2024-01-01 01:41:19.000000,6,-1.4128404669260701,1.8,22.54124211744122,0.0390625,2254.9690654928236,363.09999999999997,-0.3735408560311284
2024-01-01 01:41:18.000000,2024-01-01 01:41:22.000000,6,2.1209727626459145,7.02,29.875461454125045,0.04296875,4205.607326817447,545.0899999999998,-0.7470817120622568
2024-01-01 01:41:21.000000,2024-01-01 01:41:25.000000,6,-1.1221011673151746,0.98,47.17161571497842,0.05078125,3435.8516956771214,288.3799999999995,-0.7470817120622568
2024-01-01 01:41:24.000000,2024-01-01 01:41:28.000000,6,2.3042023346303497,-8.56,51.71300054377187,0.05078125,4199.7722231335965,592.1800000000001,-0.3735408560311284
2024-01-01 01:41:27.000000,2024-01-01 01:41:31.000000,6,-7.018599221789883,-6.01,41.76382592438887,0.0703125,3398.9300866974772,1803.7799999999997,0.8715953307392996
2024-01-01 01:41:30.000000,2024-01-01 01:41:34.000000,6,-1.173813229571985,-4.28,31.976887201383132,0.05078125,2731.3260159453966,301.66999999999985,0.2490272373540856
2024-01-01 01:41:33.000000,2024-01-01 01:41:37.000000,6,-1.7661089494163422,-1.75,23.492245055961206,0.08203125,1631.0189991067373,453.89,0.7470817120622568
2024-01-01 01:41:36.000000,2024-01-01 01:41:40.000000,6,0.08027237354085558,0.69,31.053761854502383,0.05078125,2488.062218146685,20.630000000000003,-0.4980544747081712
2024-01-01 01:41:39.000000,2024-01-01 01:41:43.000000,6,0.6768871595330741,4.28,19.765998337356336,0.05859375,1689.7880453624894,173.95999999999998,0.3735408560311284
2024-01-01 01:41:42.000000,2024-01-01 01:41:46.000000,6,-0.44007782101167303,-0.15,21.046372534689212,0.06640625,2154.5178338139117,113.10000000000005,0.7470817120622568
2024-01-01 01:41:45.000000,2024-01-01 01:41:49.000000,6,1.158287937743191,1.17,16.861997310739707,0.06640625,1889.595204017329,297.68000000000006,0.7470817120622568
2024-01-01 01:41:48.000000,2024-01-01 01:41:52.000000,6,0.1850972762645912,3.66,26.915145801679333,0.04296875,2246.5259126976016,47.56999999999997,0.2490272373540856
2024-01-01 01:41:51.000000,2024-01-01 01:41:55.000000,6,-2.5540856031128407,-3.39,33.185400864058714,0.0546875,2900.7750012462916,656.4,0.4980544747081712
2024-01-01 01:41:54.000000,2024-01-01 01:41:58.000000,6,1.9715953307392995,3.13,34.22263700787979,0.0703125,3420.855672073509,506.7,0.622568093385214
2024-01-01 01:41:57.000000,2024-01-01 01:42:01.000000,6,-2.955408560311284,-3.41,41.930316979022855,0.05078125,4808.346170056666,759.5400000000002,0.4980544747081712
2024-01-01 01:42:00.000000,2024-01-01 01:42:04.000000,6,1.0945914396887158,2.57,22.219942916473318,0.06640625,2221.996760223185,281.30999999999995,0.7470817120622568
2024-01-01 01:42:03.000000,2024-01-01 01:42:07.000000,6,2.7714007782101167,5.25,16.407782654091488,0.06640625,1890.7198995841716,712.2499999999999,-0.7470817120622568
2024-01-01 01:42:06.000000,2024-01-01 01:42:10.000000,6,-1.0120622568093385,0.18,16.89370539753221,0.05078125,1894.851534961862,260.0999999999999,0.7470817120622568
2024-01-01 01:42:09.000000,2024-01-01 01:42:13.000000,6,-0.5131128404669261,-1.06,13.555074480747919,0.0546875,1325.0129780945915,131.87,-0.7470817120622568
2024-01-01 01:42:12.000000,2024-01-01 01:42:16.000000,6,-0.1963424124513619,-0.74,15.721416170738111,0.0625,1461.168590777092,50.45999999999998,-0.7470817120622568
2024-01-01 01:42:15.000000,2024-01-01 01:42:19.000000,6,-1.4559143968871593,-1.21,14.019193373800737,0.0625,1559.6734298654637,374.1699999999999,0.7470817120622568
2024-01-01 01:42:18.000000,2024-01-01 01:42:22.000000,6,0.45287937743190665,-0.16,14.164738634477153,0.0703125,1813.2242976990406,116.38999999999993,-0.7470817120622568
2024-01-01 01:42:21.000000,2024-01-01 01:42:25.000000,6,0.5285214007782101,-1.08,13.967519442181004,0.0625,1873.6402034267,135.8300000000001,0.7470817120622568
2024-01-01 01:42:24.000000,2024-01-01 01:42:28.000000,6,-1.5730739299610896,0.88,25.865575387441496,0.078125,2328.6553234267517,404.2800000000001,1.4941634241245136
2024-01-01 01:42:27.000000,2024-01-01 01:42:31.000000,6,0.5595719844357977,2.26,26.561116585512973,0.078125,2599.3267839568316,143.81000000000006,0.7470817120622568
2024-01-01 01:42:30.000000,2024-01-01 01:42:34.000000,6,0.6047859922178986,-2.7,25.047413119081337,0.0546875,2628.492447479718,155.43000000000012,0.7470817120622568
2024-01-01 01:42:33.000000,2024-01-01 01:42:37.000000,6,0.5546303501945523,-0.88,21.549511521969162,0.05859375,1958.7070348212962,142.54000000000002,0.7470817120622568
2024-01-01 01:42:36.000000,2024-01-01 01:42:40.000000,6,2.598677042801557,1.98,18.817523597346632,0.0546875,1801.2009871863977,667.8599999999999,0.8715953307392996
2024-01-01 01:42:39.000000,2024-01-01 01:42:43.000000,6,0.9622568093385211,0.33,18.104795343172658,0.046875,1715.0915283827107,247.29999999999995,0.4980544747081712
2024-01-01 01:42:42.000000,2024-01-01 01:42:46.000000,6,-1.3289883268482492,-4.79,18.09342451531134,0.06640625,1707.4631640738953,341.54999999999995,0.4980544747081712
2024-01-01 01:42:45.000000,2024-01-01 01:42:49.000000,6,-1.3096498054474717,-1.13,37.92800108987764,0.05078125,3688.7676254179087,336.58000000000015,-0.4980544747081712
2024-01-01 01:42:48.000000,2024-01-01 01:42:52.000000,6,2.9594163424124513,-0.92,27.67844561407194,0.0390625,2896.585844146023,760.5700000000002,0.3735408560311284
2024-01-01 01:42:51.000000,2024-01-01 01:42:55.000000,6,-3.34046692607004,-0.17,42.633372039986206,0.05078125,4045.011548836736,858.5,-0.622568093385214
2024-01-01 01:42:54.000000,2024-01-01 01:42:58.000000,6,-5.600311284046692,-2.11,42.99751596999789,0.03515625,4839.376066433099,1439.28,-0.4980544747081712
2024-01-01 01:42:57.000000,2024-01-01 01:43:01.000000,6,2.336536964980545,3.02,21.037115584156666,0.0546875,1820.337457083041,600.49,0.4980544747081712
2024-01-01 01:43:00.000000,2024-01-01 01:43:04.000000,6,-0.7126070038910501,0.91,30.0654613375981,0.0546875,3337.8834008116096,183.14000000000004,0.622568093385214
2024-01-01 01:43:03.000000,2024-01-01 01:43:07.000000,6,0.24136186770428006,1.22,24.5701897650628,0.05078125,2834.3764164131417,62.02999999999976,0.4980544747081712
2024-01-01 01:43:06.000000,2024-01-01 01:43:10.000000,6,0.6711673151750972,2.54,24.004886632221417,0.03515625,2104.0553080299633,172.48999999999992,0.4980544747081712
2024-01-01 01:43:09.000000,2024-01-01 01:43:13.000000,6,1.0516731517509732,1.81,18.116762393195504,0.0546875,1692.4345167855215,270.28000000000003,0.4980544747081712
2024-01-01 01:43:12.000000,2024-01-01 01:43:16.000000,6,-2.091167315175097,-2.82,13.077666501790468,0.078125,1039.2347887031146,537.43,0.3735408560311284
2024-01-01 01:43:15.000000,2024-01-01 01:43:19.000000,6,1.8965369649805446,0.02,18.0646894669869,0.0546875,1596.1255727902721,487.41,-1.3696498054474708
2024-01-01 01:43:18.000000,2024-01-01 01:43:22.000000,6,0.2918287937743191,-0.5,16.66946378304725,0.06640625,1653.5641505102483,74.99999999999991,0.4980544747081712
2024-01-01 01:43:21.000000,2024-01-01 01:43:25.000000,6,-0.5429182879377432,-0.89,16.82947160481289,0.08984375,1505.461195337997,139.52999999999994,-0.7470817120622568
2024-01-01 01:43:24.000000,2024-01-01 01:43:28.000000,6,1.019377431906615,3.54,21.306246855784924,0.0625,1778.6309049211898,261.97999999999996,-0.7470817120622568
2024-01-01 01:43:27.000000,2024-01-01 01:43:31.000000,6,0.5692607003891051,0.19,16.032434722249025,0.0546875,1469.054160409025,146.29999999999993,0.4980544747081712
2024-01-01 01:43:30.000000,2024-01-01 01:43:34.000000,6,-0.4780933852140078,-1.52,14.990822213857891,0.06640625,1574.004851825419,122.86999999999993,0.7470817120622568
2024-01-01 01:43:33.000000,2024-01-01 01:43:37.000000,6,0.14385214007782102,-0.3,14.520360716505188,0.05859375,1358.66682052866,36.969999999999885,0.7470817120622568
2024-01-01 01:43:36.000000,2024-01-01 01:43:40.000000,6,0.33778210116731505,1.83,18.639309209197766,0.0546875,1821.8263446746219,86.80999999999992,0.622568093385214
2024-01-01 01:43:39.000000,2024-01-01 01:43:43.000000,6,-2.217120622568093,-1.96,32.94129793504727,0.06640625,3142.0571582121906,569.8,0.3735408560311284
2024-01-01 01:43:42.000000,2024-01-01 01:43:46.000000,6,-2.0649027237354094,1.49,22.430582675237318,0.0625,2207.3067075712547,530.6799999999998,0.7470817120622568
2024-01-01 01:43:45.000000,2024-01-01 01:43:49.000000,6,1.5589105058365753,3.76,19.368450253301525,0.0546875,1849.8157982181865,400.6399999999999,0.7470817120622568
2024-01-01 01:43:48.000000,2024-01-01 01:43:52.000000,6,-1.29863813229572,-0.89,21.374867417657736,0.0625,2122.5359367322185,333.7499999999997,0.8715953307392996
2024-01-01 01:43:51.000000,2024-01-01 01:43:55.000000,6,-0.7666536964980541,-1.47,20.084385718662435,0.05859375,2101.7116222788213,197.0300000000001,-0.4980544747081712
2024-01-01 01:43:54.000000,2024-01-01 01:43:58.000000,6,3.8189105058365755,2.7,24.08432909971473,0.06640625,2136.8795632812185,981.4599999999998,0.7470817120622568
2024-01-01 01:43:57.000000,2024-01-01 01:44:01.000000,6,0.8036575875486378,3.9,40.73647417212303,0.04296875,4075.1042416656783,206.53999999999988,0.4980544747081712
2024-01-01 01:44:00.000000,2024-01-01 01:44:04.000000,6,-0.9661478599221793,-3.78,35.22246944015179,0.046875,4550.979212808083,248.30000000000004,0.4980544747081712
2024-01-01 01:44:03.000000,2024-01-01 01:44:07.000000,6,-0.33715953307393,-0.65,26.13392592930415,0.05859375,2298.751234612416,86.65000000000008,0.7470817120622568
2024-01-01 01:44:06.000000,2024-01-01 01:44:10.000000,6,0.21536964980544734,-0.93,22.45908460312845,0.05078125,2161.443340375895,55.35000000000007,0.7470817120622568
2024-01-01 01:44:09.000000,2024-01-01 01:44:13.000000,6,-2.1316731517509724,-2.79,18.705849434040758,0.0546875,2130.327261603502,547.8400000000001,0.7470817120622568
2024-01-01 01:44:12.000000,2024-01-01 01:44:16.000000,6,-0.5725291828793774,-2.32,22.028152198524772,0.05859375,2105.542214685212,147.14,-0.4980544747081712
2024-01-01 01:44:15.000000,2024-01-01 01:44:19.000000,6,0.5954085603112839,-5.39,28.56807442745456,0.05078125,3766.4626747909797,153.02000000000004,0.4980544747081712
2024-01-01 01:44:18.000000,2024-01-01 01:44:22.000000,6,0.9254474708171206,-2.56,23.780784898009443,0.04296875,2603.4065895607237,237.8400000000002,0.7470817120622568
2024-01-01 01:44:21.000000,2024-01-01 01:44:25.000000,6,-1.7119844357976657,-4.8,20.621419451319458,0.05859375,1869.1223921985609,439.9800000000001,-0.7470817120622568
2024-01-01 01:44:24.000000,2024-01-01 01:44:28.000000,6,1.9945525291828798,1.66,20.114281712328033,0.0546875,2017.1764207229937,512.5999999999999,0.7470817120622568
2024-01-01 01:44:27.000000,2024-01-01 01:44:31.000000,6,0.26937743190661495,-1.96,26.943648826966534,0.05078125,3256.0676757702,69.22999999999996,0.8715953307392996
2024-01-01 01:44:30.000000,2024-01-01 01:44:34.000000,6,-0.4720622568093387,-2.63,20.803496870925546,0.05859375,1704.8987880186248,121.32000000000002,0.622568093385214
2024-01-01 01:44:33.000000,2024-01-01 01:44:37.000000,6,-0.9789105058365757,-2.31,19.453494132536086,0.06640625,1459.3390795327164,251.58000000000007,0.4980544747081712
2024-01-01 01:44:36.000000,2024-01-01 01:44:40.000000,6,1.2545136186770427,-0.82,22.43380171159506,0.06640625,2029.3648605282704,322.4100000000001,0.4980544747081712
2024-01-01 01:44:39.000000,2024-01-01 01:44:43.000000,6,1.0642412451361867,3.27,29.683991297725584,0.05859375,3085.4132462893353,273.5099999999998,0.4980544747081712
2024-01-01 01:44:42.000000,2024-01-01 01:44:46.000000,6,-3.432295719844358,-3.84,33.71368643314177,0.0546875,3392.604994454933,882.0999999999999,0.4980544747081712
2024-01-01 01:44:45.000000,2024-01-01 01:44:49.000000,6,0.764046692607004,0.4,28.536668187028454,0.05859375,2464.656229634286,196.3599999999999,-0.4980544747081712
2024-01-01 01:44:48.000000,2024-01-01 01:44:52.000000,6,1.6114396887159532,-0.3,17.118590722072447,0.0859375,1702.7077018405666,414.13999999999993,0.7470817120622568
2024-01-01 01:44:51.000000,2024-01-01 01:44:55.000000,6,0.5109338521400778,-0.66,17.008061183399583,0.078125,1588.6529789179756,131.30999999999995,0.4980544747081712
2024-01-01 01:44:54.000000,2024-01-01 01:44:58.000000,6,-1.416342412451362,-1.13,18.527624072106374,0.0625,1498.7326409791622,363.99999999999994,-0.4980544747081712
2024-01-01 01:44:57.000000,2024-01-01 01:45:01.000000,6,-0.23284046692607,0.5,16.225062334536844,0.07421875,1715.131126714476,59.84000000000002,0.7470817120622568
2024-01-01 01:45:00.000000,2024-01-01 01:45:04.000000,6,0.45268482490272377,-3.78,18.482677346753174,0.06640625,2165.2403529511416,116.33999999999988,0.7470817120622568
2024-01-01 01:45:03.000000,2024-01-01 01:45:07.000000,6,-0.1913618677042802,-1.07,17.02027681171628,0.0859375,1931.1186892823368,49.17999999999991,0.7470817120622568
2024-01-01 01:45:06.000000,2024-01-01 01:45:10.000000,6,-1.7346303501945526,-2.96,18.40810153992615,0.0703125,2029.7383294315357,445.79999999999995,0.7470817120622568
2024-01-01 01:45:09.000000,2024-01-01 01:45:13.000000,6,0.6789494163424123,1.97,17.477295675428092,0.046875,1932.3739573051164,174.49000000000007,-0.7470817120622568
2024-01-01 01:45:12.000000,2024-01-01 01:45:16.000000,6,0.41696498054474684,-0.92,16.07317799655455,0.04296875,2079.4416679399615,107.16000000000004,0.7470817120622568
2024-01-01 01:45:15.000000,2024-01-01 01:45:19.000000,6,-1.9023346303501942,-5.3,33.74418315609314,0.05078125,1986.879846298845,488.90000000000003,-0.7470817120622568
2024-01-01 01:45:18.000000,2024-01-01 01:45:22.000000,6,0.39268482490272344,3.19,35.265041839854426,0.05078125,2778.266552340323,100.91999999999989,0.4980544747081712
2024-01-01 01:45:21.000000,2024-01-01 01:45:25.000000,6,1.3555642023346304,-3.02,44.453826340829075,0.0546875,3451.855961985228,348.37999999999977,-0.2490272373540856
2024-01-01 01:45:24.000000,2024-01-01 01:45:28.000000,6,1.2482490272373539,-0.68,23.84207139504647,0.0625,2185.750846572444,320.8,-0.4980544747081712
2024-01-01 01:45:27.000000,2024-01-01 01:45:31.000000,6,-2.246147859922179,-0.04,23.65966085766926,0.05078125,2814.307592308823,577.2599999999998,-0.4980544747081712
2024-01-01 01:45:30.000000,2024-01-01 01:45:34.000000,6,1.3895330739299607,1.87,24.551087468274766,0.0703125,1926.614438498518,357.1099999999998,-0.9961089494163424
2024-01-01 01:45:33.000000,2024-01-01 01:45:37.000000,6,-3.1335019455252917,-2.84,29.122352082437853,0.046875,2630.1192347583446,805.3100000000002,0.7470817120622568
2024-01-01 01:45:36.000000,2024-01-01 01:45:40.000000,6,2.0754474708171204,-0.55,21.572259618614222,0.05078125,2977.465045657715,533.3899999999999,0.4980544747081712
2024-01-01 01:45:39.000000,2024-01-01 01:45:43.000000,6,0.34042801556420227,2.04,19.773954070486575,0.046875,1733.264000059165,87.49000000000011,0.7470817120622568
2024-01-01 01:45:42.000000,2024-01-01 01:45:46.000000,6,-0.5940466926070039,-3.1,17.87272249383292,0.05859375,1916.4662888655225,152.67000000000002,0.7470817120622568
2024-01-01 01:45:45.000000,2024-01-01 01:45:49.000000,6,-2.246575875486381,-3.25,16.271352364226583,0.0546875,1726.657943174021,577.37,0.4980544747081712
2024-01-01 01:45:48.000000,2024-01-01 01:45:52.000000,6,0.3059922178988328,2.96,16.748591845191466,0.0546875,1657.711841981855,78.63999999999999,-0.8715953307392996
2024-01-01 01:45:51.000000,2024-01-01 01:45:55.000000,6,-0.9538521400778209,-0.32,15.126882667743443,0.0703125,1662.9885529061348,245.13999999999993,0.7470817120622568
2024-01-01 01:45:54.000000,2024-01-01 01:45:58.000000,6,0.6504669260700386,1.96,16.658530676874786,0.078125,1574.217198943841,167.1700000000001,0.7470817120622568
2024-01-01 01:45:57.000000,2024-01-01 01:46:01.000000,6,0.29887159533073937,0.68,20.313516375799008,0.05859375,2602.867224953539,76.80999999999999,0.8715953307392996
2024-01-01 01:46:00.000000,2024-01-01 01:46:04.000000,6,0.9422178988326851,1.83,20.27586837649832,0.07421875,1973.01894146649,242.1500000000001,0.7470817120622568
2024-01-01 01:46:03.000000,2024-01-01 01:46:07.000000,6,-2.1075097276264585,-5.75,21.60699015276814,0.06640625,2382.484883887734,541.63,0.8715953307392996
2024-01-01 01:46:06.000000,2024-01-01 01:46:10.000000,6,-0.5064591439688716,-5.17,19.884267874320606,0.06640625,2017.7715920958512,130.1599999999999,-0.8715953307392996
2024-01-01 01:46:09.000000,2024-01-01 01:46:13.000000,6,-0.4570428015564202,-3.25,15.014903891702637,0.05859375,1797.7747088325568,117.45999999999991,0.7470817120622568
2024-01-01 01:46:12.000000,2024-01-01 01:46:16.000000,6,0.18322957198443582,-1.29,17.79870700836854,0.0546875,2249.937872564735,47.08999999999994,0.7470817120622568
2024-01-01 01:46:15.000000,2024-01-01 01:46:19.000000,6,-1.316692607003891,-0.24,18.362546320644007,0.05859375,1864.9742174292214,338.38999999999976,0.7470817120622568
2024-01-01 01:46:18.000000,2024-01-01 01:46:22.000000,6,-0.4959533073929958,-4.0,24.116109825002074,0.0703125,2962.6634666993273,127.46000000000015,0.7470817120622568
2024-01-01 01:46:21.000000,2024-01-01 01:46:25.000000,6,-0.13910505836575854,-0.89,17.734933338585623,0.07421875,1625.4573834398282,35.749999999999986,0.7470817120622568
2024-01-01 01:46:24.000000,2024-01-01 01:46:28.000000,6,-0.13077821011673135,1.11,16.256783997904492,0.0625,1704.3022856431946,33.610000000000085,0.7470817120622568
2024-01-01 01:46:27.000000,2024-01-01 01:46:31.000000,6,0.4304280155642024,3.32,20.870008128153955,0.05078125,2224.5180915643023,110.62000000000015,0.4980544747081712
2024-01-01 01:46:30.000000,2024-01-01 01:46:34.000000,6,-0.5582879377431905,1.78,18.084899567592103,0.05078125,1766.1639239746164,143.48000000000002,0.7470817120622568
2024-01-01 01:46:33.000000,2024-01-01 01:46:37.000000,6,-0.09517509727626437,-0.29,20.368126238638826,0.0546875,2431.9753073200272,24.460000000000058,-0.7470817120622568
2024-01-01 01:46:36.000000,2024-01-01 01:46:40.000000,6,0.013813229571984591,-2.11,16.88283147708733,0.05859375,1462.444011139188,3.549999999999965,-0.8715953307392996
2024-01-01 01:46:39.000000,2024-01-01 01:46:43.000000,6,0.8204669260700391,0.05,14.359665862664713,0.05859375,1460.9526278422254,210.85999999999996,0.7470817120622568
2024-01-01 01:46:42.000000,2024-01-01 01:46:46.000000,6,-0.9287159533073934,-1.78,16.795953111476248,0.0703125,1588.0491227749667,238.68000000000006,0.7470817120622568
2024-01-01 01:46:45.000000,2024-01-01 01:46:49.000000,6,1.5459922178988323,-1.66,19.07951600907539,0.06640625,1870.0838446949422,397.3199999999998,0.7470817120622568
2024-01-01 01:46:48.000000,2024-01-01 01:46:52.000000,6,0.2857976653696497,-4.84,21.771725810587473,0.0390625,2440.7483314438273,73.45000000000013,0.7470817120622568
2024-01-01 01:46:51.000000,2024-01-01 01:46:55.000000,6,-0.7238132295719846,-2.77,20.68376600204808,0.046875,2123.999288973324,186.01999999999978,0.7470817120622568
2024-01-01 01:46:54.000000,2024-01-01 01:46:58.000000,6,-0.37155642023346286,-0.92,18.106100057352037,0.05859375,1853.4151449081612,95.4900000000001,0.7470817120622568
2024-01-01 01:46:57.000000,2024-01-01 01:47:01.000000,6,0.791828793774319,2.91,29.576071675986213,0.04296875,2426.364924286048,203.49999999999994,-0.4980544747081712
2024-01-01 01:47:00.000000,2024-01-01 01:47:04.000000,6,-4.838599221789884,0.21,33.63156061088909,0.0625,3144.972574685821,1243.52,0.4980544747081712
2024-01-01 01:47:03.000000,2024-01-01 01:47:07.000000,6,-1.168832684824903,-5.35,37.68397655843998,0.06640625,2816.6003264261126,300.39,0.7470817120622568
2024-01-01 01:47:06.000000,2024-01-01 01:47:10.000000,6,-0.6169260700389103,0.63,32.883682008971704,0.07421875,3397.043957963229,158.55000000000027,-0.7470817120622568
2024-01-01 01:47:09.000000,2024-01-01 01:47:13.000000,6,2.0317898832684826,2.53,39.12502562781976,0.04296875,3835.3316724732454,522.1700000000001,-0.8715953307392996
2024-01-01 01:47:12.000000,2024-01-01 01:47:16.000000,6,0.4704669260700392,-9.87,43.17307646916511,0.0390625,3818.1720938210105,120.90999999999971,0.2490272373540856
2024-01-01 01:47:15.000000,2024-01-01 01:47:19.000000,6,4.31603112840467,2.12,32.91343469474551,0.04296875,3518.6355192396823,1109.2199999999998,0.7470817120622568
2024-01-01 01:47:18.000000,2024-01-01 01:47:22.000000,6,-3.171945525291829,-9.71,32.103856528657836,0.05078125,2484.4562623452166,815.1899999999998,0.622568093385214
2024-01-01 01:47:21.000000,2024-01-01 01:47:25.000000,6,-1.970350194552529,-8.65,40.62836823866127,0.046875,4567.295995622935,506.3799999999999,0.4980544747081712
2024-01-01 01:47:24.000000,2024-01-01 01:47:28.000000,6,-1.6752529182879377,-3.39,31.027885832782562,0.05859375,2846.8393869646043,430.54000000000013,-0.8715953307392996
2024-01-01 01:47:27.000000,2024-01-01 01:47:31.000000,6,-1.410233463035019,-2.35,23.587566787961244,0.05859375,2479.0027239802976,362.42999999999995,0.7470817120622568
2024-01-01 01:47:30.000000,2024-01-01 01:47:34.000000,6,2.5163424124513623,0.65,21.137743804207087,0.0625,2359.3530153701654,646.7,0.4980544747081712
2024-01-01 01:47:33.000000,2024-01-01 01:47:37.000000,6,-1.5334241245136184,-3.17,23.830557932087356,0.0546875,2978.347472284368,394.09,0.7470817120622568
2024-01-01 01:47:36.000000,2024-01-01 01:47:40.000000,6,-2.3494941634241244,-5.22,22.9446301787587,0.046875,2696.853398665416,603.82,0.7470817120622568
2024-01-01 01:47:39.000000,2024-01-01 01:47:43.000000,6,1.4300389105058364,0.14,23.21502751953687,0.05859375,2184.594572301623,367.52000000000015,0.4980544747081712
2024-01-01 01:47:42.000000,2024-01-01 01:47:46.000000,6,0.06264591439688684,-0.01,22.514957337496554,0.05078125,2201.251098078939,16.099999999999955,0.4980544747081712
2024-01-01 01:47:45.000000,2024-01-01 01:47:49.000000,6,-0.7178210116731516,-1.27,28.111335832092962,0.0546875,2667.8336599124823,184.47999999999982,-0.4980544747081712
2024-01-01 01:47:48.000000,2024-01-01 01:47:52.000000,6,-2.4258365758754867,-7.3,24.71394541210616,0.0625,2179.328969937908,623.4399999999999,0.3735408560311284
2024-01-01 01:47:51.000000,2024-01-01 01:47:55.000000,6,-0.017548638132295905,-2.24,19.563551544785433,0.0625,2139.078059949092,4.510000000000062,0.4980544747081712
2024-01-01 01:47:54.000000,2024-01-01 01:47:58.000000,6,0.07579766536964977,-2.95,18.01993018393525,0.0546875,1532.0790631431478,19.480000000000018,0.4980544747081712
2024-01-01 01:47:57.000000,2024-01-01 01:48:01.000000,6,0.23533073929961085,-0.24,16.879493753156236,0.05859375,1842.4464007828751,60.48000000000006,0.7470817120622568
2024-01-01 01:48:00.000000,2024-01-01 01:48:04.000000,6,-0.26879377431906637,-0.27,18.533857924214296,0.06640625,2154.7265862330996,69.07999999999996,0.4980544747081712
2024-01-01 01:48:03.000000,2024-01-01 01:48:07.000000,6,0.8806614785992218,-3.71,22.815039754816606,0.046875,2468.1596320788053,226.33000000000013,0.7470817120622568
2024-01-01 01:48:06.000000,2024-01-01 01:48:10.000000,6,-0.12249027237354071,-2.53,25.196743434654785,0.04296875,3179.8343992230916,31.480000000000118,-0.7470817120622568
2024-01-01 01:48:09.000000,2024-01-01 01:48:13.000000,6,0.8680544747081712,3.26,21.04000770734521,0.0546875,2027.7855730397157,223.09000000000003,0.7470817120622568
2024-01-01 01:48:12.000000,2024-01-01 01:48:16.000000,6,-0.29163424124513626,2.81,19.19526273280268,0.046875,2104.171146553071,74.94999999999992,0.4980544747081712
2024-01-01 01:48:15.000000,2024-01-01 01:48:19.000000,6,0.5906614785992216,1.2,19.670689647324572,0.0546875,2005.871108133422,151.8,0.4980544747081712
2024-01-01 01:48:18.000000,2024-01-01 01:48:22.000000,6,-0.24206225680933843,-0.11,17.757402726464782,0.0625,1651.4845884118472,62.210000000000164,0.8715953307392996
2024-01-01 01:48:21.000000,2024-01-01 01:48:25.000000,6,0.04669260700389094,-1.3,16.778402003291216,0.05078125,1508.4807497542934,11.999999999999984,0.7470817120622568
2024-01-01 01:48:24.000000,2024-01-01 01:48:28.000000,6,1.7656031128404668,0.55,13.67171448927457,0.0703125,1116.2596135160923,453.76,0.8715953307392996
2024-01-01 01:48:27.000000,2024-01-01 01:48:31.000000,6,-0.9274708171206227,-1.96,14.452163556674535,0.07421875,1322.3950374858616,238.36000000000007,0.7470817120622568
2024-01-01 01:48:30.000000,2024-01-01 01:48:34.000000,6,0.20182879377431914,-0.23,15.882881759006269,0.08203125,1616.078903721588,51.870000000000076,0.7470817120622568
2024-01-01 01:48:33.000000,2024-01-01 01:48:37.000000,6,-0.578793774319066,-1.22,14.84359104205283,0.0703125,1668.7745683634018,148.75000000000003,0.7470817120622568
2024-01-01 01:48:36.000000,2024-01-01 01:48:40.000000,6,0.5321789883268483,-1.07,16.00285150124699,0.0625,1996.0809014802608,136.77000000000004,-0.7470817120622568
2024-01-01 01:48:39.000000,2024-01-01 01:48:43.000000,6,0.11544747081712063,-0.32,15.709184188410102,0.05859375,1495.5126282907327,29.670000000000066,0.4980544747081712
2024-01-01 01:48:42.000000,2024-01-01 01:48:46.000000,6,-1.0184824902723735,0.09,14.519591466706078,0.05078125,1288.3760406440656,261.75,0.4980544747081712
2024-01-01 01:48:45.000000,2024-01-01 01:48:49.000000,6,-0.4603891050583659,-1.43,16.634242421636035,0.05078125,1824.0170212822698,118.32000000000002,-0.7470817120622568
2024-01-01 01:48:48.000000,2024-01-01 01:48:52.000000,6,0.4546692607003889,0.87,14.745371837049095,0.06640625,1620.4321526290762,116.84999999999994,-0.7470817120622568
2024-01-01 01:48:51.000000,2024-01-01 01:48:55.000000,6,0.8835797665369648,-0.07,15.046504513431488,0.07421875,1181.8903561139912,227.07999999999996,1.6186770428015564
2024-01-01 01:48:54.000000,2024-01-01 01:48:58.000000,6,0.6450972762645913,-0.75,18.865446280684875,0.046875,2483.6203783310634,165.79,0.7470817120622568
2024-01-01 01:48:57.000000,2024-01-01 01:49:01.000000,6,-2.2615564202334633,-3.04,18.03182399188566,0.0625,1902.8024133773165,581.22,-0.7470817120622568
2024-01-01 01:49:00.000000,2024-01-01 01:49:04.000000,6,0.5899221789883269,0.3,21.185758870056326,0.05078125,1914.9181620517288,151.6099999999999,0.7470817120622568
2024-01-01 01:49:03.000000,2024-01-01 01:49:07.000000,6,0.48252918287937757,-0.68,20.323668800197506,0.0703125,1712.6165106923675,124.00999999999995,1.6186770428015564
2024-01-01 01:49:06.000000,2024-01-01 01:49:10.000000,6,-0.7754085603112839,-1.32,17.669228192823898,0.07421875,1651.7360357224497,199.27999999999997,0.7470817120622568
2024-01-01 01:49:09.000000,2024-01-01 01:49:13.000000,6,-0.13766536964980552,-2.26,28.355449790286524,0.07421875,2615.138205383559,35.37999999999997,0.8715953307392996
2024-01-01 01:49:12.000000,2024-01-01 01:49:16.000000,6,-1.95443579766537,-0.4,24.55487039131623,0.0859375,2111.2088085380115,502.2900000000001,1.4941634241245136
2024-01-01 01:49:15.000000,2024-01-01 01:49:19.000000,6,1.1136964980544748,4.04,30.935561441052783,0.0546875,2794.4431278023294,286.22000000000014,0.8715953307392996
2024-01-01 01:49:18.000000,2024-01-01 01:49:22.000000,6,3.053540856031129,3.43,26.97004838110211,0.0546875,2606.640758619121,784.76,0.4980544747081712
2024-01-01 01:49:21.000000,2024-01-01 01:49:25.000000,6,1.0287159533073926,-0.28,24.61260078669885,0.05859375,1971.5416527504517,264.3799999999999,-0.4980544747081712
2024-01-01 01:49:24.000000,2024-01-01 01:49:28.000000,6,-0.7516342412451367,-4.44,24.02760912874653,0.05859375,1990.4476479948382,193.17000000000004,-0.4980544747081712
2024-01-01 01:49:27.000000,2024-01-01 01:49:31.000000,6,-0.14443579766536963,-3.94,25.079033413702142,0.0546875,2602.3586407915595,37.119999999999905,0.7470817120622568
2024-01-01 01:49:30.000000,2024-01-01 01:49:34.000000,6,2.535214007782101,2.01,19.586591117756505,0.0703125,1500.7051321618048,651.5499999999998,1.6186770428015564
2024-01-01 01:49:33.000000,2024-01-01 01:49:37.000000,6,-0.37583657587548647,-1.42,19.77464088299237,0.07421875,1680.6370043627626,96.59000000000007,0.4980544747081712
2024-01-01 01:49:36.000000,2024-01-01 01:49:40.000000,6,-1.1800389105058362,0.01,16.298715619884135,0.08203125,1344.2669177234313,303.27,0.7470817120622568
2024-01-01 01:49:39.000000,2024-01-01 01:49:43.000000,6,-0.8496108949416346,-1.84,16.07555876763716,0.06640625,1295.9126470299675,218.35,0.8715953307392996
2024-01-01 01:49:42.000000,2024-01-01 01:49:46.000000,6,-0.16342412451361868,-2.58,16.967958911896908,0.0625,1553.8296618631464,41.999999999999936,1.6186770428015564
2024-01-01 01:49:45.000000,2024-01-01 01:49:49.000000,6,1.8448249027237353,4.19,23.153254227362453,0.05859375,2038.9004059922022,474.1199999999998,0.7470817120622568
2024-01-01 01:49:48.000000,2024-01-01 01:49:52.000000,6,-1.3082879377431906,2.08,20.483132813851824,0.06640625,1986.2509095398493,336.22999999999996,-0.7470817120622568
2024-01-01 01:49:51.000000,2024-01-01 01:49:55.000000,6,0.044630350194552415,-3.57,19.57452661363695,0.05078125,2335.658197286049,11.470000000000045,0.4980544747081712
2024-01-01 01:49:54.000000,2024-01-01 01:49:58.000000,6,-0.6144747081712063,-0.55,16.1270598192726,0.06640625,1273.4066657354308,157.92000000000013,1.6186770428015564
2024-01-01 01:49:57.000000,2024-01-01 01:50:01.000000,6,2.8697665369649803,3.66,19.83439858258329,0.0859375,1979.8598693884,737.5300000000001,0.7470817120622568
2024-01-01 01:50:00.000000,2024-01-01 01:50:04.000000,6,-0.5221400778210115,0.61,16.584071344374436,0.04296875,1741.7893016575663,134.18999999999994,0.7470817120622568
2024-01-01 01:50:03.000000,2024-01-01 01:50:07.000000,6,-0.987782101167315,-1.32,17.951214251648405,0.0625,1786.5930026016258,253.86,0.4980544747081712
2024-01-01 01:50:06.000000,2024-01-01 01:50:10.000000,6,-1.49852140077821,-0.98,16.428168933997306,0.05859375,1413.7178083759784,385.11999999999995,0.7470817120622568
2024-01-01 01:50:09.000000,2024-01-01 01:50:13.000000,6,2.3757976653696495,3.54,17.100871603960737,0.0546875,1815.2771851633884,610.5799999999999,0.7470817120622568
2024-01-01 01:50:12.000000,2024-01-01 01:50:16.000000,6,-1.4453696498054476,0.45,20.73098100423571,0.0703125,2628.5480129081175,371.46000000000004,0.7470817120622568
2024-01-01 01:50:15.000000,2024-01-01 01:50:19.000000,6,-0.435097276264591,-0.98,21.15904233996442,0.0546875,2335.556868349622,111.82,0.7470817120622568
2024-01-01 01:50:18.000000,2024-01-01 01:50:22.000000,0,3.09715953307393,2.78,21.253798192402137,0.06640625,2509.446835219068,795.97,0.7470817120622568
2024-01-01 01:50:21.000000,2024-01-01 01:50:25.000000,0,-1.530077821011673,-3.82,18.42334303930533,0.0703125,1994.7066536719165,393.23000000000013,0.7470817120622568
2024-01-01 01:50:24.000000,2024-01-01 01:50:28.000000,0,0.7550583657587546,0.77,17.4844231371237,0.0703125,2227.419485652126,194.05000000000007,0.7470817120622568
2024-01-01 01:50:27.000000,2024-01-01 01:50:31.000000,0,-0.13420233463035006,-4.23,20.472801436971213,0.06640625,2662.428007058589,34.4900000000001,0.7470817120622568
2024-01-01 01:50:30.000000,2024-01-01 01:50:34.000000,0,-0.04894941634241243,0.75,21.280283569864324,0.05859375,2141.0338442017633,12.57999999999996,0.7470817120622568
2024-01-01 01:50:33.000000,2024-01-01 01:50:37.000000,0,0.050544747081712096,0.44,20.930414353628823,0.05078125,1546.5264982579122,12.989999999999974,0.622568093385214
2024-01-01 01:50:36.000000,2024-01-01 01:50:40.000000,0,1.1826070038910503,0.94,17.071969711126098,0.0703125,1586.244519073095,303.92999999999984,0.4980544747081712
2024-01-01 01:50:39.000000,2024-01-01 01:50:43.000000,0,0.12595330739299623,0.14,23.698700797676892,0.0546875,2579.0356218373468,32.369999999999976,0.7470817120622568
2024-01-01 01:50:42.000000,2024-01-01 01:50:46.000000,0,-0.024435797665369876,-2.02,18.878507822139674,0.0546875,2008.2864277993322,6.280000000000037,-0.7470817120622568
2024-01-01 01:50:45.000000,2024-01-01 01:50:49.000000,0,-0.6115953307392996,0.35,27.968304650498627,0.04296875,2542.602018331456,157.17999999999978,0.3735408560311284
2024-01-01 01:50:48.000000,2024-01-01 01:50:52.000000,0,1.5032684824902722,1.91,17.000133737350183,0.0625,1920.1262550045205,386.34000000000003,0.8715953307392996
2024-01-01 01:50:51.000000,2024-01-01 01:50:55.000000,0,0.8492217898832689,4.11,25.251246692951085,0.0625,2172.578994033966,218.2500000000002,-0.4980544747081712
2024-01-01 01:50:54.000000,2024-01-01 01:50:58.000000,0,0.7408171206225682,1.01,18.51813609854083,0.0703125,1805.6687911191798,190.39000000000013,0.4980544747081712
2024-01-01 01:50:57.000000,2024-01-01 01:51:01.000000,0,-0.7844357976653694,0.49,19.509766278631805,0.0546875,2243.3655859308706,201.60000000000002,0.4980544747081712
2024-01-01 01:51:00.000000,2024-01-01 01:51:04.000000,0,1.9945525291828794,1.14,18.229902758493903,0.06640625,1985.6969845922422,512.5999999999999,0.8715953307392996
2024-01-01 01:51:03.000000,2024-01-01 01:51:07.000000,0,0.6071595330739298,4.28,20.025425774427514,0.05859375,2104.9141145913345,156.03999999999996,0.4980544747081712
2024-01-01 01:51:06.000000,2024-01-01 01:51:10.000000,0,-1.0756420233463033,1.28,20.462549129357082,0.05078125,1896.5361771770404,276.44,0.4980544747081712
2024-01-01 01:51:09.000000,2024-01-01 01:51:13.000000,0,-0.02178988326848233,0.95,23.150209449701606,0.0625,3048.08875877236,5.600000000000065,0.4980544747081712
2024-01-01 01:51:12.000000,2024-01-01 01:51:16.000000,0,-2.0538910505836574,-3.75,18.282207294267938,0.05859375,1758.888917955888,527.8499999999999,0.7470817120622568
2024-01-01 01:51:15.000000,2024-01-01 01:51:19.000000,0,-0.3463035019455252,-3.25,15.922285260701484,0.0625,1785.0546357005683,89.0,-0.8715953307392996
2024-01-01 01:51:18.000000,2024-01-01 01:51:22.000000,0,1.2857198443579767,-1.68,19.373934717874327,0.0703125,1597.2524770876478,330.43,0.8715953307392996
2024-01-01 01:51:21.000000,2024-01-01 01:51:25.000000,0,-0.7510505836575875,-2.28,26.06733159773623,0.05859375,2153.987624564728,193.02000000000004,0.4980544747081712
2024-01-01 01:51:24.000000,2024-01-01 01:51:28.000000,0,-1.206031128404669,-5.88,19.47051849429098,0.0546875,2683.2489784479435,309.9499999999998,0.8715953307392996
2024-01-01 01:51:27.000000,2024-01-01 01:51:31.000000,0,-1.1045525291828795,-5.39,23.575402068875594,0.05078125,2365.940296918373,283.86999999999995,0.8715953307392996
2024-01-01 01:51:30.000000,2024-01-01 01:51:34.000000,0,-0.7967704280155645,1.33,34.79573508008557,0.04296875,2917.952697330606,204.77,0.2490272373540856
2024-01-01 01:51:33.000000,2024-01-01 01:51:37.000000,0,2.9851361867704282,4.09,21.939842415917365,0.0625,2140.3364145993537,767.18,0.8715953307392996
2024-01-01 01:51:36.000000,2024-01-01 01:51:40.000000,0,0.7514396887159531,2.39,24.027793880807586,0.04296875,2833.2829252781835,193.1199999999999,-0.4980544747081712
2024-01-01 01:51:39.000000,2024-01-01 01:51:43.000000,0,-1.6528015564202336,-3.96,21.859162372346816,0.046875,2100.103213515965,424.77,0.4980544747081712
2024-01-01 01:51:42.000000,2024-01-01 01:51:46.000000,0,2.439688715953307,3.36,22.57572352930186,0.05078125,2172.6372944102227,627.0000000000001,0.7470817120622568
2024-01-01 01:51:45.000000,2024-01-01 01:51:49.000000,0,2.1766926070038912,3.36,25.715790936145574,0.046875,2558.717259805001,559.41,-0.8715953307392996
2024-01-01 01:51:48.000000,2024-01-01 01:51:52.000000,0,0.3384824902723736,1.63,31.176926521027436,0.0546875,2865.9251786132936,86.98999999999982,0.7470817120622568
2024-01-01 01:51:51.000000,2024-01-01 01:51:55.000000,0,-0.5733073929961092,-3.88,23.573161040477718,0.04296875,1967.8752663983037,147.34000000000006,-0.4980544747081712
2024-01-01 01:51:54.000000,2024-01-01 01:51:58.000000,0,3.814708171206226,3.8,22.989841252027162,0.0703125,2954.9845167037884,980.38,-0.7470817120622568
2024-01-01 01:51:57.000000,2024-01-01 01:52:01.000000,0,-0.7686381322957198,-0.88,19.556892429459413,0.046875,2032.581314015833,197.5400000000001,0.7470817120622568
2024-01-01 01:52:00.000000,2024-01-01 01:52:04.000000,8,-3.342217898832684,-5.88,23.01692612885319,0.0546875,2345.3187227741214,858.9499999999998,0.8715953307392996
2024-01-01 01:52:03.000000,2024-01-01 01:52:07.000000,8,-3.9797276264591432,-8.11,35.381341629062014,0.046875,2864.0438087877774,1022.7899999999997,-0.8715953307392996
2024-01-01 01:52:06.000000,2024-01-01 01:52:10.000000,8,-0.8742801556420233,0.49,26.688782821322263,0.05078125,2272.4171070367142,224.68999999999997,0.622568093385214
2024-01-01 01:52:09.000000,2024-01-01 01:52:13.000000,8,2.805097276264591,2.96,27.44102285346532,0.046875,2524.056482891696,720.9099999999999,0.9961089494163424
2024-01-01 01:52:12.000000,2024-01-01 01:52:16.000000,8,-0.5757587548638136,2.0,27.72790379272202,0.04296875,2745.0845848695853,147.97000000000003,0.9961089494163424
2024-01-01 01:52:15.000000,2024-01-01 01:52:19.000000,8,-0.351089494163424,-2.06,27.229635516673113,0.046875,2098.5706565981245,90.23000000000027,0.2490272373540856
2024-01-01 01:52:18.000000,2024-01-01 01:52:22.000000,8,0.8054085603112836,-1.26,32.262344947207154,0.05859375,2957.238831840621,206.98999999999978,0.8715953307392996
2024-01-01 01:52:21.000000,2024-01-01 01:52:25.000000,8,2.561439688715953,1.61,21.312035329182546,0.06640625,2046.4031657986181,658.2899999999998,0.9961089494163424
2024-01-01 01:52:24.000000,2024-01-01 01:52:28.000000,8,-1.0114785992217898,-0.7,24.844275673537044,0.09375,2241.592397912707,259.9499999999999,0.9961089494163424
2024-01-01 01:52:27.000000,2024-01-01 01:52:31.000000,8,-0.06785992217898854,4.43,25.175555846873596,0.0625,2250.7961364932694,17.43999999999983,-0.9961089494163424
2024-01-01 01:52:30.000000,2024-01-01 01:52:34.000000,8,6.945797665369651,7.54,32.407088903165175,0.046875,3854.946426681397,1785.0700000000002,0.3735408560311284
2024-01-01 01:52:33.000000,2024-01-01 01:52:37.000000,8,-1.9294552529182882,0.46,39.70947283098318,0.05078125,3718.42054498956,495.8700000000001,-0.4980544747081712
2024-01-01 01:52:36.000000,2024-01-01 01:52:40.000000,8,-0.8148638132295722,2.13,40.76786614768163,0.0625,3209.698395039777,209.4199999999998,-0.8715953307392996
2024-01-01 01:52:39.000000,2024-01-01 01:52:43.000000,8,-2.280428015564202,4.58,43.095933821248856,0.046875,3359.309656432692,586.0699999999999,-0.3735408560311284
2024-01-01 01:52:42.000000,2024-01-01 01:52:46.000000,8,-0.14645914396887133,9.16,36.86823815534163,0.03515625,3820.6675934595037,37.63999999999997,-0.3735408560311284
2024-01-01 01:52:45.000000,2024-01-01 01:52:49.000000,8,0.9850194552529182,-2.63,27.29738663837211,0.05078125,2566.8045975110426,253.14999999999992,0.2490272373540856
2024-01-01 01:52:48.000000,2024-01-01 01:52:52.000000,8,0.7970817120622569,1.29,20.977423514571647,0.06640625,2003.8703563192223,204.85000000000008,-0.8715953307392996
2024-01-01 01:52:51.000000,2024-01-01 01:52:55.000000,8,1.0077431906614789,1.62,17.619518107043,0.07421875,1439.8731858644855,258.9899999999999,0.8715953307392996
2024-01-01 01:52:54.000000,2024-01-01 01:52:58.000000,8,0.43809338521400804,0.08,29.117863165675377,0.06640625,3268.117779504143,112.58999999999978,0.8715953307392996
2024-01-01 01:52:57.000000,2024-01-01 01:53:01.000000,8,0.38513618677042816,-1.92,31.658755097094186,0.0546875,3298.0100654617313,98.98000000000019,0.8715953307392996
2024-01-01 01:53:00.000000,2024-01-01 01:53:04.000000,8,1.170972762645915,0.7,21.98921392701798,0.0703125,1561.045306429718,300.94000000000017,-0.622568093385214
2024-01-01 01:53:03.000000,2024-01-01 01:53:07.000000,8,1.5979766536964983,4.11,47.38006981233067,0.046875,5959.820338903938,410.68,-0.622568093385214
2024-01-01 01:53:06.000000,2024-01-01 01:53:10.000000,8,1.3014007782101165,-2.17,50.65443688518466,0.05859375,4041.026518613939,334.4599999999998,-0.4980544747081712
2024-01-01 01:53:09.000000,2024-01-01 01:53:13.000000,8,-4.415097276264591,-8.35,37.671980812925206,0.06640625,2638.635404644481,1134.68,0.4980544747081712
2024-01-01 01:53:12.000000,2024-01-01 01:53:16.000000,8,-1.5924124513618676,-4.73,67.54394324554454,0.03125,6877.746157390459,409.25,-0.4980544747081712
2024-01-01 01:53:15.000000,2024-01-01 01:53:19.000000,8,-0.16319066147859876,-4.0,32.00209844094075,0.0390625,3537.1313811955433,41.940000000000026,-0.622568093385214
2024-01-01 01:53:18.000000,2024-01-01 01:53:22.000000,8,0.6233073929961088,-0.89,17.77541913279534,0.046875,2514.0905191216857,160.19,-0.7470817120622568
2024-01-01 01:53:21.000000,2024-01-01 01:53:25.000000,8,1.3761089494163423,0.1,23.557162235997005,0.05078125,2027.0139923448835,353.65999999999985,0.7470817120622568
2024-01-01 01:53:24.000000,2024-01-01 01:53:28.000000,8,2.140856031128405,5.19,41.85444914614036,0.06640625,3539.3600858647865,550.2,0.9961089494163424
2024-01-01 01:53:27.000000,2024-01-01 01:53:31.000000,8,1.10579766536965,7.89,59.07525782388853,0.0390625,5587.68497709223,284.1899999999994,-0.622568093385214
2024-01-01 01:53:30.000000,2024-01-01 01:53:34.000000,8,1.1219066147859924,0.67,35.76342871509938,0.0390625,3503.922706288617,288.3299999999999,0.3735408560311284
2024-01-01 01:53:33.000000,2024-01-01 01:53:37.000000,8,-3.3476264591439686,-5.78,35.33634760303365,0.0390625,3980.130818228258,860.3399999999997,0.7470817120622568
2024-01-01 01:53:36.000000,2024-01-01 01:53:40.000000,8,1.7810894941634237,6.78,28.448935248566254,0.046875,4375.860879105281,457.73999999999984,0.7470817120622568
2024-01-01 01:53:39.000000,2024-01-01 01:53:43.000000,8,1.6194941634241238,13.33,59.79584147049864,0.05078125,7822.025634320489,416.21000000000015,0.7470817120622568
2024-01-01 01:53:42.000000,2024-01-01 01:53:46.000000,8,-9.957237354085605,2.39,87.60853599648469,0.04296875,7960.581617926879,2559.0099999999998,0.622568093385214
2024-01-01 01:53:45.000000,2024-01-01 01:53:49.000000,8,-0.12498054474707952,-4.65,135.3384519949099,0.046875,14664.89461989132,32.11999999999901,-0.8715953307392996
2024-01-01 01:53:48.000000,2024-01-01 01:53:52.000000,8,-10.59023346303502,-33.54,150.57807438628905,0.03515625,15485.215644748961,2721.6899999999996,0.2490272373540856
2024-01-01 01:53:51.000000,2024-01-01 01:53:55.000000,8,-1.6244747081712074,-9.75,72.3941266435123,0.046875,7089.938249131459,417.4899999999998,-0.3735408560311284
2024-01-01 01:53:54.000000,2024-01-01 01:53:58.000000,8,-7.143891050583657,-2.93,79.52059920600344,0.03515625,8590.878005840776,1835.9799999999996,0.7470817120622568
2024-01-01 01:53:57.000000,2024-01-01 01:54:01.000000,8,-6.161712062256809,-3.3,68.886138109346,0.04296875,6398.89357365793,1583.5599999999995,0.7470817120622568
2024-01-01 01:54:00.000000,2024-01-01 01:54:04.000000,8,-0.4406614785992218,-4.81,54.5343774456889,0.0546875,5129.84924410744,113.2500000000003,0.8715953307392996
2024-01-01 01:54:03.000000,2024-01-01 01:54:07.000000,8,2.3007392996108966,-11.24,86.0977811524384,0.0546875,10167.991237965369,591.2899999999993,0.7470817120622568
2024-01-01 01:54:06.000000,2024-01-01 01:54:10.000000,8,-0.8628015564202326,-0.39,68.76980129566773,0.0546875,5584.491867556138,221.73999999999955,0.3735408560311284
2024-01-01 01:54:09.000000,2024-01-01 01:54:13.000000,8,-0.5033073929961086,-14.75,64.17165122887441,0.04296875,4512.598025778124,129.3499999999996,0.2490272373540856
2024-01-01 01:54:12.000000,2024-01-01 01:54:16.000000,8,4.1645136186770415,16.41,75.50630099856015,0.0625,6233.172813006883,1070.2800000000002,0.7470817120622568
2024-01-01 01:54:15.000000,2024-01-01 01:54:19.000000,8,3.636381322957199,3.4,25.437826943125465,0.078125,2281.417051868601,934.5499999999998,0.9961089494163424
2024-01-01 01:54:18.000000,2024-01-01 01:54:22.000000,8,-0.026536964980543615,4.67,85.20577397124366,0.05859375,7457.624539710366,6.819999999999453,-0.3735408560311284
2024-01-01 01:54:21.000000,2024-01-01 01:54:25.000000,8,1.644280155642023,3.72,49.14220781202199,0.0859375,4083.782092156602,422.5799999999997,-0.9961089494163424
2024-01-01 01:54:24.000000,2024-01-01 01:54:28.000000,8,1.7898054474708172,0.73,41.48927371219129,0.0859375,3837.718296120387,459.98,-0.7470817120622568
2024-01-01 01:54:27.000000,2024-01-01 01:54:31.000000,8,1.3431517509727626,-0.17,33.0570920758623,0.06640625,2193.446531003802,345.1900000000001,0.3735408560311284
2024-01-01 01:54:30.000000,2024-01-01 01:54:34.000000,8,-2.560038910505837,-4.42,17.87470164738016,0.05859375,1416.4584554434925,657.9299999999998,0.2490272373540856
2024-01-01 01:54:33.000000,2024-01-01 01:54:37.000000,8,0.856692607003892,-4.71,40.70823342169612,0.046875,3592.297669735589,220.17000000000007,-0.4980544747081712
2024-01-01 01:54:36.000000,2024-01-01 01:54:40.000000,8,4.292140077821013,-4.8,44.06040048734578,0.0625,3775.8451156325023,1103.08,0.3735408560311284
2024-01-01 01:54:39.000000,2024-01-01 01:54:43.000000,8,-4.04727626459144,-5.51,39.41200577975621,0.05859375,4564.5018487576735,1040.1499999999999,-0.2490272373540856
2024-01-01 01:54:42.000000,2024-01-01 01:54:46.000000,8,-3.415097276264591,-5.09,43.015445555499674,0.046875,3533.026993296779,877.68,-0.3735408560311284
2024-01-01 01:54:45.000000,2024-01-01 01:54:49.000000,8,-2.766264591439689,-2.46,42.60172722501657,0.0703125,3671.649162792662,710.9299999999998,-0.8715953307392996
2024-01-01 01:54:48.000000,2024-01-01 01:54:52.000000,8,3.5954863813229574,11.68,34.23129211724872,0.0546875,3174.976201490489,924.0399999999997,0.7470817120622568
2024-01-01 01:54:51.000000,2024-01-01 01:54:55.000000,8,-3.8134630350194567,-1.39,116.473614048853,0.04296875,11401.64558282351,980.0599999999996,-0.622568093385214
2024-01-01 01:54:54.000000,2024-01-01 01:54:58.000000,8,10.35933852140078,16.61,84.16113199234317,0.046875,7517.277283237422,2662.3499999999995,0.622568093385214
2024-01-01 01:54:57.000000,2024-01-01 01:55:01.000000,8,0.7554863813229575,-1.95,44.22018448045153,0.046875,5650.157739627979,194.1599999999998,0.622568093385214
2024-01-01 01:55:00.000000,2024-01-01 01:55:04.000000,8,-3.1749416342412435,-2.53,59.47380846931054,0.04296875,5289.449980472437,815.9600000000002,-0.2490272373540856
2024-01-01 01:55:03.000000,2024-01-01 01:55:07.000000,8,0.721906614785993,-1.82,39.11349475233894,0.078125,3373.626819474902,185.53,0.7470817120622568
2024-01-01 01:55:06.000000,2024-01-01 01:55:10.000000,8,1.2205447470817128,-8.48,81.98154583987693,0.05078125,6735.868285273601,313.6800000000004,0.4980544747081712
2024-01-01 01:55:09.000000,2024-01-01 01:55:13.000000,8,0.4588326848249028,-4.28,79.24955146387772,0.03125,7329.124779293035,117.9199999999995,0.3735408560311284
2024-01-01 01:55:12.000000,2024-01-01 01:55:16.000000,8,6.715408560311284,0.84,31.912650471033157,0.04296875,2594.130435013429,1725.8599999999997,0.622568093385214
2024-01-01 01:55:15.000000,2024-01-01 01:55:19.000000,8,1.6785214007782105,1.55,36.74847045276448,0.05859375,3230.9746251828756,431.3799999999999,0.622568093385214
2024-01-01 01:55:18.000000,2024-01-01 01:55:22.000000,8,2.8010505836575876,0.66,29.95914736772958,0.0625,2449.976846422543,719.87,-1.3696498054474708
2024-01-01 01:55:21.000000,2024-01-01 01:55:25.000000,8,-4.264513618677043,3.14,62.61893820974941,0.01953125,5508.129981343566,1095.9799999999998,0.2490272373540856
2024-01-01 01:55:24.000000,2024-01-01 01:55:28.000000,8,9.221245136186772,15.07,45.53574907428318,0.04296875,2684.667147272562,2369.8599999999997,1.1206225680933852
2024-01-01 01:55:27.000000,2024-01-01 01:55:31.000000,8,0.5192607003891053,7.0,20.809549618160307,0.04296875,2479.2540866881955,133.45000000000002,0.7470817120622568
2024-01-01 01:55:30.000000,2024-01-01 01:55:34.000000,8,-0.43533073929961086,5.12,22.704892128137068,0.05078125,2144.3038590226233,111.87999999999997,0.7470817120622568
2024-01-01 01:55:33.000000,2024-01-01 01:55:37.000000,8,-1.600466926070039,-1.17,26.58475396785023,0.04296875,1874.2387938826062,411.3199999999999,0.4980544747081712
2024-01-01 01:55:36.000000,2024-01-01 01:55:40.000000,8,1.9522568093385213,7.78,26.950224741862844,0.04296875,3309.062077855624,501.73,-0.622568093385214
2024-01-01 01:55:39.000000,2024-01-01 01:55:43.000000,8,-0.3522178988326845,7.4,46.78858882131236,0.0390625,4718.287719250354,90.5200000000001,-0.3735408560311284
2024-01-01 01:55:42.000000,2024-01-01 01:55:46.000000,8,0.3622957198443585,1.03,42.610360634251364,0.0390625,4700.535744636439,93.11000000000003,-0.622568093385214
2024-01-01 01:55:45.000000,2024-01-01 01:55:49.000000,8,-1.7944357976653695,5.34,18.803568368047564,0.0390625,2607.6791104990843,461.16999999999996,-0.622568093385214
2024-01-01 01:55:48.000000,2024-01-01 01:55:52.000000,8,-0.8054863813229572,2.55,23.31444740225823,0.0390625,3189.6455377316265,207.00999999999993,0.622568093385214
2024-01-01 01:55:51.000000,2024-01-01 01:55:55.000000,8,1.5931517509727628,1.39,25.500337937947766,0.0546875,2767.7787329733246,409.43999999999994,-0.7470817120622568
2024-01-01 01:55:54.000000,2024-01-01 01:55:58.000000,8,1.6548638132295719,2.98,35.71584734598267,0.07421875,2864.305614312151,425.30000000000007,-0.622568093385214
2024-01-01 01:55:57.000000,2024-01-01 01:56:01.000000,8,-0.09373540856031097,7.18,43.95248838474299,0.05078125,4419.050287469135,24.08999999999969,0.4980544747081712
2024-01-01 01:56:00.000000,2024-01-01 01:56:04.000000,8,0.43011673151750957,4.83,22.919468380520865,0.04296875,3066.5887978638666,110.54000000000002,0.622568093385214
2024-01-01 01:56:03.000000,2024-01-01 01:56:07.000000,8,1.3242023346303502,10.92,22.056675582239283,0.0390625,3296.6874005316504,340.31999999999994,-0.622568093385214
2024-01-01 01:56:06.000000,2024-01-01 01:56:10.000000,8,-0.7548638132295722,7.98,25.30228829666967,0.0390625,3818.210634247123,193.99999999999977,-0.622568093385214
2024-01-01 01:56:09.000000,2024-01-01 01:56:13.000000,8,-0.35513618677042796,7.02,25.01895141221025,0.0390625,3371.4742609110826,91.27000000000007,-0.622568093385214
2024-01-01 01:56:12.000000,2024-01-01 01:56:16.000000,8,-1.5038910505836576,-4.5,37.14249788130954,0.046875,4915.03804281723,386.50000000000006,0.622568093385214
2024-01-01 01:56:15.000000,2024-01-01 01:56:19.000000,8,-3.6825291828793776,-4.11,50.88963432241258,0.0390625,6204.725569927383,946.4100000000001,0.622568093385214
2024-01-01 01:56:18.000000,2024-01-01 01:56:22.000000,8,6.314396887159533,12.61,39.089533412267016,0.0390625,4551.447540117345,1622.8000000000002,-0.3735408560311284
2024-01-01 01:56:21.000000,2024-01-01 01:56:25.000000,8,-4.556147859922178,6.97,59.63136175725762,0.03515625,6184.405505168951,1170.9299999999994,-0.4980544747081712
2024-01-01 01:56:24.000000,2024-01-01 01:56:28.000000,8,4.060933852140079,9.58,59.671573404444544,0.04296875,5292.11809073913,1043.6600000000005,0.7470817120622568
2024-01-01 01:56:27.000000,2024-01-01 01:56:31.000000,8,-4.190894941634243,-2.97,44.91262465602323,0.0546875,4195.7087567911885,1077.0600000000002,0.622568093385214
2024-01-01 01:56:30.000000,2024-01-01 01:56:34.000000,8,-0.8617120622568091,2.76,41.72916808339693,0.0546875,4896.2121811237785,221.46000000000018,-0.622568093385214
2024-01-01 01:56:33.000000,2024-01-01 01:56:37.000000,8,-2.4863813229571985,-1.17,39.9579003322672,0.05078125,3437.75207858168,639.0000000000001,0.7470817120622568
2024-01-01 01:56:36.000000,2024-01-01 01:56:40.000000,8,-0.10735408560311341,-4.52,55.862971447187554,0.04296875,5547.556563763068,27.589999999999776,0.3735408560311284
2024-01-01 01:56:39.000000,2024-01-01 01:56:43.000000,8,4.55863813229572,9.74,49.34882851570489,0.03125,4823.288831103856,1171.5699999999997,-0.622568093385214
2024-01-01 01:56:42.000000,2024-01-01 01:56:46.000000,8,-1.4506614785992216,3.16,57.998779350960135,0.03515625,4829.622897621688,372.8199999999997,-0.2490272373540856
2024-01-01 01:56:45.000000,2024-01-01 01:56:49.000000,8,-2.1288326848249017,5.76,61.55929847797813,0.046875,7352.733851219987,547.1100000000001,0.3735408560311284
2024-01-01 01:56:48.000000,2024-01-01 01:56:52.000000,8,7.02396887159533,10.38,52.696825203519396,0.05078125,4228.602418153364,1805.16,-1.1206225680933852
2024-01-01 01:56:51.000000,2024-01-01 01:56:55.000000,8,-1.0135019455252916,12.04,58.608776261546126,0.0390625,6039.997722247164,260.4699999999996,0.3735408560311284
2024-01-01 01:56:54.000000,2024-01-01 01:56:58.000000,8,2.6114396887159543,-1.35,64.08084882857808,0.0234375,7517.9709082288955,671.1400000000001,0.3735408560311284
2024-01-01 01:56:57.000000,2024-01-01 01:57:01.000000,8,-12.101595330739302,-16.92,45.145555318581515,0.04296875,4077.691313566104,3110.1099999999997,-0.2490272373540856
2024-01-01 01:57:00.000000,2024-01-01 01:57:04.000000,8,-1.117120622568092,2.11,74.92325549221549,0.046875,9087.67430556558,287.09999999999957,0.622568093385214
2024-01-01 01:57:03.000000,2024-01-01 01:57:07.000000,8,-2.4234630350194557,6.33,63.875465171309465,0.046875,8248.030882078723,622.8300000000002,0.622568093385214
2024-01-01 01:57:06.000000,2024-01-01 01:57:10.000000,8,-0.8584046692607018,0.06,46.25108117173428,0.046875,5878.815599168142,220.61000000000004,0.4980544747081712
2024-01-01 01:57:09.000000,2024-01-01 01:57:13.000000,8,1.9085992217898833,2.75,33.359617914555855,0.046875,3358.5289975897954,490.51,0.3735408560311284
2024-01-01 01:57:12.000000,2024-01-01 01:57:16.000000,8,4.967042801556421,8.91,40.75808163499072,0.03515625,3231.115153066287,1276.5299999999997,0.8715953307392996
2024-01-01 01:57:15.000000,2024-01-01 01:57:19.000000,8,-5.555992217898832,-5.05,59.910416390458025,0.05078125,6788.803800298946,1427.8899999999999,-0.622568093385214
2024-01-01 01:57:18.000000,2024-01-01 01:57:22.000000,8,5.037315175097276,11.97,28.652908123529663,0.05078125,3581.185893909728,1294.59,0.622568093385214
2024-01-01 01:57:21.000000,2024-01-01 01:57:25.000000,8,-0.8000389105058364,4.72,49.52050123511075,0.0390625,5706.712394937842,205.60999999999987,0.622568093385214
2024-01-01 01:57:24.000000,2024-01-01 01:57:28.000000,8,-0.05482490272373553,2.42,26.931043702586567,0.03515625,2683.712760297009,14.090000000000163,0.4980544747081712
2024-01-01 01:57:27.000000,2024-01-01 01:57:31.000000,8,-2.2693385214007784,1.44,16.41433733855442,0.0390625,1591.3267923946742,583.2199999999998,-0.4980544747081712
2024-01-01 01:57:30.000000,2024-01-01 01:57:34.000000,8,0.6459533073929963,8.22,19.172720406323702,0.0390625,2800.0799474822757,166.0099999999999,0.622568093385214
2024-01-01 01:57:33.000000,2024-01-01 01:57:37.000000,8,-0.3745136186770426,6.39,18.58330798855966,0.04296875,2209.19988650997,96.25000000000001,0.622568093385214
2024-01-01 01:57:36.000000,2024-01-01 01:57:40.000000,8,0.9201556420233463,8.36,19.473779766988763,0.04296875,2681.5482721205085,236.47999999999993,0.622568093385214
2024-01-01 01:57:39.000000,2024-01-01 01:57:43.000000,8,-0.6453307392996109,5.57,18.431903684246524,0.0390625,2691.1284520728505,165.84999999999997,0.622568093385214
2024-01-01 01:57:42.000000,2024-01-01 01:57:46.000000,8,-0.8176653696498054,6.32,19.23513346384579,0.0390625,2944.2326552677714,210.14,-0.622568093385214
2024-01-01 01:57:45.000000,2024-01-01 01:57:49.000000,8,1.0763035019455254,10.09,21.77020930619758,0.0390625,3175.689955085119,276.60999999999996,-0.622568093385214
2024-01-01 01:57:48.000000,2024-01-01 01:57:52.000000,8,-0.4273540856031128,5.18,20.369817381589108,0.03515625,2981.0203590233373,109.82999999999994,0.622568093385214
2024-01-01 01:57:51.000000,2024-01-01 01:57:55.000000,8,-0.35770428015564204,6.21,19.54818968855449,0.03515625,2888.3569727526615,91.92999999999998,0.622568093385214
2024-01-01 01:57:54.000000,2024-01-01 01:57:58.000000,8,-0.8508560311284047,0.75,25.28691572882799,0.04296875,2626.5586346574755,218.67000000000007,0.622568093385214
2024-01-01 01:57:57.000000,2024-01-01 01:58:01.000000,8,-1.9543579766536965,3.26,19.67426425314558,0.04296875,1804.7477336580662,502.2699999999998,-1.3696498054474708
2024-01-01 01:58:00.000000,2024-01-01 01:58:04.000000,8,-0.8787548638132299,8.7,23.788828293309855,0.0390625,3679.4122923619907,225.83999999999995,-0.622568093385214
2024-01-01 01:58:03.000000,2024-01-01 01:58:07.000000,8,-1.0063813229571987,3.6,26.478304085508377,0.0546875,2391.0252328380666,258.64,-0.622568093385214
2024-01-01 01:58:06.000000,2024-01-01 01:58:10.000000,8,-2.0766147859922173,1.08,37.22654948477546,0.05859375,3052.444526350706,533.6900000000002,-1.3696498054474708
2024-01-01 01:58:09.000000,2024-01-01 01:58:13.000000,8,-1.5288715953307388,3.25,34.927143454534104,0.046875,3611.6548647951345,392.91999999999985,0.7470817120622568
2024-01-01 01:58:12.000000,2024-01-01 01:58:16.000000,8,-1.1199999999999999,2.08,48.345388304496026,0.046875,5234.432359622572,287.8400000000002,-0.4980544747081712
2024-01-01 01:58:15.000000,2024-01-01 01:58:19.000000,8,-0.07027237354085537,-0.54,39.13028078783615,0.04296875,5374.8300420433625,18.060000000000038,0.622568093385214
2024-01-01 01:58:18.000000,2024-01-01 01:58:22.000000,8,-2.7599221789883273,-2.75,52.99757742099087,0.05078125,6228.471101162603,709.2999999999996,-0.7470817120622568
2024-01-01 01:58:21.000000,2024-01-01 01:58:25.000000,8,2.5669260700389107,10.57,49.537490808398516,0.0625,4844.235179225903,659.6999999999999,0.622568093385214
2024-01-01 01:58:24.000000,2024-01-01 01:58:28.000000,8,-3.350038910505836,-5.3,61.817296139119556,0.05078125,6585.5003371808825,860.9599999999991,-0.4980544747081712
2024-01-01 01:58:27.000000,2024-01-01 01:58:31.000000,8,-6.44214007782101,-2.67,47.68573108297493,0.046875,4455.537150279142,1655.63,-0.3735408560311284
2024-01-01 01:58:30.000000,2024-01-01 01:58:34.000000,8,-2.115953307392996,6.63,63.33418174501277,0.0390625,6389.387879989413,543.8000000000001,-0.622568093385214
2024-01-01 01:58:33.000000,2024-01-01 01:58:37.000000,8,2.8595719844358,9.15,60.153229627192175,0.04296875,6532.88854967729,734.9100000000002,0.3735408560311284
2024-01-01 01:58:36.000000,2024-01-01 01:58:40.000000,8,-0.45984435797665396,3.98,51.04180701402461,0.03515625,4380.874491932161,118.17999999999994,0.3735408560311284
2024-01-01 01:58:39.000000,2024-01-01 01:58:43.000000,8,-0.33307392996108826,0.59,59.60067668422205,0.0234375,8070.49933307876,85.60000000000052,0.3735408560311284
2024-01-01 01:58:42.000000,2024-01-01 01:58:46.000000,8,-5.2298443579766545,-8.65,49.56782573032564,0.0390625,4760.122688993047,1344.0699999999997,0.3735408560311284
2024-01-01 01:58:45.000000,2024-01-01 01:58:49.000000,8,-2.7256420233463037,-6.23,25.813953948084993,0.0546875,2304.1765617473857,700.4899999999999,0.2490272373540856
2024-01-01 01:58:48.000000,2024-01-01 01:58:52.000000,8,-0.7539688715953311,11.79,34.53038824443663,0.0390625,3392.0165593459183,193.76999999999987,-0.622568093385214
2024-01-01 01:58:51.000000,2024-01-01 01:58:55.000000,8,-1.9202334630350193,-0.35,39.42838598064892,0.0390625,4296.27884478794,493.5,0.4980544747081712
2024-01-01 01:58:54.000000,2024-01-01 01:58:58.000000,8,-2.314513618677043,-4.9,56.62144851459925,0.046875,5414.553412949761,594.8299999999997,-0.4980544747081712
2024-01-01 01:58:57.000000,2024-01-01 01:59:01.000000,8,-0.31221789883268486,4.52,59.18285963976255,0.04296875,4859.437465481859,80.23999999999964,-0.2490272373540856
2024-01-01 01:59:00.000000,2024-01-01 01:59:04.000000,8,-2.382217898832686,-3.48,42.243427929854796,0.04296875,4786.926411563695,612.2299999999998,0.622568093385214
2024-01-01 01:59:03.000000,2024-01-01 01:59:07.000000,8,-3.3285992217898843,-0.33,45.56599584049937,0.04296875,4461.058707507167,855.4500000000002,-0.3735408560311284
2024-01-01 01:59:06.000000,2024-01-01 01:59:10.000000,8,0.04914396887159487,3.83,37.99918482943874,0.0546875,3072.190158635843,12.630000000000042,0.7470817120622568
2024-01-01 01:59:09.000000,2024-01-01 01:59:13.000000,8,-0.8825680933852142,5.22,18.210997911746475,0.0390625,2439.211015974611,226.81999999999994,0.622568093385214
2024-01-01 01:59:12.000000,2024-01-01 01:59:16.000000,8,1.1302334630350193,7.26,31.001817372761106,0.0390625,4025.531092264285,290.46999999999986,-0.622568093385214
2024-01-01 01:59:15.000000,2024-01-01 01:59:19.000000,8,-0.4720622568093383,6.76,22.835537033095118,0.04296875,2783.1699459172487,121.31999999999994,-0.622568093385214
2024-01-01 01:59:18.000000,2024-01-01 01:59:22.000000,8,-0.49536964980544745,4.26,22.25670922282159,0.04296875,2510.0716881897138,127.30999999999993,0.7470817120622568
2024-01-01 01:59:21.000000,2024-01-01 01:59:25.000000,8,-0.2593385214007782,7.21,18.85605402487121,0.0390625,2895.9331220697313,66.64999999999998,0.622568093385214
2024-01-01 01:59:24.000000,2024-01-01 01:59:28.000000,8,6.795953307392998,5.44,43.91505488188603,0.0390625,3982.4864292404613,1746.5599999999995,0.4980544747081712
2024-01-01 01:59:27.000000,2024-01-01 01:59:31.000000,8,4.179766536964981,0.86,51.512519730719674,0.05078125,5352.710621773132,1074.1999999999998,0.622568093385214
2024-01-01 01:59:30.000000,2024-01-01 01:59:34.000000,8,-0.14311284046692596,2.94,22.06446739720615,0.0546875,2956.8655706278373,36.7799999999999,-0.7470817120622568
2024-01-01 01:59:33.000000,2024-01-01 01:59:37.000000,8,0.23568093385214028,5.09,17.83435134546317,0.04296875,2168.751917790082,60.56999999999992,0.622568093385214
2024-01-01 01:59:36.000000,2024-01-01 01:59:40.000000,8,-1.8031906614785993,2.06,15.067388805128529,0.046875,1941.9649379016785,463.42000000000013,-0.622568093385214
2024-01-01 01:59:39.000000,2024-01-01 01:59:43.000000,8,3.1431128404669266,7.9,21.918932982352803,0.046875,2671.8568987548692,807.7799999999997,-0.622568093385214
2024-01-01 01:59:42.000000,2024-01-01 01:59:46.000000,8,0.15046692607003898,7.21,19.09432015760521,0.0390625,2834.579804854978,38.66999999999999,0.622568093385214
2024-01-01 01:59:45.000000,2024-01-01 01:59:49.000000,8,-7.255836575875485,2.91,91.07072705726476,0.0390625,9823.44078040277,1864.75,-0.4980544747081712
2024-01-01 01:59:48.000000,2024-01-01 01:59:52.000000,8,3.0373151750972753,-2.42,62.16914968729813,0.03515625,6643.523002930167,780.5900000000003,0.3735408560311284
2024-01-01 01:59:51.000000,2024-01-01 01:59:55.000000,8,6.558249027237355,11.92,46.90991709150095,0.05078125,4169.688932095435,1685.47,0.7470817120622568
2024-01-01 01:59:54.000000,2024-01-01 01:59:58.000000,8,-5.326887159533073,-3.8,39.22074766375091,0.04296875,4195.865580013515,1369.01,-0.622568093385214
2024-01-01 01:59:57.000000,2024-01-01 02:00:01.000000,8,1.2373540856031129,5.17,66.39355097402557,0.046875,6528.6738320954,318.0,-0.622568093385214
2024-01-01 02:00:00.000000,2024-01-01 02:00:04.000000,8,4.204124513618678,9.17,39.429150524034064,0.04296875,3919.4718895837314,1080.46,-0.622568093385214
2024-01-01 02:00:03.000000,2024-01-01 02:00:07.000000,8,2.5871595330739297,4.32,25.8035716570324,0.05078125,2365.657538367022,664.8999999999999,0.622568093385214
2024-01-01 02:00:06.000000,2024-01-01 02:00:10.000000,8,1.8539688715953304,4.26,16.57212288280464,0.0625,1619.099983041167,476.46999999999997,-0.7470817120622568
2024-01-01 02:00:09.000000,2024-01-01 02:00:13.000000,8,1.0440077821011673,2.39,14.070700244099942,0.05078125,1899.7427022026043,268.30999999999995,0.622568093385214
2024-01-01 02:00:12.000000,2024-01-01 02:00:16.000000,8,1.6689494163424128,3.14,12.013078975437047,0.06640625,1468.9056021435977,428.91999999999996,0.622568093385214
2024-01-01 02:00:15.000000,2024-01-01 02:00:19.000000,8,-0.037626459143968935,4.25,15.027971608717602,0.04296875,1826.1969490766446,9.669999999999975,-0.622568093385214
2024-01-01 02:00:18.000000,2024-01-01 02:00:22.000000,8,-1.1106614785992217,-0.41,18.381296071383588,0.07421875,1740.9653228756456,285.43999999999994,0.4980544747081712
2024-01-01 02:00:21.000000,2024-01-01 02:00:25.000000,8,0.034396887159533034,4.88,18.705919907244354,0.04296875,2337.5126865439997,8.839999999999979,0.622568093385214
2024-01-01 02:00:24.000000,2024-01-01 02:00:28.000000,8,-0.6309338521400779,4.6,20.60769495387618,0.046875,1626.9441140036972,162.1499999999998,0.7470817120622568
2024-01-01 02:00:27.000000,2024-01-01 02:00:31.000000,8,-0.030505836575874835,2.37,30.343773972328414,0.07421875,3079.9905911549536,7.84000000000011,-0.9961089494163424
2024-01-01 02:00:30.000000,2024-01-01 02:00:34.000000,8,-5.5915953307393,10.87,53.96027806426782,0.05078125,5315.040483961259,1437.0399999999997,0.3735408560311284
2024-01-01 02:00:33.000000,2024-01-01 02:00:37.000000,8,-0.6642801556420244,0.69,66.53623039989155,0.05078125,6958.655692417882,170.71999999999977,0.4980544747081712
2024-01-01 02:00:36.000000,2024-01-01 02:00:40.000000,8,-4.116070038910506,4.44,69.66427661051932,0.0703125,5527.3223146963455,1057.83,-0.2490272373540856
2024-01-01 02:00:39.000000,2024-01-01 02:00:43.000000,8,-8.533229571984437,9.97,129.52848609263904,0.05078125,11441.580909045639,2193.039999999999,0.3735408560311284
2024-01-01 02:00:42.000000,2024-01-01 02:00:46.000000,8,-4.099338521400781,3.09,137.79006050005063,0.04296875,14613.41834438189,1053.5300000000007,0.4980544747081712
2024-01-01 02:00:45.000000,2024-01-01 02:00:49.000000,8,-0.27338521400778204,-3.52,62.917191278834395,0.0546875,6651.219158844474,70.25999999999968,-0.622568093385214
2024-01-01 02:00:48.000000,2024-01-01 02:00:52.000000,8,0.0813618677042798,-7.25,61.26931719055997,0.07421875,4868.6673510713645,20.909999999999954,-0.9961089494163424
2024-01-01 02:00:51.000000,2024-01-01 02:00:55.000000,8,-5.740077821011675,-15.52,67.72371225469276,0.0625,5781.080491915994,1475.2,-0.2490272373540856
2024-01-01 02:00:54.000000,2024-01-01 02:00:58.000000,8,-5.03805447470817,7.31,59.51780801743412,0.046875,5014.630975226757,1294.7799999999997,-0.7470817120622568
2024-01-01 02:00:57.000000,2024-01-01 02:01:01.000000,8,3.0274708171206224,1.83,39.09043156659469,0.078125,2733.585071969502,778.06,1.245136186770428
2024-01-01 02:01:00.000000,2024-01-01 02:01:04.000000,8,-3.6905447470817125,-1.25,88.69503787389736,0.05859375,9490.871115194142,948.4699999999997,0.7470817120622568
2024-01-01 02:01:03.000000,2024-01-01 02:01:07.000000,8,0.021517509727625467,-24.18,142.89975179174138,0.04296875,11496.253360365683,5.530000000000911,0.7470817120622568
2024-01-01 02:01:06.000000,2024-01-01 02:01:10.000000,8,5.778754863813231,-4.84,134.36366582434437,0.02734375,10520.1397137823,1485.1399999999999,0.622568093385214
2024-01-01 02:01:09.000000,2024-01-01 02:01:13.000000,8,2.2487548638132293,13.43,73.30839930990909,0.046875,6443.799534199679,577.9300000000001,0.4980544747081712
2024-01-01 02:01:12.000000,2024-01-01 02:01:16.000000,8,-0.9687937743190671,4.0,69.84443005614305,0.0703125,6760.086119242333,248.9800000000002,0.622568093385214
2024-01-01 02:01:15.000000,2024-01-01 02:01:19.000000,8,-3.553852140077822,-0.84,79.82169137771967,0.08203125,8357.382984971673,913.3400000000004,-0.7470817120622568
2024-01-01 02:01:18.000000,2024-01-01 02:01:22.000000,8,-4.730933852140079,-15.07,64.60050183555671,0.07421875,7433.581585903987,1215.85,0.7470817120622568
2024-01-01 02:01:21.000000,2024-01-01 02:01:25.000000,8,-1.1263035019455254,-3.64,72.13701119626043,0.0703125,4675.719985908319,289.4599999999997,-0.8715953307392996
2024-01-01 02:01:24.000000,2024-01-01 02:01:28.000000,8,6.253929961089495,5.94,62.67359280962715,0.04296875,4358.914357641223,1607.2599999999998,-0.3735408560311284
2024-01-01 02:01:27.000000,2024-01-01 02:01:31.000000,8,0.06852140077821062,2.94,39.83703286703158,0.05859375,3168.9582622337743,17.60999999999997,0.622568093385214
2024-01-01 02:01:30.000000,2024-01-01 02:01:34.000000,8,-0.5543190661478606,-8.62,65.8973391767048,0.05078125,6811.731816101746,142.45999999999984,-0.7470817120622568
2024-01-01 02:01:33.000000,2024-01-01 02:01:37.000000,8,0.13307392996108933,-5.93,59.46551223686022,0.07421875,5930.384639915178,34.19999999999941,-0.8715953307392996
2024-01-01 02:01:36.000000,2024-01-01 02:01:40.000000,8,-9.872957198443581,-12.23,56.93714341108594,0.0703125,4641.522847096872,2537.3499999999995,0.622568093385214
2024-01-01 02:01:39.000000,2024-01-01 02:01:43.000000,8,-0.20980544747081342,16.28,169.1996847372842,0.046875,20179.437446994183,53.92000000000098,-0.622568093385214
2024-01-01 02:01:42.000000,2024-01-01 02:01:46.000000,8,-10.99268482490272,-0.11,107.53846074064239,0.05859375,8942.017947811528,2825.119999999999,0.3735408560311284
2024-01-01 02:01:45.000000,2024-01-01 02:01:49.000000,8,1.0552918287937743,2.01,65.02548806775434,0.08203125,7441.34458072088,271.2099999999999,-0.622568093385214
2024-01-01 02:01:48.000000,2024-01-01 02:01:52.000000,8,0.18797665369649807,-0.6,77.8820668329451,0.08203125,7285.079810181751,48.30999999999956,0.7470817120622568
2024-01-01 02:01:51.000000,2024-01-01 02:01:55.000000,8,2.4089494163424128,2.26,54.181134300846246,0.04296875,6896.527270816352,619.0999999999996,0.3735408560311284
2024-01-01 02:01:54.000000,2024-01-01 02:01:58.000000,8,1.6706614785992204,-1.4,56.21469340518422,0.046875,4662.907972503235,429.3599999999997,-0.3735408560311284
2024-01-01 02:01:57.000000,2024-01-01 02:02:01.000000,8,-3.9781322957198437,-2.41,44.98546418460417,0.05859375,5081.274761044398,1022.3799999999997,-0.622568093385214
2024-01-01 02:02:00.000000,2024-01-01 02:02:04.000000,8,1.8668093385213997,0.32,43.056929183552015,0.0546875,4193.2877308083835,479.77,-0.622568093385214
2024-01-01 02:02:03.000000,2024-01-01 02:02:07.000000,8,7.0725680933852155,7.28,29.146595970376787,0.0546875,2559.8945095545196,1817.6499999999999,0.2490272373540856
2024-01-01 02:02:06.000000,2024-01-01 02:02:10.000000,8,-0.015797665369649595,2.27,18.215723790420757,0.0390625,2854.425040914852,4.059999999999995,0.622568093385214
2024-01-01 02:02:09.000000,2024-01-01 02:02:13.000000,8,-0.4925680933852141,1.94,16.61058815008169,0.05078125,1863.5532093696413,126.58999999999996,-0.622568093385214
2024-01-01 02:02:12.000000,2024-01-01 02:02:16.000000,8,-2.2100389105058365,0.14,24.401697646789955,0.0390625,3353.045227495182,567.98,0.622568093385214
2024-01-01 02:02:15.000000,2024-01-01 02:02:19.000000,8,2.4063035019455254,6.43,20.855883236616997,0.03515625,2866.951023774949,618.4200000000001,-0.622568093385214
2024-01-01 02:02:18.000000,2024-01-01 02:02:22.000000,8,-0.6465369649805446,3.09,22.385578855480087,0.046875,2776.3710274291866,166.16000000000014,-0.622568093385214
2024-01-01 02:02:21.000000,2024-01-01 02:02:25.000000,8,0.35891050583657597,4.54,28.059268264285084,0.06640625,2365.217325160887,92.24,0.4980544747081712
2024-01-01 02:02:24.000000,2024-01-01 02:02:28.000000,8,0.32754863813229596,1.13,48.001872341235064,0.0546875,3166.7881056459105,84.1800000000003,0.8715953307392996
2024-01-01 02:02:27.000000,2024-01-01 02:02:31.000000,8,2.953540856031129,1.68,51.27227590116552,0.05859375,4421.823473891621,759.0599999999995,-1.1206225680933852
2024-01-01 02:02:30.000000,2024-01-01 02:02:34.000000,8,2.0733852140077826,-2.37,36.8786582695356,0.04296875,3777.9966436132217,532.86,0.3735408560311284
2024-01-01 02:02:33.000000,2024-01-01 02:02:37.000000,8,0.10906614785992119,7.67,41.81990569580189,0.046875,3754.874208559793,28.029999999999752,0.4980544747081712
2024-01-01 02:02:36.000000,2024-01-01 02:02:40.000000,8,-3.3425680933852138,-2.85,65.66686009894288,0.05859375,5605.409579018394,859.04,0.7470817120622568
2024-01-01 02:02:39.000000,2024-01-01 02:02:43.000000,8,-3.19750972762646,-10.32,43.44002535852527,0.05859375,4090.9187598862895,821.76,1.245136186770428
2024-01-01 02:02:42.000000,2024-01-01 02:02:46.000000,8,-2.434824902723735,-6.67,27.29185382532904,0.046875,2359.792626348723,625.7499999999999,0.622568093385214
2024-01-01 02:02:45.000000,2024-01-01 02:02:49.000000,8,5.6420622568093375,10.02,28.178337715940753,0.05078125,3099.7529312351057,1450.01,0.7470817120622568
2024-01-01 02:02:48.000000,2024-01-01 02:02:52.000000,8,-1.4943579766536965,4.83,18.71214726194196,0.0390625,2736.9584624750014,384.04999999999995,0.622568093385214
2024-01-01 02:02:51.000000,2024-01-01 02:02:55.000000,8,-0.4340077821011672,6.04,22.06716101366608,0.0390625,3076.3195032519257,111.53999999999974,-0.622568093385214
2024-01-01 02:02:54.000000,2024-01-01 02:02:58.000000,8,-1.1903501945525292,2.02,21.08911290405572,0.04296875,3114.765925886806,305.92,0.622568093385214
2024-01-01 02:02:57.000000,2024-01-01 02:03:01.000000,8,0.3826459143968867,6.0,23.538979457684437,0.0390625,3467.4413474663806,98.33999999999992,-0.622568093385214
2024-01-01 02:03:00.000000,2024-01-01 02:03:04.000000,8,-2.2427237354085614,2.66,26.889442143753858,0.0546875,2367.7715276541176,576.38,0.7470817120622568
2024-01-01 02:03:03.000000,2024-01-01 02:03:07.000000,8,1.4845136186770427,4.44,36.36335038775533,0.05078125,3316.4993743509954,381.5199999999999,-1.3696498054474708
2024-01-01 02:03:06.000000,2024-01-01 02:03:10.000000,8,-3.4498443579766533,2.92,27.526020232126385,0.0390625,3774.9863473380315,886.6099999999999,-0.622568093385214
2024-01-01 02:03:09.000000,2024-01-01 02:03:13.000000,8,-4.0491439688715944,6.25,35.208247858038874,0.05078125,3203.1250963151024,1040.6299999999999,0.622568093385214
2024-01-01 02:03:12.000000,2024-01-01 02:03:16.000000,8,1.4699221789883268,7.24,33.59654130254958,0.04296875,3092.479897304736,377.77000000000027,-0.7470817120622568
2024-01-01 02:03:15.000000,2024-01-01 02:03:19.000000,8,-3.1172373540856024,7.15,41.72602205994899,0.03515625,3620.842237937904,801.1299999999998,-0.622568093385214
2024-01-01 02:03:18.000000,2024-01-01 02:03:22.000000,8,-4.911789883268482,-1.85,48.50504510553573,0.0390625,6353.438192099332,1262.33,0.622568093385214
2024-01-01 02:03:21.000000,2024-01-01 02:03:25.000000,8,0.5292217898832687,11.12,33.87057512869059,0.04296875,3773.569040855016,136.0100000000001,-0.622568093385214
2024-01-01 02:03:24.000000,2024-01-01 02:03:28.000000,8,2.5834630350194554,15.64,31.665343660418692,0.0390625,4674.094636524947,663.9499999999999,0.622568093385214
2024-01-01 02:03:27.000000,2024-01-01 02:03:31.000000,8,-2.813852140077821,4.8,26.79769361624106,0.03515625,3391.950741919923,723.16,-0.622568093385214
2024-01-01 02:03:30.000000,2024-01-01 02:03:34.000000,8,-1.150155642023347,4.41,46.751006121934736,0.0390625,4758.910978144707,295.58999999999986,-0.622568093385214
2024-01-01 02:03:33.000000,2024-01-01 02:03:37.000000,8,7.446264591439688,13.74,29.998053948210014,0.0390625,3819.723110271235,1913.6899999999996,0.622568093385214
2024-01-01 02:03:36.000000,2024-01-01 02:03:40.000000,8,-3.9117120622568096,-0.68,21.23931198555859,0.03515625,2753.2292529016904,1005.3099999999997,-0.4980544747081712
2024-01-01 02:03:39.000000,2024-01-01 02:03:43.000000,8,0.7173929961089495,12.04,31.801890541367303,0.0390625,4306.816834903904,184.36999999999995,0.622568093385214
2024-01-01 02:03:42.000000,2024-01-01 02:03:46.000000,8,-2.8482879377431907,5.81,39.92782720532941,0.046875,4832.12758618582,732.01,0.622568093385214
2024-01-01 02:03:45.000000,2024-01-01 02:03:49.000000,8,2.1405836575875483,11.22,26.12257297431931,0.04296875,2719.8310372494566,550.1299999999999,0.622568093385214
2024-01-01 02:03:48.000000,2024-01-01 02:03:52.000000,8,0.06120622568093392,8.5,23.689079162901436,0.0390625,3287.623412680123,15.729999999999997,0.622568093385214
2024-01-01 02:03:51.000000,2024-01-01 02:03:55.000000,8,-2.1800778210116727,8.68,25.670385722051794,0.0390625,3558.546748764292,560.28,0.622568093385214
2024-01-01 02:03:54.000000,2024-01-01 02:03:58.000000,8,2.2196108949416344,10.31,25.76984201853992,0.04296875,3200.9613996110415,570.4399999999999,0.7470817120622568
2024-01-01 02:03:57.000000,2024-01-01 02:04:01.000000,8,1.068832684824903,9.43,25.172602546112568,0.04296875,2601.3045482106095,274.68999999999994,0.7470817120622568
2024-01-01 02:04:00.000000,2024-01-01 02:04:04.000000,8,-1.1834241245136186,8.29,24.1849596523505,0.0390625,3663.8031853512243,304.14,-0.622568093385214
2024-01-01 02:04:03.000000,2024-01-01 02:04:07.000000,8,-1.1349416342412448,9.79,23.824663496453347,0.0390625,3591.0776471930653,291.68,-0.622568093385214
2024-01-01 02:04:06.000000,2024-01-01 02:04:10.000000,8,0.5632684824902725,10.66,26.831517021621075,0.04296875,2796.9460035528027,144.7600000000001,1.3696498054474708
2024-01-01 02:04:09.000000,2024-01-01 02:04:13.000000,8,-0.05501945525291824,10.51,26.296120482706694,0.04296875,3948.240425922476,14.139999999999965,-0.622568093385214
2024-01-01 02:04:12.000000,2024-01-01 02:04:16.000000,8,0.34112840466926075,12.28,25.26988367577805,0.0390625,3563.635659520778,87.66999999999985,-0.622568093385214
2024-01-01 02:04:15.000000,2024-01-01 02:04:19.000000,8,-0.6866536964980546,9.32,24.232530879398702,0.0390625,3743.1021832150714,176.47000000000003,-0.622568093385214
2024-01-01 02:04:18.000000,2024-01-01 02:04:22.000000,8,1.017976653696498,11.95,25.903112426696488,0.0390625,3700.671066852467,261.62000000000006,-0.622568093385214
2024-01-01 02:04:21.000000,2024-01-01 02:04:25.000000,8,1.7125291828793774,11.96,25.898404063404598,0.0390625,4001.3509778173516,440.1199999999999,0.622568093385214
2024-01-01 02:04:24.000000,2024-01-01 02:04:28.000000,8,-4.445252918287938,5.69,26.30933385112,0.04296875,3419.592670278264,1142.4299999999998,-0.622568093385214
2024-01-01 02:04:27.000000,2024-01-01 02:04:31.000000,8,-0.8555642023346299,12.59,32.15717565135095,0.04296875,3335.9733852601544,219.87999999999997,-0.622568093385214
2024-01-01 02:04:30.000000,2024-01-01 02:04:34.000000,8,-0.45642023346303573,14.5,33.60838720111714,0.0390625,4908.308458713785,117.29999999999998,-0.622568093385214
2024-01-01 02:04:33.000000,2024-01-01 02:04:37.000000,8,-2.9115175097276267,7.88,28.565365987788326,0.0390625,4242.254405920117,748.2600000000002,0.622568093385214
2024-01-01 02:04:36.000000,2024-01-01 02:04:40.000000,8,-1.5677042801556424,8.41,28.726202361797814,0.04296875,3977.837574221049,402.9000000000001,-0.622568093385214
2024-01-01 02:04:39.000000,2024-01-01 02:04:43.000000,8,2.286887159533074,13.56,34.52345653624321,0.04296875,4029.5014572607265,587.7299999999999,-0.622568093385214
2024-01-01 02:04:42.000000,2024-01-01 02:04:46.000000,8,2.5067704280155643,17.28,34.58535680811674,0.0390625,5004.918436631824,644.2399999999999,0.622568093385214
2024-01-01 02:04:45.000000,2024-01-01 02:04:49.000000,8,-0.42206225680933834,7.74,29.40494035387351,0.0390625,4256.1344183721185,108.47000000000008,-0.622568093385214
2024-01-01 02:04:48.000000,2024-01-01 02:04:52.000000,8,0.6670817120622569,12.78,32.47076677514644,0.0390625,4906.931805819645,171.44000000000005,-0.622568093385214
2024-01-01 02:04:51.000000,2024-01-01 02:04:55.000000,8,-1.064980544747082,7.73,34.16535907955272,0.05078125,3494.0607356391374,273.6999999999998,-0.622568093385214
2024-01-01 02:04:54.000000,2024-01-01 02:04:58.000000,8,1.484747081712063,7.15,31.833085273064388,0.046875,4774.004825327691,381.58000000000004,0.622568093385214
2024-01-01 02:04:57.000000,2024-01-01 02:05:01.000000,8,-3.3676653696498056,5.36,36.43044977886919,0.046875,4349.874832188698,865.4899999999999,-0.622568093385214
2024-01-01 02:05:00.000000,2024-01-01 02:05:04.000000,8,0.29058365758754845,12.09,61.8883401216852,0.04296875,5633.116221804323,74.68000000000028,0.7470817120622568
2024-01-01 02:05:03.000000,2024-01-01 02:05:07.000000,8,0.7657587548638135,6.59,24.480271447528892,0.046875,2294.8699907804053,196.8,0.622568093385214
2024-01-01 02:05:06.000000,2024-01-01 02:05:10.000000,8,-1.1902334630350189,8.15,34.87807652122292,0.03515625,4036.3774714245137,305.89,0.4980544747081712
2024-01-01 02:05:09.000000,2024-01-01 02:05:13.000000,8,5.30887159533074,11.23,30.409379449231686,0.05078125,3562.578656311794,1364.3799999999997,0.622568093385214
2024-01-01 02:05:12.000000,2024-01-01 02:05:16.000000,8,-0.8971595330739301,8.13,21.791868755417834,0.0390625,3328.7311141674622,230.57000000000016,0.622568093385214
2024-01-01 02:05:15.000000,2024-01-01 02:05:19.000000,8,1.1632295719844354,5.91,23.752469659379564,0.046875,3669.2477774265167,298.95,0.622568093385214
2024-01-01 02:05:18.000000,2024-01-01 02:05:22.000000,8,-2.210700389105058,1.13,32.363413869986566,0.046875,3865.9347736945742,568.1499999999999,0.622568093385214
2024-01-01 02:05:21.000000,2024-01-01 02:05:25.000000,8,-0.7367315175097275,8.4,22.847145306367967,0.0390625,3407.4920661287865,189.3400000000001,0.622568093385214
2024-01-01 02:05:24.000000,2024-01-01 02:05:28.000000,8,0.7748638132295721,9.66,22.9323815321324,0.04296875,3130.0612127913896,199.14000000000004,-0.622568093385214
2024-01-01 02:05:27.000000,2024-01-01 02:05:31.000000,8,0.34120622568093384,6.0,21.22534070380169,0.0390625,2672.546578883361,87.68999999999994,0.622568093385214
2024-01-01 02:05:30.000000,2024-01-01 02:05:34.000000,8,-2.0239688715953306,4.02,21.521108746682337,0.0390625,2972.6964778317993,520.16,0.622568093385214
2024-01-01 02:05:33.000000,2024-01-01 02:05:37.000000,8,0.6538132295719844,8.22,23.081302943264074,0.0390625,3311.3364940744514,168.02999999999992,0.622568093385214
2024-01-01 02:05:36.000000,2024-01-01 02:05:40.000000,8,-0.22696498054474679,9.11,22.37148191901187,0.0390625,3444.71068334691,58.32999999999986,0.622568093385214
2024-01-01 02:05:39.000000,2024-01-01 02:05:43.000000,8,0.6863035019455254,10.87,26.10199062903349,0.0390625,3917.641997185466,176.3800000000001,0.622568093385214
2024-01-01 02:05:42.000000,2024-01-01 02:05:46.000000,8,1.9458365758754863,12.67,26.31508274476471,0.0390625,3979.056340315669,500.07999999999976,-0.622568093385214
2024-01-01 02:05:45.000000,2024-01-01 02:05:49.000000,8,-3.2275097276264586,0.86,22.41913391835909,0.0390625,2422.0551829921515,829.4699999999999,-0.4980544747081712
2024-01-01 02:05:48.000000,2024-01-01 02:05:52.000000,8,-2.1186770428015556,-1.8,30.893850024506452,0.0703125,2347.665189886257,544.5000000000001,0.3735408560311284
2024-01-01 02:05:51.000000,2024-01-01 02:05:55.000000,8,-2.306692607003891,-1.11,48.60883214855656,0.07421875,4191.040847016583,592.8200000000002,0.4980544747081712
2024-01-01 02:05:54.000000,2024-01-01 02:05:58.000000,8,-1.3616731517509726,3.22,36.88293077748166,0.05078125,3047.726448928157,349.95,-0.4980544747081712
2024-01-01 02:05:57.000000,2024-01-01 02:06:01.000000,8,1.1446692607003892,0.54,28.3465074593695,0.0390625,3622.6797497333723,294.1799999999997,0.2490272373540856
2024-01-01 02:06:00.000000,2024-01-01 02:06:04.000000,8,0.7450194552529181,7.25,25.006277338845862,0.04296875,2963.098150166142,191.47000000000003,0.622568093385214
2024-01-01 02:06:03.000000,2024-01-01 02:06:07.000000,8,-1.374785992217899,4.47,23.57945519054518,0.0390625,3227.0138022509745,353.3199999999998,0.622568093385214
2024-01-01 02:06:06.000000,2024-01-01 02:06:10.000000,8,2.1917898832684823,8.61,21.5844138443126,0.0390625,2829.3575279076504,563.2899999999998,0.622568093385214
2024-01-01 02:06:09.000000,2024-01-01 02:06:13.000000,8,-6.720661478599224,0.93,84.66246360981125,0.0390625,7862.573981240598,1727.2099999999996,0.2490272373540856
2024-01-01 02:06:12.000000,2024-01-01 02:06:16.000000,8,-15.820311284046692,-14.98,94.25680507128637,0.04296875,8231.137931811665,4065.8199999999997,-0.2490272373540856
2024-01-01 02:06:15.000000,2024-01-01 02:06:19.000000,8,-1.9009338521400778,6.02,45.53333664469927,0.05078125,4055.388333801404,488.53999999999974,1.1206225680933852
2024-01-01 02:06:18.000000,2024-01-01 02:06:22.000000,8,3.489260700389105,8.39,31.97151399094476,0.0390625,3710.4853377892177,896.7399999999996,0.622568093385214
2024-01-01 02:06:21.000000,2024-01-01 02:06:25.000000,8,-2.4486770428015556,1.34,38.29129391453359,0.0625,3400.012364026958,629.31,0.4980544747081712
2024-01-01 02:06:24.000000,2024-01-01 02:06:28.000000,8,-1.1584824902723734,-0.87,31.075994045103272,0.05078125,3646.6054832684035,297.73,-0.622568093385214
2024-01-01 02:06:27.000000,2024-01-01 02:06:31.000000,8,-1.1849027237354084,-0.52,26.816119133846644,0.046875,3420.3037144539157,304.52,0.622568093385214
2024-01-01 02:06:30.000000,2024-01-01 02:06:34.000000,8,0.43607003891050566,5.66,29.026978973417133,0.046875,3133.2777526146133,112.06999999999991,-0.622568093385214
2024-01-01 02:06:33.000000,2024-01-01 02:06:37.000000,8,-1.6583268482490277,2.52,32.61181299466504,0.04296875,5033.2791461238085,426.18999999999994,-0.622568093385214
2024-01-01 02:06:36.000000,2024-01-01 02:06:40.000000,8,-0.44926070038910565,15.08,46.492152805588354,0.0390625,5280.403129867007,115.46000000000015,0.622568093385214
2024-01-01 02:06:39.000000,2024-01-01 02:06:43.000000,8,0.4053696498054475,6.17,34.45120052957853,0.05078125,2362.749549097597,104.18000000000013,1.6186770428015564
2024-01-01 02:06:42.000000,2024-01-01 02:06:46.000000,8,-3.8375875486381323,-13.34,48.563154279065785,0.0703125,4180.083376037482,986.2600000000001,-0.2490272373540856
2024-01-01 02:06:45.000000,2024-01-01 02:06:49.000000,8,1.8719066147859929,-2.72,44.835498307256444,0.05859375,4401.627089354816,481.0799999999999,-0.2490272373540856
2024-01-01 02:06:48.000000,2024-01-01 02:06:52.000000,8,-1.3268093385214008,-9.54,51.738595768764945,0.03125,4596.891701551597,340.9899999999997,-0.3735408560311284
2024-01-01 02:06:51.000000,2024-01-01 02:06:55.000000,8,-2.1983268482490272,-4.14,44.368021387019304,0.03515625,5011.448221051711,564.9699999999997,-0.622568093385214
2024-01-01 02:06:54.000000,2024-01-01 02:06:58.000000,8,2.580544747081712,8.86,27.066257874465975,0.04296875,3513.5215103133723,663.1999999999998,-0.7470817120622568
2024-01-01 02:06:57.000000,2024-01-01 02:07:01.000000,8,0.5560700389105057,7.6,15.344420572253629,0.04296875,2220.5889050455958,142.91000000000003,-0.622568093385214
2024-01-01 02:07:00.000000,2024-01-01 02:07:04.000000,8,0.9361478599221789,7.24,21.77991967658919,0.04296875,2189.8879965687356,240.59000000000003,-0.622568093385214
2024-01-01 02:07:03.000000,2024-01-01 02:07:07.000000,8,-4.079455252918288,0.31,25.344435234550833,0.0390625,2387.779229192559,1048.4199999999996,-0.3735408560311284
2024-01-01 02:07:06.000000,2024-01-01 02:07:10.000000,8,-0.6981322957198445,-4.41,33.702184073763,0.04296875,3219.059691084697,179.42000000000013,-0.622568093385214
2024-01-01 02:07:09.000000,2024-01-01 02:07:13.000000,8,2.4915953307392993,9.25,26.22105234571742,0.0390625,3891.298560352481,640.34,0.622568093385214
2024-01-01 02:07:12.000000,2024-01-01 02:07:16.000000,8,-0.6375486381322957,4.78,21.31806569149103,0.0546875,2513.407056913346,163.84999999999988,0.622568093385214
2024-01-01 02:07:15.000000,2024-01-01 02:07:19.000000,8,-2.359494163424124,0.33,32.68071785724734,0.046875,3907.9466143618765,606.3899999999999,0.622568093385214
2024-01-01 02:07:18.000000,2024-01-01 02:07:22.000000,8,1.2971206225680934,7.17,37.26517882171371,0.0390625,4127.009908538402,333.3599999999997,0.3735408560311284
2024-01-01 02:07:21.000000,2024-01-01 02:07:25.000000,8,-1.354591439688716,4.0,18.772728826314324,0.0390625,2709.3822104104015,348.1299999999999,-0.622568093385214
2024-01-01 02:07:24.000000,2024-01-01 02:07:28.000000,8,-0.7139688715953307,6.37,17.956631973807816,0.0390625,2751.721896238502,183.49000000000007,0.622568093385214
2024-01-01 02:07:27.000000,2024-01-01 02:07:31.000000,8,1.9960311284046692,6.58,26.525005754575755,0.0546875,3454.0891907468003,512.9799999999998,0.622568093385214
2024-01-01 02:07:30.000000,2024-01-01 02:07:34.000000,8,2.103268482490273,1.39,37.51452704320411,0.04296875,3192.362701824851,540.54,0.7470817120622568
2024-01-01 02:07:33.000000,2024-01-01 02:07:37.000000,8,2.8610894941634246,5.24,20.028784178860324,0.05078125,1924.169674142878,735.2999999999998,-0.622568093385214
2024-01-01 02:07:36.000000,2024-01-01 02:07:40.000000,8,-2.0084824902723737,3.37,17.319994779807054,0.0390625,2735.3176164401934,516.1799999999998,0.622568093385214
2024-01-01 02:07:39.000000,2024-01-01 02:07:43.000000,8,1.117898832684825,2.75,26.13027741742518,0.05078125,1589.6717372943865,287.29999999999995,0.3735408560311284
2024-01-01 02:07:42.000000,2024-01-01 02:07:46.000000,8,-3.5987937743190654,-5.39,82.46367856531572,0.06640625,10160.106531158746,924.8899999999998,0.622568093385214
2024-01-01 02:07:45.000000,2024-01-01 02:07:49.000000,8,1.4657587548638125,-8.4,45.542588871101714,0.0390625,5190.630545111978,376.70000000000005,0.622568093385214
2024-01-01 02:07:48.000000,2024-01-01 02:07:52.000000,8,0.9115175097276265,0.27,23.407753949360327,0.0390625,2471.2317785331265,234.26000000000005,0.2490272373540856
2024-01-01 02:07:51.000000,2024-01-01 02:07:55.000000,8,6.948132295719844,3.28,18.409105286122806,0.04296875,1460.8318459572104,1785.6699999999998,0.0
2024-01-01 02:07:54.000000,2024-01-01 02:07:58.000000,8,-2.629844357976653,-7.35,20.816140446794677,0.046875,1926.2125088260443,675.87,0.1245136186770428
2024-01-01 02:07:57.000000,2024-01-01 02:08:01.000000,8,2.7736186770428013,8.34,41.820465419094155,0.0546875,4164.928347003135,712.82,0.622568093385214
2024-01-01 02:08:00.000000,2024-01-01 02:08:04.000000,8,-2.17704280155642,4.76,32.17807991720942,0.0390625,3518.9570862198657,559.5,0.4980544747081712
2024-01-01 02:08:03.000000,2024-01-01 02:08:07.000000,8,-0.7409338521400776,2.62,31.458467360247596,0.0390625,3584.8268495154334,190.41999999999996,0.622568093385214
2024-01-01 02:08:06.000000,2024-01-01 02:08:10.000000,8,-1.1435019455252917,1.36,27.002843878603276,0.05078125,2888.6583914884636,293.8800000000001,0.622568093385214
2024-01-01 02:08:09.000000,2024-01-01 02:08:13.000000,8,0.5106225680933855,8.61,23.794727808611196,0.0390625,3718.6820389305817,131.22999999999993,-0.622568093385214
2024-01-01 02:08:12.000000,2024-01-01 02:08:16.000000,8,-3.044085603112841,-1.77,26.784744317699182,0.03515625,3916.6145808580977,782.3299999999998,0.4980544747081712
2024-01-01 02:08:15.000000,2024-01-01 02:08:19.000000,8,-2.7812840466926074,5.36,26.27833756724174,0.0390625,2819.520653777839,714.79,-0.622568093385214
2024-01-01 02:08:18.000000,2024-01-01 02:08:22.000000,8,0.38964980544747074,8.51,32.827498290572024,0.04296875,2775.340854100221,100.14000000000024,0.3735408560311284
2024-01-01 02:08:21.000000,2024-01-01 02:08:25.000000,8,-2.6430739299610893,-2.79,50.616213167678985,0.05078125,4993.559434992082,679.2699999999998,-0.7470817120622568
2024-01-01 02:08:24.000000,2024-01-01 02:08:28.000000,8,-2.784396887159534,1.52,39.157992176501956,0.0390625,4352.179274942298,715.5899999999999,0.622568093385214
2024-01-01 02:08:27.000000,2024-01-01 02:08:31.000000,8,-2.1480155642023346,0.74,13.747716811565722,0.05078125,1687.9613291028224,552.04,0.622568093385214
2024-01-01 02:08:30.000000,2024-01-01 02:08:34.000000,8,0.07840466926070053,7.02,17.414312994038923,0.0390625,2611.234360438671,20.149999999999967,-0.622568093385214
2024-01-01 02:08:33.000000,2024-01-01 02:08:37.000000,8,1.0648249027237353,7.41,16.556391493487563,0.0390625,2293.31832874788,273.65999999999997,-0.622568093385214
2024-01-01 02:08:36.000000,2024-01-01 02:08:40.000000,8,-0.2592217898832685,6.22,15.604186067511609,0.03515625,2235.3439480457064,66.61999999999993,0.622568093385214
2024-01-01 02:08:39.000000,2024-01-01 02:08:43.000000,8,-0.5011284046692606,2.96,15.612211788367912,0.03515625,2425.0089752876333,128.79,0.622568093385214
2024-01-01 02:08:42.000000,2024-01-01 02:08:46.000000,8,0.39105058365758755,3.32,14.43906000992058,0.0390625,2269.417908864127,100.50000000000003,0.622568093385214
2024-01-01 02:08:45.000000,2024-01-01 02:08:49.000000,8,0.3133073929961091,5.99,17.725445393813004,0.03515625,2395.7427674719615,80.51999999999988,0.622568093385214
2024-01-01 02:08:48.000000,2024-01-01 02:08:52.000000,8,-1.5929961089494165,0.91,18.332459386567333,0.04296875,1898.2643580558224,409.3999999999999,-0.622568093385214
2024-01-01 02:08:51.000000,2024-01-01 02:08:55.000000,8,-3.236264591439688,0.6,30.204214860963003,0.046875,2449.7752315962457,831.72,0.4980544747081712
2024-01-01 02:08:54.000000,2024-01-01 02:08:58.000000,8,-5.665097276264591,-6.49,58.29917120653951,0.03515625,5735.055038063595,1455.9299999999998,-0.2490272373540856
2024-01-01 02:08:57.000000,2024-01-01 02:09:01.000000,8,-3.0199610894941626,-1.79,39.58745382553802,0.05078125,3896.100219658461,776.1300000000001,-0.622568093385214
2024-01-01 02:09:00.000000,2024-01-01 02:09:04.000000,8,-0.5494552529182879,1.75,17.36058121638908,0.04296875,2041.1229166156068,141.20999999999984,-0.7470817120622568
2024-01-01 02:09:03.000000,2024-01-01 02:09:07.000000,8,0.06805447470817168,3.16,18.27695488296385,0.04296875,1642.6418219536567,17.489999999999966,1.3696498054474708
2024-01-01 02:09:06.000000,2024-01-01 02:09:10.000000,8,4.469883268482491,7.5,49.65606150438175,0.0390625,5000.026104810646,1148.7600000000002,0.4980544747081712
2024-01-01 02:09:09.000000,2024-01-01 02:09:13.000000,8,-3.5343190661478596,3.17,60.98291770632104,0.03515625,8539.876912273536,908.3200000000002,-0.2490272373540856
2024-01-01 02:09:12.000000,2024-01-01 02:09:16.000000,8,1.3850194552529191,11.2,41.40783089552356,0.03125,5068.150039746763,355.95000000000005,0.4980544747081712
2024-01-01 02:09:15.000000,2024-01-01 02:09:19.000000,8,-4.211322957198443,-3.65,30.808841108202156,0.03515625,3532.8779790284307,1082.31,-0.4980544747081712
2024-01-01 02:09:18.000000,2024-01-01 02:09:22.000000,8,4.310544747081711,7.3,44.23958443466768,0.0390625,5345.447401867111,1107.8100000000002,-0.622568093385214
2024-01-01 02:09:21.000000,2024-01-01 02:09:25.000000,8,-2.9495719844357966,-4.16,40.330752033426194,0.0390625,5393.537129286413,758.04,-0.622568093385214
2024-01-01 02:09:24.000000,2024-01-01 02:09:28.000000,8,1.8296498054474706,2.8,26.751581471102025,0.0390625,3343.4932706932127,470.22,0.622568093385214
2024-01-01 02:09:27.000000,2024-01-01 02:09:31.000000,8,-0.16622568093385215,4.8,19.72666351101965,0.0390625,2849.158921030134,42.720000000000084,0.622568093385214
2024-01-01 02:09:30.000000,2024-01-01 02:09:34.000000,8,-2.6773929961089493,8.26,44.10172220424172,0.03515625,3993.712298031507,688.0899999999996,0.2490272373540856
2024-01-01 02:09:33.000000,2024-01-01 02:09:37.000000,8,-15.88178988326848,-29.32,58.430688679805094,0.03125,5677.219249620078,4081.62,-0.1245136186770428
2024-01-01 02:09:36.000000,2024-01-01 02:09:40.000000,8,1.0680155642023348,-2.17,37.92855096716071,0.04296875,3145.8633419794073,274.48000000000013,-0.2490272373540856
2024-01-01 02:09:39.000000,2024-01-01 02:09:43.000000,8,-1.6503891050583661,0.04,23.972537213924717,0.04296875,2743.7234321005703,424.1500000000001,0.622568093385214
2024-01-01 02:09:42.000000,2024-01-01 02:09:46.000000,8,0.4637354085603111,6.82,18.88114624826755,0.0390625,2539.697058821312,119.18000000000002,0.622568093385214
2024-01-01 02:09:45.000000,2024-01-01 02:09:49.000000,8,-0.6601556420233465,-0.08,28.39122564676771,0.046875,2607.250145537708,169.66,0.622568093385214
2024-01-01 02:09:48.000000,2024-01-01 02:09:52.000000,8,6.889922178988327,8.67,22.719890548953362,0.04296875,2831.534655522368,1770.71,-0.622568093385214
2024-01-01 02:09:51.000000,2024-01-01 02:09:55.000000,8,-3.2728404669260702,5.36,51.71050172242197,0.04296875,4391.06845873854,841.1199999999999,-0.622568093385214
2024-01-01 02:09:54.000000,2024-01-01 02:09:58.000000,8,4.829182879377432,12.56,40.31816858054295,0.04296875,2983.5895579691905,1241.1000000000001,-0.622568093385214
2024-01-01 02:09:57.000000,2024-01-01 02:10:01.000000,8,2.3804669260700377,8.22,46.72133473384913,0.0390625,4972.207291084796,611.7800000000001,0.622568093385214
2024-01-01 02:10:00.000000,2024-01-01 02:10:04.000000,8,3.00443579766537,15.2,59.237804346891444,0.04296875,3985.2454234283477,772.1400000000001,0.4980544747081712
2024-01-01 02:10:03.000000,2024-01-01 02:10:07.000000,8,9.729338521400779,9.87,28.752873632714735,0.046875,2566.133791389381,2500.4399999999996,0.622568093385214
2024-01-01 02:10:06.000000,2024-01-01 02:10:10.000000,8,-8.244902723735409,0.58,52.105029561040524,0.0234375,8240.206874979505,2118.9399999999996,0.2490272373540856
2024-01-01 02:10:09.000000,2024-01-01 02:10:13.000000,8,-1.257120622568093,8.43,38.00229174160816,0.03515625,3802.3427505042187,323.08,0.3735408560311284
2024-01-01 02:10:12.000000,2024-01-01 02:10:16.000000,8,-1.9959143968871598,1.88,17.867984135620024,0.0390625,2061.1760160385884,512.9499999999998,0.622568093385214
2024-01-01 02:10:15.000000,2024-01-01 02:10:19.000000,8,-0.43564202334630364,0.81,30.78480585546792,0.04296875,2927.93258780553,111.96,-0.4980544747081712
2024-01-01 02:10:18.000000,2024-01-01 02:10:22.000000,8,2.3027626459143966,9.16,23.629990853332966,0.04296875,2003.8505014950101,591.8099999999998,-0.4980544747081712
2024-01-01 02:10:21.000000,2024-01-01 02:10:25.000000,8,-0.13295719844357962,6.93,17.563471987396657,0.03515625,2614.710558780536,34.16999999999997,-0.622568093385214
2024-01-01 02:10:24.000000,2024-01-01 02:10:28.000000,8,-0.6328793774319069,-3.76,39.27691214459582,0.02734375,5184.7312765661345,162.64999999999992,-0.3735408560311284
2024-01-01 02:10:27.000000,2024-01-01 02:10:31.000000,8,-1.2114007782101173,-4.61,99.3214616412858,0.046875,8677.05502166982,311.33000000000027,-0.3735408560311284
2024-01-01 02:10:30.000000,2024-01-01 02:10:34.000000,8,15.912529182879378,12.52,53.479860266507096,0.0546875,4979.104609298562,4089.5199999999995,0.2490272373540856
2024-01-01 02:10:33.000000,2024-01-01 02:10:37.000000,8,0.43490272373540895,5.38,18.468512627764767,0.03515625,2652.536015617925,111.7699999999999,0.622568093385214
2024-01-01 02:10:36.000000,2024-01-01 02:10:40.000000,8,-0.8574319066147861,5.38,17.94008096687092,0.03515625,2804.6464363494974,220.35999999999999,0.622568093385214
2024-01-01 02:10:39.000000,2024-01-01 02:10:43.000000,8,1.1416731517509728,9.49,19.357029950840932,0.0390625,3033.8060094509474,293.41,0.622568093385214
2024-01-01 02:10:42.000000,2024-01-01 02:10:46.000000,8,0.741206225680933,4.73,41.12772280718884,0.0390625,4168.916278595822,190.4900000000001,0.622568093385214
2024-01-01 02:10:45.000000,2024-01-01 02:10:49.000000,8,0.5536186770428014,-1.38,21.361692690149805,0.03515625,2652.180256410644,142.27999999999994,-0.622568093385214
2024-01-01 02:10:48.000000,2024-01-01 02:10:52.000000,8,-0.4901945525291827,-0.81,33.66264916476609,0.046875,3247.6286930840533,125.98000000000013,-0.622568093385214
2024-01-01 02:10:51.000000,2024-01-01 02:10:55.000000,8,-3.1433852140077816,-0.57,60.432207522757984,0.04296875,6857.6758692945705,807.8499999999995,-0.622568093385214
2024-01-01 02:10:54.000000,2024-01-01 02:10:58.000000,8,2.9100389105058366,11.5,74.2711358043645,0.0390625,7728.92461468216,747.8799999999997,-0.4980544747081712
2024-01-01 02:10:57.000000,2024-01-01 02:11:01.000000,8,-0.32416342412451365,-2.57,64.88644991821337,0.04296875,6726.18562722594,83.31000000000037,-0.622568093385214
2024-01-01 02:11:00.000000,2024-01-01 02:11:04.000000,8,-1.8223735408560318,-0.56,46.55303174925798,0.0390625,4993.682753465565,468.3499999999998,-0.4980544747081712
2024-01-01 02:11:03.000000,2024-01-01 02:11:07.000000,8,8.306108949416345,7.35,49.07785438515608,0.03515625,4140.051033911724,2134.6699999999996,-0.622568093385214
2024-01-01 02:11:06.000000,2024-01-01 02:11:10.000000,8,0.5419844357976652,-4.51,64.04787828526021,0.05859375,5732.29060031549,139.2900000000003,-0.622568093385214
2024-01-01 02:11:09.000000,2024-01-01 02:11:13.000000,8,5.893501945525292,14.8,80.58424965932996,0.0546875,6839.63349491737,1514.629999999999,-0.622568093385214
2024-01-01 02:11:12.000000,2024-01-01 02:11:16.000000,8,1.5295330739299606,3.36,30.95032511591966,0.04296875,3728.0466742167787,393.0899999999997,0.7470817120622568
2024-01-01 02:11:15.000000,2024-01-01 02:11:19.000000,8,-1.5803891050583654,2.58,22.372051129098686,0.046875,2213.79141621441,406.1600000000001,0.622568093385214
2024-01-01 02:11:18.000000,2024-01-01 02:11:22.000000,8,-4.0664591439688715,-6.24,21.10308336826016,0.05859375,2004.0834940309278,1045.08,1.3696498054474708
2024-01-01 02:11:21.000000,2024-01-01 02:11:25.000000,8,2.946848249027237,2.12,24.200004273233866,0.05078125,2145.0724933569645,757.3400000000001,-0.622568093385214
2024-01-01 02:11:24.000000,2024-01-01 02:11:28.000000,8,-0.3312840466926068,6.96,19.499978232786784,0.03515625,2669.6032386007328,85.13999999999997,0.4980544747081712
2024-01-01 02:11:27.000000,2024-01-01 02:11:31.000000,8,-1.9543968871595327,0.85,21.557383172911788,0.03515625,3255.7211053397314,502.2799999999999,0.4980544747081712
2024-01-01 02:11:30.000000,2024-01-01 02:11:34.000000,8,-1.685875486381323,4.53,20.16770560396462,0.03515625,2351.646743636786,433.27,0.622568093385214
2024-01-01 02:11:33.000000,2024-01-01 02:11:37.000000,8,-0.417937743190662,3.63,26.62310103314618,0.046875,3530.6202109613587,107.41000000000003,-0.622568093385214
2024-01-01 02:11:36.000000,2024-01-01 02:11:40.000000,8,0.7431906614785988,7.37,25.565763039266255,0.046875,3803.5773469318715,190.99999999999994,-0.622568093385214
2024-01-01 02:11:39.000000,2024-01-01 02:11:43.000000,8,-1.768015564202334,2.82,28.023446704273475,0.03515625,3485.4378535925316,454.3799999999999,-0.4980544747081712
2024-01-01 02:11:42.000000,2024-01-01 02:11:46.000000,8,-0.4884824902723734,3.06,21.322092499272767,0.04296875,2202.1729129937685,125.54000000000008,-0.622568093385214
2024-01-01 02:11:45.000000,2024-01-01 02:11:49.000000,8,-0.7603891050583655,2.88,18.97045747680471,0.05078125,2171.366936555152,195.42000000000002,0.622568093385214
2024-01-01 02:11:48.000000,2024-01-01 02:11:52.000000,8,-0.31062256809338495,0.11,22.594108771389834,0.04296875,2743.7621326215954,79.82999999999996,0.3735408560311284
2024-01-01 02:11:51.000000,2024-01-01 02:11:55.000000,8,-1.3435408560311282,1.25,22.839372381322974,0.05078125,2209.82325246467,345.28999999999996,0.622568093385214
2024-01-01 02:11:54.000000,2024-01-01 02:11:58.000000,8,0.8706614785992217,3.34,23.34208096338802,0.04296875,2628.614266458241,223.76,-0.622568093385214
2024-01-01 02:11:57.000000,2024-01-01 02:12:01.000000,8,-0.856964980544747,-0.79,20.630208019798904,0.0546875,2432.6488028112,220.23999999999995,0.622568093385214
2024-01-01 02:12:00.000000,2024-01-01 02:12:04.000000,8,2.4441634241245134,7.24,20.757926408243748,0.0390625,2357.018104599397,628.1499999999999,-0.622568093385214
2024-01-01 02:12:03.000000,2024-01-01 02:12:07.000000,8,-0.1740077821011672,4.9,22.36151583671296,0.046875,3314.721138820664,44.71999999999998,-0.622568093385214
2024-01-01 02:12:06.000000,2024-01-01 02:12:10.000000,8,0.248871595330739,7.38,21.501872027217868,0.0390625,3223.8301630449723,63.960000000000065,-0.622568093385214
2024-01-01 02:12:09.000000,2024-01-01 02:12:13.000000,8,2.309571984435798,7.9,18.376196926675604,0.0390625,2707.189697756773,593.56,0.622568093385214
2024-01-01 02:12:12.000000,2024-01-01 02:12:16.000000,8,-0.03754863813229563,4.03,18.219118387746608,0.03515625,2577.1274426135005,9.650000000000118,0.622568093385214
2024-01-01 02:12:15.000000,2024-01-01 02:12:19.000000,8,0.010350194552529004,7.29,25.195257278504034,0.0390625,3636.952511251853,2.659999999999954,-0.622568093385214
2024-01-01 02:12:18.000000,2024-01-01 02:12:22.000000,8,2.0352918287937745,6.56,18.412476875739987,0.0390625,1977.1584396233097,523.0699999999999,0.622568093385214
2024-01-01 02:12:21.000000,2024-01-01 02:12:25.000000,8,0.2570038910505837,2.86,16.822252560898054,0.0390625,1863.0986909237815,66.04999999999998,-0.622568093385214
2024-01-01 02:12:24.000000,2024-01-01 02:12:28.000000,8,-0.4694552529182878,3.73,17.38139092487541,0.03515625,2141.8621301566313,120.65000000000009,-0.4980544747081712
2024-01-01 02:12:27.000000,2024-01-01 02:12:31.000000,8,1.4137743190661483,4.64,17.333532670505868,0.04296875,2215.15591902819,363.3399999999998,-0.622568093385214
2024-01-01 02:12:30.000000,2024-01-01 02:12:34.000000,8,-0.3196108949416342,4.0,16.950864625934447,0.046875,2434.9014666282455,82.13999999999994,-0.622568093385214
2024-01-01 02:12:33.000000,2024-01-01 02:12:37.000000,8,0.9593385214007782,8.87,19.478399513502435,0.0390625,2735.3144788053573,246.55,0.622568093385214
2024-01-01 02:12:36.000000,2024-01-01 02:12:40.000000,8,0.5068482490272369,4.73,22.356098873115993,0.03515625,3004.104869986307,130.26000000000005,-0.622568093385214
2024-01-01 02:12:39.000000,2024-01-01 02:12:43.000000,8,0.5551361867704279,5.52,19.47955791699435,0.04296875,2252.8222387486385,142.6699999999999,0.622568093385214
2024-01-01 02:12:42.000000,2024-01-01 02:12:46.000000,8,5.352996108949417,7.25,85.1386237811467,0.0546875,6446.5289057069895,1375.7200000000003,-0.7470817120622568
2024-01-01 02:12:45.000000,2024-01-01 02:12:49.000000,8,5.015680933852141,8.22,62.197090959713904,0.046875,5289.671626855399,1289.0299999999997,0.2490272373540856
2024-01-01 02:12:48.000000,2024-01-01 02:12:52.000000,8,-2.3942412451361865,7.11,31.532302625953257,0.0390625,4268.084439933523,615.3199999999997,0.622568093385214
2024-01-01 02:12:51.000000,2024-01-01 02:12:55.000000,8,-4.185058365758755,4.3,56.609542979468024,0.0546875,7043.191602570178,1075.5599999999997,-0.622568093385214
2024-01-01 02:12:54.000000,2024-01-01 02:12:58.000000,8,3.4168871595330743,11.47,44.1808638276078,0.04296875,4221.216410141013,878.1400000000002,0.622568093385214
2024-01-01 02:12:57.000000,2024-01-01 02:13:01.000000,8,-0.8499610894941632,9.03,36.54471969914538,0.0390625,5242.688754989902,218.4400000000002,-0.622568093385214
2024-01-01 02:13:00.000000,2024-01-01 02:13:04.000000,8,-0.8181322957198444,14.63,36.14519237262826,0.03515625,5149.010534002063,210.2600000000002,0.622568093385214
2024-01-01 02:13:03.000000,2024-01-01 02:13:07.000000,8,-3.8015564202334624,4.36,54.42450490621705,0.04296875,7420.8765022762545,976.9999999999994,0.622568093385214
2024-01-01 02:13:06.000000,2024-01-01 02:13:10.000000,8,2.0236575875486387,9.49,63.68952895326314,0.046875,6384.021147634556,520.0799999999998,0.622568093385214
2024-01-01 02:13:09.000000,2024-01-01 02:13:13.000000,8,4.417315175097277,19.62,42.60942414497857,0.04296875,5832.3087488709825,1135.2499999999995,0.622568093385214
2024-01-01 02:13:12.000000,2024-01-01 02:13:16.000000,8,-3.4999221789883275,8.35,39.394099286411794,0.04296875,5292.186078117035,899.4799999999998,-0.622568093385214
2024-01-01 02:13:15.000000,2024-01-01 02:13:19.000000,8,-1.4362256809338523,14.67,40.81388703801678,0.0390625,5940.041832203038,369.11,-0.622568093385214
2024-01-01 02:13:18.000000,2024-01-01 02:13:22.000000,8,-0.7188326848249033,14.82,41.892865146639856,0.0390625,6418.2006491140355,184.73999999999995,0.622568093385214
2024-01-01 02:13:21.000000,2024-01-01 02:13:25.000000,8,0.10023346303501943,9.12,37.789543040721355,0.04296875,4914.8216228514175,25.759999999999884,-0.622568093385214
2024-01-01 02:13:24.000000,2024-01-01 02:13:28.000000,8,0.4315175097276268,13.68,41.02351205159724,0.0390625,5495.244436638329,110.89999999999978,-0.622568093385214
2024-01-01 02:13:27.000000,2024-01-01 02:13:31.000000,8,3.1384046692607006,21.66,43.66715450095876,0.0390625,6146.587118962377,806.5700000000002,-0.622568093385214
2024-01-01 02:13:30.000000,2024-01-01 02:13:34.000000,8,1.3522957198443584,17.93,46.723427715049525,0.0390625,6861.23383147927,347.5400000000002,0.622568093385214
2024-01-01 02:13:33.000000,2024-01-01 02:13:37.000000,0,1.2340077821011677,16.26,47.04083401401717,0.04296875,6136.713219018754,317.1400000000002,0.622568093385214
2024-01-01 02:13:36.000000,2024-01-01 02:13:40.000000,0,0.24770428015564278,15.68,49.364653439097566,0.04296875,5945.851478990087,63.660000000000075,0.622568093385214
2024-01-01 02:13:39.000000,2024-01-01 02:13:43.000000,0,5.144085603112841,22.73,49.32192250798085,0.04296875,5075.961921092096,1322.03,0.622568093385214
2024-01-01 02:13:42.000000,2024-01-01 02:13:46.000000,0,3.4393774319066157,18.31,92.19899393813714,0.0625,7388.4824411579875,883.9199999999992,0.4980544747081712
2024-01-01 02:13:45.000000,2024-01-01 02:13:49.000000,0,0.3878988326848242,0.58,80.65892314112926,0.03515625,8163.385892154121,99.69000000000001,0.3735408560311284
2024-01-01 02:13:48.000000,2024-01-01 02:13:52.000000,0,-2.36988326848249,-10.77,103.60963569180932,0.0546875,10670.390959587405,609.06,0.622568093385214
2024-01-01 02:13:51.000000,2024-01-01 02:13:55.000000,0,-1.163307392996109,11.07,94.94374832731376,0.04296875,10953.358767035108,298.97000000000025,0.622568093385214
2024-01-01 02:13:54.000000,2024-01-01 02:13:58.000000,0,-5.399105058365759,10.02,64.66608953326367,0.0390625,7705.374993115763,1387.5699999999997,0.622568093385214
2024-01-01 02:13:57.000000,2024-01-01 02:14:01.000000,0,-0.6722957198443575,20.46,60.2270452494119,0.0390625,9266.305759524412,172.7799999999999,-0.622568093385214
2024-01-01 02:14:00.000000,2024-01-01 02:14:04.000000,0,-2.5246692607003878,13.56,99.75495382429807,0.046875,7776.663429288285,648.8399999999997,0.622568093385214
2024-01-01 02:14:03.000000,2024-01-01 02:14:07.000000,0,5.79715953307393,8.32,36.61514131532005,0.0546875,3068.5142083767464,1489.8699999999997,-0.622568093385214
2024-01-01 02:14:06.000000,2024-01-01 02:14:10.000000,0,0.3592607003891051,11.81,32.41278246355019,0.0390625,4782.085497825532,92.33000000000015,-0.622568093385214
2024-01-01 02:14:09.000000,2024-01-01 02:14:13.000000,0,2.454902723735409,13.28,29.33913784457812,0.0390625,4059.7296364256354,630.9099999999999,0.622568093385214
2024-01-01 02:14:12.000000,2024-01-01 02:14:16.000000,0,-0.8552918287937741,8.26,28.617782605613588,0.0390625,4314.118760443519,219.80999999999995,0.622568093385214
2024-01-01 02:14:15.000000,2024-01-01 02:14:19.000000,0,0.8335797665369649,10.89,30.436956701171088,0.0390625,4562.1381587148635,214.2299999999998,-0.622568093385214
2024-01-01 02:14:18.000000,2024-01-01 02:14:22.000000,0,3.2321011673151747,22.06,47.13148217459432,0.046875,4429.420950949044,830.6500000000001,0.622568093385214
2024-01-01 02:14:21.000000,2024-01-01 02:14:25.000000,0,4.066225680933852,19.96,42.68230953248658,0.046875,5130.236488369597,1045.0200000000002,0.7470817120622568
2024-01-01 02:14:24.000000,2024-01-01 02:14:28.000000,0,1.3421400778210115,9.82,37.45301587504738,0.05078125,5228.488105569477,344.9299999999999,-0.622568093385214
2024-01-01 02:14:27.000000,2024-01-01 02:14:31.000000,2,-3.755486381322958,-0.06,34.20022458374968,0.0625,4450.621801137954,965.1599999999997,0.622568093385214
2024-01-01 02:14:30.000000,2024-01-01 02:14:34.000000,2,0.43964980544747084,4.22,51.223602861486235,0.06640625,4737.715671391707,112.98999999999987,0.4980544747081712
2024-01-01 02:14:33.000000,2024-01-01 02:14:37.000000,2,-5.8984435797665355,2.48,64.27710388845192,0.05859375,5225.953294234085,1515.8999999999992,0.7470817120622568
2024-01-01 02:14:36.000000,2024-01-01 02:14:40.000000,2,6.846420233463036,18.51,49.398237993097624,0.0390625,6445.046903781468,1759.5299999999997,0.4980544747081712
2024-01-01 02:14:39.000000,2024-01-01 02:14:43.000000,2,-2.743385214007782,3.36,37.46883057512521,0.05078125,3312.637591950152,705.0500000000002,0.622568093385214
2024-01-01 02:14:42.000000,2024-01-01 02:14:46.000000,2,3.1804669260700384,12.49,43.843711954009194,0.0390625,6187.855535359163,817.3800000000001,0.622568093385214
2024-01-01 02:14:45.000000,2024-01-01 02:14:49.000000,2,-1.8418287937743192,12.43,40.69237862650787,0.0390625,6144.203106270114,473.35000000000025,0.622568093385214
2024-01-01 02:14:48.000000,2024-01-01 02:14:52.000000,2,1.1635019455252917,16.69,52.10249309684924,0.0390625,7762.106597995947,299.0199999999997,-0.622568093385214
2024-01-01 02:14:51.000000,2024-01-01 02:14:55.000000,2,-0.6748638132295716,13.74,46.34419602871311,0.0390625,6588.956176619816,173.43999999999969,-0.622568093385214
2024-01-01 02:14:54.000000,2024-01-01 02:14:58.000000,2,-3.0752529182879376,9.27,61.35829439806561,0.04296875,6208.267459766648,790.3399999999998,0.4980544747081712
2024-01-01 02:14:57.000000,2024-01-01 02:15:01.000000,2,-0.9926848249027238,3.19,67.54057772945968,0.05078125,6282.550648312678,255.12000000000032,-0.622568093385214
2024-01-01 02:15:00.000000,2024-01-01 02:15:04.000000,2,1.1352140077821007,7.56,23.784732137742868,0.05078125,2957.6068392460356,291.7499999999999,0.622568093385214
2024-01-01 02:15:03.000000,2024-01-01 02:15:07.000000,2,1.7159922178988327,8.94,22.429907243523413,0.04296875,3263.0986456847095,441.0099999999999,-0.622568093385214
2024-01-01 02:15:06.000000,2024-01-01 02:15:10.000000,2,0.10926070038910522,8.14,24.70341534139412,0.05078125,2744.25711125676,28.07999999999996,-0.622568093385214
2024-01-01 02:15:09.000000,2024-01-01 02:15:13.000000,2,-2.497392996108949,-1.33,65.28988706486332,0.0625,4740.493080318082,641.8299999999996,0.622568093385214
2024-01-01 02:15:12.000000,2024-01-01 02:15:16.000000,2,-0.19933852140077785,1.08,68.69470368809455,0.0625,6692.387742895524,51.23000000000033,0.4980544747081712
2024-01-01 02:15:15.000000,2024-01-01 02:15:19.000000,2,2.325252918287938,7.82,35.82922147845511,0.0390625,3356.8218031818133,597.5899999999999,-0.622568093385214
2024-01-01 02:15:18.000000,2024-01-01 02:15:22.000000,2,0.4320622568093384,8.6,75.9538604291438,0.0390625,7883.691463911129,111.03999999999971,0.3735408560311284
2024-01-01 02:15:21.000000,2024-01-01 02:15:25.000000,2,-2.8618287937743183,3.21,76.4818171977943,0.046875,6786.681679994392,735.4899999999997,-0.4980544747081712
2024-01-01 02:15:24.000000,2024-01-01 02:15:28.000000,2,3.7684046692606996,3.49,47.34075028640075,0.0546875,4902.766902978706,968.4799999999999,0.7470817120622568
2024-01-01 02:15:27.000000,2024-01-01 02:15:31.000000,2,-4.301439688715954,-0.91,31.2389441172365,0.0546875,3150.4747297140343,1105.4700000000003,0.3735408560311284
2024-01-01 02:15:30.000000,2024-01-01 02:15:34.000000,2,0.4413229571984439,-2.2,30.576452461296874,0.05078125,3833.6367625133607,113.42000000000024,-0.8715953307392996
2024-01-01 02:15:33.000000,2024-01-01 02:15:37.000000,2,2.099377431906615,-0.28,29.286247992631203,0.0546875,3252.316688483791,539.5399999999998,0.4980544747081712
2024-01-01 02:15:36.000000,2024-01-01 02:15:40.000000,2,1.1160311284046696,1.62,27.5485989854571,0.05859375,3368.215284903491,286.8199999999999,-0.8715953307392996
2024-01-01 02:15:39.000000,2024-01-01 02:15:43.000000,2,-0.8731906614785994,-2.39,17.912686646757166,0.05859375,1549.7011220630416,224.41000000000017,1.6186770428015564
2024-01-01 02:15:42.000000,2024-01-01 02:15:46.000000,2,-0.28793774319066157,-5.08,16.761460748801372,0.05078125,2192.8761946588534,74.0,0.8715953307392996
2024-01-01 02:15:45.000000,2024-01-01 02:15:49.000000,2,-0.723385214007782,3.93,44.05139112423053,0.0546875,4611.550834751671,185.90999999999983,0.8715953307392996
2024-01-01 02:15:48.000000,2024-01-01 02:15:52.000000,2,1.7450583657587544,-4.72,24.310107740927155,0.0546875,3738.270959408862,448.4799999999999,0.8715953307392996
2024-01-01 02:15:51.000000,2024-01-01 02:15:55.000000,2,0.2692217898832682,0.27,50.28376307596245,0.0625,3837.9153406890387,69.18999999999976,0.4980544747081712
2024-01-01 02:15:54.000000,2024-01-01 02:15:58.000000,2,-2.5017898832684833,-7.26,49.77312633718674,0.0546875,3755.1087852402857,642.9599999999999,0.8715953307392996
2024-01-01 02:15:57.000000,2024-01-01 02:16:01.000000,2,-0.44603112840466924,-5.59,23.126527513042834,0.0546875,2696.1777192317404,114.63000000000017,0.8715953307392996
2024-01-01 02:16:00.000000,2024-01-01 02:16:04.000000,2,0.7206614785992213,-3.09,26.974915386477342,0.046875,2800.1151953898034,185.20999999999995,0.8715953307392996
2024-01-01 02:16:03.000000,2024-01-01 02:16:07.000000,2,3.052645914396887,2.24,17.612282978699554,0.05859375,1560.1716151011865,784.5299999999999,0.7470817120622568
2024-01-01 02:16:06.000000,2024-01-01 02:16:10.000000,2,-0.7238132295719845,1.97,13.858405738800933,0.04296875,1401.1130070835966,186.01999999999998,-0.622568093385214
2024-01-01 02:16:09.000000,2024-01-01 02:16:13.000000,2,0.6803501945525293,2.07,40.82582236945766,0.0625,4163.937250230373,174.85000000000014,0.7470817120622568
2024-01-01 02:16:12.000000,2024-01-01 02:16:16.000000,2,0.81112840466926,5.18,47.2948964019888,0.0546875,5300.0963611915695,208.4599999999996,0.7470817120622568
2024-01-01 02:16:15.000000,2024-01-01 02:16:19.000000,2,-0.5662256809338521,2.26,32.5677018900934,0.05078125,3040.1403747100335,145.52000000000004,-0.622568093385214
2024-01-01 02:16:18.000000,2024-01-01 02:16:22.000000,2,0.05396887159533076,0.26,37.97966542439555,0.0546875,3909.903176718581,13.870000000000076,0.622568093385214
2024-01-01 02:16:21.000000,2024-01-01 02:16:25.000000,2,1.6347470817120617,8.4,34.06586252947647,0.04296875,2854.5216334361535,420.1299999999999,-0.7470817120622568
2024-01-01 02:16:24.000000,2024-01-01 02:16:28.000000,2,-0.9916731517509728,-5.65,25.68127821400743,0.06640625,2177.7024880940444,254.8599999999999,1.245136186770428
2024-01-01 02:16:27.000000,2024-01-01 02:16:31.000000,0,-0.5649416342412453,-11.15,44.92297105289493,0.0625,3173.0483735098637,145.1900000000001,0.622568093385214
2024-01-01 02:16:30.000000,2024-01-01 02:16:34.000000,0,0.5318287937743189,4.17,26.13410918049579,0.0546875,2826.4148522234364,136.68000000000004,-0.622568093385214
2024-01-01 02:16:33.000000,2024-01-01 02:16:37.000000,0,0.6145525291828794,9.19,21.410881248424694,0.0390625,3226.1589519977438,157.9400000000001,-0.622568093385214
2024-01-01 02:16:36.000000,2024-01-01 02:16:40.000000,0,-1.3281712062256807,6.9,21.408778923652413,0.03515625,3078.847113329427,341.34,-0.622568093385214
2024-01-01 02:16:39.000000,2024-01-01 02:16:43.000000,0,0.12151750972762652,8.89,22.113058492467616,0.03515625,2269.1107637367186,31.229999999999908,0.622568093385214
2024-01-01 02:16:42.000000,2024-01-01 02:16:46.000000,0,0.5264591439688717,9.86,21.855822779444576,0.03515625,2285.0924292400855,135.29999999999995,0.622568093385214
2024-01-01 02:16:45.000000,2024-01-01 02:16:49.000000,0,-2.1866926070038906,1.97,23.205219365808563,0.0390625,2374.422685565977,561.9799999999999,0.4980544747081712
2024-01-01 02:16:48.000000,2024-01-01 02:16:52.000000,0,0.7966926070038909,9.93,21.74580734452728,0.03515625,2790.813437483789,204.75000000000003,0.4980544747081712
2024-01-01 02:16:51.000000,2024-01-01 02:16:55.000000,0,1.2211673151750975,10.99,21.5048824624968,0.03125,3145.347081518701,313.83999999999986,0.4980544747081712
2024-01-01 02:16:54.000000,2024-01-01 02:16:58.000000,0,0.45610894941634245,6.88,21.342390285107097,0.03515625,3060.498104388352,117.22000000000008,0.4980544747081712
2024-01-01 02:16:57.000000,2024-01-01 02:17:01.000000,0,-0.9225680933852138,3.49,22.206372053655773,0.03515625,2987.2863440792526,237.1,-0.4980544747081712
2024-01-01 02:17:00.000000,2024-01-01 02:17:04.000000,0,-0.9227237354085603,5.38,23.46116118095044,0.03515625,3277.6178119532897,237.14,0.4980544747081712
2024-01-01 02:17:03.000000,2024-01-01 02:17:07.000000,0,1.2470428015564203,10.24,21.619263324395842,0.03515625,2520.9161464406807,320.48999999999995,0.4980544747081712
2024-01-01 02:17:06.000000,2024-01-01 02:17:10.000000,0,0.4222178988326848,6.97,20.980689245913364,0.03515625,2093.1335204678326,108.50999999999988,0.622568093385214
2024-01-01 02:17:09.000000,2024-01-01 02:17:13.000000,0,-2.1086770428015567,2.57,24.448831895521046,0.03515625,2961.315157330795,541.9299999999997,-0.4980544747081712
2024-01-01 02:17:12.000000,2024-01-01 02:17:16.000000,0,1.2419455252918286,10.09,25.462153411610647,0.03515625,2931.5942316452324,319.1799999999998,0.4980544747081712
2024-01-01 02:17:15.000000,2024-01-01 02:17:19.000000,0,1.4640856031128404,9.76,25.438023582611883,0.03515625,3282.840696826779,376.26999999999987,0.4980544747081712
2024-01-01 02:17:18.000000,2024-01-01 02:17:22.000000,0,-1.3212451361867708,3.55,23.668009643289185,0.03515625,2954.214707210288,339.55999999999995,0.4980544747081712
2024-01-01 02:17:21.000000,2024-01-01 02:17:25.000000,0,-1.8712840466926073,3.55,24.764423028896893,0.03515625,3383.978512846531,480.9200000000001,-0.4980544747081712
2024-01-01 02:17:24.000000,2024-01-01 02:17:28.000000,0,2.4621400778210116,10.44,22.971877484607163,0.03515625,2737.446365640229,632.77,0.622568093385214
2024-01-01 02:17:27.000000,2024-01-01 02:17:31.000000,0,-0.6231906614785993,4.08,23.862203686581683,0.03515625,2574.147654156564,160.15999999999985,0.622568093385214
2024-01-01 02:17:30.000000,2024-01-01 02:17:34.000000,0,-1.8347081712062256,4.06,23.358128620855084,0.03515625,3543.1461929876295,471.52,0.4980544747081712
2024-01-01 02:17:33.000000,2024-01-01 02:17:37.000000,0,1.757081712062257,11.49,23.072080844544626,0.03515625,2461.4788735890274,451.5699999999998,-0.622568093385214
2024-01-01 02:17:36.000000,2024-01-01 02:17:40.000000,0,-0.6051361867704281,8.55,24.039203496924284,0.0390625,3402.838093844501,155.51999999999987,0.622568093385214
2024-01-01 02:17:39.000000,2024-01-01 02:17:43.000000,0,1.5122178988326849,10.81,23.71451347505541,0.0390625,3062.7275171120405,388.63999999999976,0.622568093385214
2024-01-01 02:17:42.000000,2024-01-01 02:17:46.000000,0,-0.8110505836575875,4.68,23.50431518030438,0.03515625,2686.8721093612485,208.44000000000005,0.4980544747081712
2024-01-01 02:17:45.000000,2024-01-01 02:17:49.000000,0,-1.127354085603113,6.15,25.02113850083644,0.03515625,2472.388207222928,289.7299999999999,0.622568093385214
2024-01-01 02:17:48.000000,2024-01-01 02:17:52.000000,0,2.1179766536964983,12.68,25.136917505361062,0.03125,2689.1772173580785,544.3199999999997,0.4980544747081712
2024-01-01 02:17:51.000000,2024-01-01 02:17:55.000000,0,-0.9484435797665367,4.35,24.5356794868329,0.03515625,2712.4151713805413,243.74999999999994,0.4980544747081712
2024-01-01 02:17:54.000000,2024-01-01 02:17:58.000000,0,-1.1510894941634238,5.53,24.608372391873385,0.03515625,3105.7289369628356,295.83000000000004,0.4980544747081712
2024-01-01 02:17:57.000000,2024-01-01 02:18:01.000000,0,1.8771984435797668,11.39,24.524322412186482,0.03515625,2789.8945764481646,482.43999999999994,0.4980544747081712
2024-01-01 02:18:00.000000,2024-01-01 02:18:04.000000,0,-1.213657587548638,5.4,26.282726605506426,0.03515625,3163.5139975739708,311.90999999999997,-0.622568093385214
2024-01-01 02:18:03.000000,2024-01-01 02:18:07.000000,0,0.13093385214007774,8.42,27.44448912804743,0.03515625,2943.868502245263,33.65000000000009,0.622568093385214
2024-01-01 02:18:06.000000,2024-01-01 02:18:10.000000,0,0.011945525291828796,7.24,26.006255679766674,0.03125,4020.764958928696,3.069999999999874,0.4980544747081712
2024-01-01 02:18:09.000000,2024-01-01 02:18:13.000000,0,0.08556420233463027,9.04,25.365413963886702,0.03125,3633.1029563690167,21.98999999999993,-0.4980544747081712
2024-01-01 02:18:12.000000,2024-01-01 02:18:16.000000,0,-0.6395719844357978,6.42,26.56304663061943,0.03515625,3104.96593310382,164.36999999999992,0.622568093385214
2024-01-01 02:18:15.000000,2024-01-01 02:18:19.000000,0,0.17058365758754854,9.68,27.020575089617132,0.03515625,2599.588790530611,43.839999999999776,0.622568093385214
2024-01-01 02:18:18.000000,2024-01-01 02:18:22.000000,0,1.1907782101167315,11.21,24.420671686954545,0.03515625,3186.8025576579457,306.02999999999986,-0.622568093385214
2024-01-01 02:18:21.000000,2024-01-01 02:18:25.000000,0,-1.0486381322957201,7.29,24.085744537691713,0.03515625,3477.9828391504284,269.5,-0.622568093385214
2024-01-01 02:18:24.000000,2024-01-01 02:18:28.000000,0,-0.6205058365758751,7.7,23.564504410288464,0.03515625,3402.5651486457973,159.46999999999997,-0.622568093385214
2024-01-01 02:18:27.000000,2024-01-01 02:18:31.000000,0,0.10583657587548656,7.62,23.985993849694097,0.03515625,2645.0490915494183,27.199999999999974,0.622568093385214
2024-01-01 02:18:30.000000,2024-01-01 02:18:34.000000,0,-0.9338132295719844,5.93,23.836116755146605,0.03515625,3334.203380548462,239.98999999999995,0.622568093385214
2024-01-01 02:18:33.000000,2024-01-01 02:18:37.000000,0,-0.19482490272373537,6.62,25.56313937289642,0.03515625,2516.0143400920006,50.07000000000012,0.4980544747081712
2024-01-01 02:18:36.000000,2024-01-01 02:18:40.000000,0,1.233579766536965,11.01,26.098530228807203,0.03125,3276.8450213919127,317.0299999999998,0.4980544747081712
2024-01-01 02:18:39.000000,2024-01-01 02:18:43.000000,0,-1.4051750972762647,6.75,26.68490631549748,0.0390625,3722.8798418573783,361.1299999999999,0.622568093385214
2024-01-01 02:18:42.000000,2024-01-01 02:18:46.000000,0,2.019299610894942,11.79,26.69916822454473,0.03515625,2763.8503196017236,518.9599999999998,0.622568093385214
2024-01-01 02:18:45.000000,2024-01-01 02:18:49.000000,0,-1.900817120622568,-1.72,26.520936299843004,0.05078125,2212.6894770075,488.50999999999993,0.622568093385214
2024-01-01 02:18:48.000000,2024-01-01 02:18:52.000000,0,1.1303501945525292,-5.25,31.753150586083734,0.05078125,2885.249847963916,290.4999999999998,-0.622568093385214
2024-01-01 02:18:51.000000,2024-01-01 02:18:55.000000,0,-3.46420233463035,-5.96,29.81124147379476,0.0625,3481.7617171891065,890.3,-0.7470817120622568
2024-01-01 02:18:54.000000,2024-01-01 02:18:58.000000,0,-3.1724124513618674,-6.41,33.463807811124,0.0546875,3373.172797434032,815.3099999999998,0.7470817120622568
2024-01-01 02:18:57.000000,2024-01-01 02:19:01.000000,0,0.8580544747081713,-1.31,14.198789894966263,0.05859375,1399.199972032569,220.51999999999992,1.6186770428015564
2024-01-01 02:19:00.000000,2024-01-01 02:19:04.000000,0,1.6651750972762644,0.04,26.812147871895256,0.0546875,2650.3468769225983,427.95000000000005,0.3735408560311284
2024-01-01 02:19:03.000000,2024-01-01 02:19:07.000000,0,2.0444357976653693,0.34,24.50180766156527,0.05078125,2612.351569975085,525.42,-0.7470817120622568
